timestamp_ns,rx_bytes,tx_bytes
1789033004210704715,8422820436909,8669197153216
1789033005225029301,8422820440735,8669197155346
1789033006238597658,8422820444804,8669197157160
1789033007252128948,8422820448551,8669197159188
1789033008265419376,8422820545723,8669197163388
1789033009279035747,8422820551920,8669197164834
1789033010292788856,8422820555793,8669197166928
1789033011306355430,8422820559189,8669197168212
1789033012320076038,8422820564995,8669197171073
1789033013333912539,8422820662216,8669197174244
1789033014347318838,8422820665970,8669197175826
1789033015361050034,8422820670689,8669197178199
1789033016374755577,8422820674711,8669197180376
1789033017388294176,8422820678190,8669197181809
1789033018402160023,8422872360751,8669248863789
1789033019416293060,8422929240801,8669305666573
1789033020430178273,8422985948245,8669364094689
1789033021443735974,8423048001187,8669424564203
1789033022457480681,8423099884750,8669478626442
1789033023471150731,8423179063851,8669555850324
1789033024485745010,8423218615982,8669597596285
1789033025499452246,8423260432792,8669639385223
1789033026513211305,8423310956817,8669687718240
1789033027526950012,8423364023948,8669740765801
1789033028540702334,8423392695999,8669771524917
1789033029554703425,8423445447532,8669820011315
1789033030568847105,8423496105258,8669875153103
1789033031582600712,8423554467361,8669925703783
1789033032596295515,8423601603222,8669978542880
1789033033610157650,8423654955097,8670031282039
1789033034623849105,8423712096807,8670089576398
1789033035637619360,8423767032814,8670136748047
1789033036651342381,8423813200179,8670189581014
1789033037664908962,8423865966504,8670242320215
1789033038678466869,8423892399415,8670270872429
1789033039692044396,8423945256511,8670323600229
1789033040705949379,8423997987363,8670376368103
1789033041719889967,8424050712165,8670426898237
1789033042734028297,8424103609881,8670479774364
1789033043747720468,8424156405116,8670532689634
1789033044761469889,8424188251607,8670559063189
1789033045775092076,8424237876625,8670618618352
1789033046788752578,8424295163296,8670669702613
1789033047802342935,8424378041993,8670753856956
1789033048815782299,8424415305942,8670792582535
1789033049829497999,8424461979323,8670839052799
1789033050843143350,8424508466341,8670883975437
1789033051856888644,8424545651200,8670922894699
1789033052871036512,8424583228182,8670960219641
1789033053884846669,8424622011818,8670995848181
1789033054898453581,8424676569480,8671051889090
1789033055912678510,8424716850770,8671093045767
1789033056926483714,8424769538527,8671144838300
1789033057940346691,8424810028441,8671182033557
1789033058953951061,8424862771116,8671237860105
1789033059967674894,8424899960753,8671275412891
1789033060981334513,8424937169826,8671314133109
1789033061994917023,8424992932926,8671368451523
1789033063008762417,8425030153791,8671407174142
1789033064022332132,8425070494796,8671447451638
1789033065035861554,8425123168538,8671498657695
1789033066049608720,8425163547738,8671535951999
1789033067063016427,8425216249420,8671591749579
1789033068076929951,8425271329804,8671647120843
1789033069090597793,8425309717516,8671685138261
1789033070104258378,8425355532474,8671730932241
1789033071117841388,8425393506894,8671768910936
1789033072131350351,8425439785256,8671815439926
1789033073145169133,8425478590731,8671854026446
1789033074158816509,8425525303744,8671900683300
1789033075172497382,8425565019508,8671940746477
1789033076186118577,8425611605611,8671986995904
1789033077199960203,8425651250966,8672026648474
1789033078214260037,8425778821145,8672065266857
1789033079227959589,8426010108033,8672303587591
1789033080241588109,8426166442524,8672662331781
1789033081255355224,8426434472688,8672913690813
1789033082269015855,8426642980349,8673115480331
1789033083282749214,8426976435269,8673345880306
1789033084296286554,8427179280649,8673716182462
1789033085310095638,8427516440535,8673872122836
1789033086324120802,8427754886953,8674150072995
1789033087337877406,8427914161003,8674470112584
1789033088351449871,8428211235519,8674705907226
1789033089365022911,8428380836817,8674946692324
1789033090378631272,8428677189548,8675122937805
1789033091392287114,8428887091283,8675470437446
1789033092406106735,8429125355192,8675708291901
1789033093420071126,8429373727911,8676044835083
1789033094433908836,8429698066333,8676254361391
1789033095447644316,8429929573502,8676549088789
1789033096461391286,8430206852005,8676810178693
1789033097475209727,8430425909102,8677071327384
1789033098488885274,8430723561629,8677326365925
1789033099502571574,8430991543383,8677564708207
1789033100516312222,8431160475643,8677838164846
1789033101529930674,8431438288155,8678065955125
1789033102543676388,8431676484216,8678314971554
1789033103557474428,8431885093436,8678612641149
1789033104571154479,8432143511859,8678991439281
1789033105584751387,8432411558719,8679313640628
1789033106598468396,8432651426846,8679529420279
1789033107612153649,8433022380689,8679738229760
1789033108625827954,8433136360961,8680213874719
1789033109639465126,8433496166695,8680274157699
1789033110653454759,8433701757276,8680611334207
1789033111667070804,8433990600595,8680790299175
1789033112680838778,8434147217873,8681176883818
1789033113694509546,8434485784961,8681341701241
1789033114708263850,8434654965414,8681778649807
1789033115721981952,8434872609547,8682020592199
1789033116735705213,8435171003539,8682219368712
1789033117749765627,8435334262213,8682556449433
1789033118763621573,8435697078476,8682756862547
1789033119777836882,8435796907662,8683131972841
1789033120791709425,8436045043049,8683354594775
1789033121805671645,8436461137097,8683500751498
1789033122819755865,8436592193250,8684005344801
1789033123834617680,8436967829815,8684204457887
1789033124848631166,8437344542899,8684353685536
1789033125864703213,8437506653644,8684720630614
1789033126878701976,8437610797236,8684867114866
1789033127892559055,8437657888703,8684914211721
1789033128906165618,8437700148701,8684960759747
1789033129919613650,8437744735553,8685000974567
1789033130933288720,8437792243432,8685048507807
1789033131946977728,8437832322466,8685088851698
1789033132960539671,8437879828021,8685136101030
1789033133974691403,8437920816845,8685177233686
1789033134989085703,8437969315379,8685225794534
1789033136002680359,8438017953014,8685274148596
1789033137016184882,8438058452130,8685315068492
1789033138029846032,8438107213673,8685363422947
1789033139043316622,8438155591011,8685412119836
1789033140057090829,8438198244043,8685454470221
1789033141070778863,8438247506830,8685504081821
1789033142084371592,8438296622061,8685552853956
1789033143098232905,8438338377993,8685594644613
1789033144111826714,8438386437828,8685642984624
1789033145126033851,8438435619693,8685691793745
1789033146139680388,8438477346636,8685733582662
1789033147153476807,8438526118728,8685782428069
1789033148167246999,8438574804272,8685831198108
1789033149180892916,8438616268478,8685872976938
1789033150194534586,8438665101398,8685921711909
1789033151208354265,8438714293930,8685970898265
1789033152222447244,8438756481910,8686012832516
1789033153236245392,8438804019156,8686060701400
1789033154249876761,8438852536456,8686109191164
1789033155264161883,8438895041360,8686151398113
1789033156277907022,8438942974025,8686199363445
1789033157291392476,8438991119244,8686247755345
1789033158305415956,8439033094624,8686289966463
1789033159319005546,8439081898249,8686338461146
1789033160332838911,8439131153016,8686387835741
1789033161346691489,8439172495649,8686429363984
1789033162360500292,8439222106667,8686478586915
1789033163374226683,8439271718144,8686528328851
1789033164387921872,8439313095938,8686569706351
1789033165401705510,8439362349767,8686618940879
1789033166415297344,8439411960031,8686668585103
1789033167428797190,8439454558834,8686711218019
1789033168442225639,8439503325710,8686760028528
1789033169455989790,8439553382045,8686810163330
1789033170469933118,8439595621787,8686852299664
1789033171483720760,8439644592466,8686901521150
1789033172497581139,8439692734705,8686949903686
1789033173511293163,8439734499505,8686991275117
1789033174524906429,8439783306149,8687040122937
1789033175538576506,8439832148213,8687089039557
1789033176552663161,8439874754578,8687131606524
1789033177566345138,8439923107069,8687179996287
1789033178579877032,8439972713942,8687229641150
1789033179593636209,8440014508413,8687271495191
1789033180607348095,8440062918263,8687319873249
1789033181621093198,8440112110543,8687369097183
1789033182635348503,8440153460719,8687410893912
1789033183649303766,8440202846416,8687460123033
1789033184662776747,8440251869120,8687508964384
1789033185676495924,8440294143987,8687551552254
1789033186690345178,8440343362733,8687600779728
1789033187703933571,8440389008833,8687711058921
1789033188717913313,8440730678046,8687953784848
1789033189731573971,8441012420760,8688221921930
1789033190745448117,8441239300341,8688519644694
1789033191759085754,8441410854587,8688797429552
1789033192772881484,8441670073067,8689035802630
1789033193786715061,8441886119039,8689284004328
1789033194800411521,8442188603856,8689512491120
1789033195814134368,8442356915024,8689760557864
1789033196828004013,8442643240360,8690005596543
1789033197841644493,8442861617018,8690217351647
1789033198855425424,8443050517844,8690530168010
1789033199869138571,8443358066171,8690779768117
1789033200882802715,8443576709451,8691107525623
1789033201896508738,8443799986174,8691447578422
1789033202910137790,8444102755978,8691686026769
1789033203923767482,8444419994363,8691854972077
1789033204937577920,8444579253738,8692201326727
1789033205952436564,8444860362254,8692400787221
1789033206967392761,8444986687424,8692787406595
1789033207982219416,8445247821344,8692926635108
1789033208996907169,8445492630113,8693205902604
1789033210011442899,8445711567911,8693551607506
1789033211025110629,8446077938216,8693780212382
1789033212038821594,8446385688497,8693978996298
1789033213052582579,8446554746848,8694322106510
1789033214066338890,8446911623533,8694530946908
1789033215080141508,8447159841151,8694842216439
1789033216093857462,8447347638890,8695228860366
1789033217107649202,8447705534658,8695447484882
1789033218121347868,8448033124164,8695646326122
1789033219135231200,8448123600192,8696052737018
1789033220149469951,8448365656587,8696241487868
1789033221163246215,8448708552427,8696392812747
1789033222177610104,8448861578546,8696787331770
1789033223191763257,8449106209553,8697065356559
1789033224205530668,8449344422548,8697283820801
1789033225219286315,8449681583392,8697412572136
1789033226233205188,8449949598041,8697665237739
1789033227246767726,8450105952112,8698097703094
1789033228260874457,8450485485485,8698197643366
1789033229274785972,8450595369090,8698643578984
1789033230288235645,8450889269485,8698832560743
1789033231302034906,8451157064191,8699001613128
1789033232315810796,8451389345662,8699279402626
1789033233329715785,8451686855174,8699460322069
1789033234343552593,8451863226542,8699835126268
1789033235357380398,8452123915542,8699974405251
1789033236371364906,8452198020712,8700370684951
1789033237385807927,8452409454941,8700388348362
1789033238399671400,8452459128054,8700438447068
1789033239413477882,8452508241593,8700487251133
1789033240427624921,8452550430673,8700529549516
1789033241441685136,8452599853251,8700578744706
1789033242455414933,8452648607450,8700627515133
1789033243469192199,8452691951922,8700670944432
1789033244482906953,8452741195790,8700720134757
1789033245497528740,8452790819415,8700770040296
1789033246511230636,8452840472454,8700819425788
1789033247524903895,8452882620122,8700861590934
1789033248538438005,8452931819846,8700911202387
1789033249552103138,8452981413290,8700960807567
1789033250565752575,8453023176389,8701002553466
1789033251579385056,8453072374985,8701051322261
1789033252593238303,8453121756784,8701100927120
1789033253606902032,8453163443513,8701142677307
1789033254620500733,8453213016914,8701192284927
1789033255634377185,8453262109896,8701241047681
1789033256648020328,8453304334625,8701283359347
1789033257661800354,8453353567708,8701332818990
1789033258675393752,8453402363364,8701381586663
1789033259689454887,8453444840931,8701423757318
1789033260704083126,8453493620806,8701472525794
1789033261718209173,8453542851957,8701521710616
1789033262732685527,8453584587542,8701563890065
1789033263746634492,8453634586961,8701613491658
1789033264760177429,8453683344593,8701662521931
1789033265773955855,8453725959431,8701704903252
1789033266787835892,8453774775316,8701753675244
1789033267801700922,8453822270630,8701801181773
1789033268815478110,8453864010022,8701843353457
1789033269829240481,8453913604300,8701892542521
1789033270842930321,8453963225372,8701942144991
1789033271856580827,8454012267294,8701992588546
1789033272870720521,8454055030641,8702033921811
1789033273884454160,8454097128264,8702076066612
1789033274898260297,8454138430433,8702117338646
1789033275911986896,8454187241269,8702166193497
1789033276925683306,8454237501641,8702216578158
1789033277939207184,8454279960363,8702259181471
1789033278952775068,8454329901359,8702308802838
1789033279966450620,8454378739838,8702357577882
1789033280980064203,8454420956412,8702399764805
1789033281993809168,8454471038670,8702449794816
1789033283007631879,8454518971490,8702497735935
1789033284021400518,8454561147896,8702539915047
1789033285035023506,8454610755091,8702589537032
1789033286049089022,8454659328065,8702637895727
1789033287063415470,8454701989508,8702680494533
1789033288077871495,8454751590792,8702730107781
1789033289091913011,8454800355643,8702778923514
1789033290106047397,8454841376833,8702820221583
1789033291120053726,8454890833118,8702869415462
1789033292133878039,8454938479030,8702917005690
1789033293147589806,8454980658707,8702959120027
1789033294161347157,8455030265033,8703008738779
1789033295174778159,8455079066842,8703057930290
1789033296189468590,8455122080307,8703100573234
1789033297203460012,8455171751023,8703150165669
1789033298217144300,8455395694971,8703364720836
1789033299230807146,8455598223590,8703583115506
1789033300244420315,8455852904573,8703866327778
1789033301258396351,8456071571729,8704186482346
1789033302272007559,8456388999916,8704377241541
1789033303285825602,8456610353096,8704615430216
1789033304299407686,8456865489739,8704873509793
1789033305312994552,8457103865597,8705166247804
1789033306326801047,8457362227710,8705439748696
1789033307340582292,8457610479931,8705733867657
1789033308354416947,8457848771603,8705953513424
1789033309368780520,8457978352085,8706322106583
1789033310382482889,8458236374219,8706550518523
1789033311396524083,8458474668709,8706757937717
1789033312410284308,8458660613076,8707056712893
1789033313424057471,8458852389762,8707304828623
1789033314437992029,8459100658997,8707572865230
1789033315451561627,8459488653872,8707623268867
1789033316465649542,8459685939368,8707912573197
1789033317480505657,8459863482824,8708179038524
1789033318494332628,8460113241645,8708417349093
1789033319508234441,8460362491453,8708744802849
1789033320522461381,8460560477746,8709093257150
1789033321536425418,8460798863929,8709359905094
1789033322550266817,8461066804493,8709608937162
1789033323566684160,8461265245817,8709747280505
1789033324580763201,8461592500859,8709916441970
1789033325594609598,8461781341197,8710189468996
1789033326609909219,8461960348379,8710534106100
1789033327623815650,8462258014453,8710727396807
1789033328638847359,8462529885125,8711017965498
1789033329653029957,8462679572987,8711275904393
1789033330667497041,8463002680031,8711480587175
1789033331681602444,8463339981391,8711693463190
1789033332695283985,8463538939966,8712050483944
1789033333709100918,8463737610040,8712298846541
1789033334722705600,8464021801090,8712536958508
1789033335736312686,8464293408171,8712804994681
1789033336750237736,8464521935036,8713092730602
1789033337763912765,8464779956430,8713263656139
1789033338779433078,8464988681827,8713569337022
1789033339793613651,8465147873137,8713896542408
1789033340807630685,8465409332497,8714095275229
1789033341821522289,8465610685070,8714353348591
1789033342835193987,8465814576263,8714640981627
1789033343851539555,8466053980713,8714948528841
1789033344867168201,8466477672782,8714966875973
1789033345881481133,8466494062228,8715213445447
1789033346895756869,8466543889689,8715263063514
1789033347910057949,8466593919499,8715312772116
1789033348923862376,8466636099529,8715355079688
1789033349937778654,8466685703483,8715404692624
1789033350951546129,8466721189973,8715439975780
1789033351965390998,8466770858858,8715490018267
1789033352978870346,8466820085658,8715539114145
1789033353992538244,8466870107945,8715589251807
1789033355006139556,8466912288920,8715631014306
1789033356020081600,8466962321752,8715681056250
1789033357033777679,8467011706986,8715730677910
1789033358047502724,8467054341703,8715772868107
1789033359061250176,8467103517686,8715822058862
1789033360074710650,8467153103184,8715871660623
1789033361088315048,8467196028161,8715914675598
1789033362102507549,8467246069252,8715964702599
1789033363116425570,8467296840017,8716015567523
1789033364130289399,8467346225325,8716065018283
1789033365144294424,8467388803695,8716107341877
1789033366158412856,8467438351528,8716156955121
1789033367172159421,8467487626939,8716206145131
1789033368185772530,8467530307477,8716249152918
1789033369199476174,8467579412058,8716297996875
1789033370213236607,8467629424215,8716347953506
1789033371226846514,8467671581919,8716390118407
1789033372240667129,8467720883666,8716439729724
1789033373254459605,8467770027577,8716489163709
1789033374268684375,8467820313908,8716539539199
1789033375282422805,8467863072619,8716582205417
1789033376296164715,8467914032049,8716633417074
1789033377309709318,8467964457711,8716683861827
1789033378323610458,8468007034708,8716726028835
1789033379337335690,8468056630007,8716775814184
1789033380351058065,8468106222529,8716825311424
1789033381364678611,8468155816459,8716874954500
1789033382378304311,8468198456894,8716917542392
1789033383392012922,8468248079415,8716967112389
1789033384405901959,8468297854585,8717016720645
1789033385419946569,8468340443304,8717059306772
1789033386433872154,8468390456250,8717109753213
1789033387447827186,8468440105485,8717158992943
1789033388461968064,8468482308108,8717201120171
1789033389476148640,8468533157316,8717252139860
1789033390489868333,8468582751388,8717301661101
1789033391503528928,8468633182615,8717352051959
1789033392517349122,8468675811379,8717394646769
1789033393530808527,8468726382009,8717445091329
1789033394544343851,8468777774615,8717496858507
1789033395557999246,8468808039853,8717526768539
1789033396571679649,8468825813125,8717544552263
1789033397585596639,8468845662598,8717565552944
1789033398599481386,8468866328157,8717585075457
1789033399613245106,8468906116329,8717627235803
1789033400627510352,8468962368638,8717682383069
1789033401641443982,8469035928862,8717754996223
1789033402655691521,8469087921003,8717807180451
1789033403669183458,8469139881716,8717859122025
1789033404682775649,8469191808388,8717911429361
1789033405696393306,8469243741156,8717963359390
1789033406710155503,8469295672677,8718015335831
1789033407724029588,8469347934091,8718067260269
1789033408738080339,8469399894436,8718119189640
1789033409751874494,8469451822122,8718171113219
1789033410765569803,8469503757114,8718223160123
1789033411779294624,8469555835679,8718275123159
1789033412793378934,8469607956767,8718327057478
1789033413807055704,8469662077268,8718378992138
1789033414820985995,8469711858648,8718431547342
1789033415835062689,8469763815743,8718483472838
1789033416849160102,8469815741553,8718535394118
1789033417863049539,8469867737525,8718589506976
1789033418877389387,8469919862828,8718639274717
1789033419891137046,8469971787391,8718691201614
1789033420905029466,8470023728826,8718743273132
1789033421918825376,8470075655262,8718795199856
1789033422932822132,8470127643438,8718847121116
1789033423946673692,8470183198813,8718902620158
1789033424960461744,8470221173648,8718940593982
1789033425974280341,8470278406345,8718997558631
1789033426987858285,8470316381349,8719035577083
1789033428001599240,8470357596941,8719078303017
1789033429015690762,8470411774711,8719130526260
1789033430029495935,8470451332347,8719171667773
1789033431043578084,8470506704365,8719225598913
1789033432057738913,8470546251607,8719263578751
1789033433071613698,8470584292465,8719301969107
1789033434085529744,8470639767128,8719358924612
1789033435099310084,8470696728030,8719415890155
1789033436113305824,8470734705065,8719453863281
1789033437127077566,8470775857240,8719492620026
1789033438141467946,8470829732543,8719549567473
1789033439155410559,8470867744650,8719589117434
1789033440169168348,8470924704611,8719644537537
1789033441182796703,8470962687675,8719684090579
1789033442196465912,8471019792804,8719739473903
1789033443210058938,8471057829943,8719779029014
1789033444224355291,8471113398696,8719833125703
1789033445238198169,8471162230788,8719882309967
1789033446251957696,8471203919990,8719923642325
1789033447265517961,8471252684641,8719972407894
1789033448279174541,8471301092486,8720021183426
1789033449293454404,8471343724987,8720063371179
1789033450307163805,8471391712230,8720111381616
1789033451321016524,8471478344410,8720158251016
1789033452334690938,8471766069607,8720409173497
1789033453348411583,8471981155135,8720733850625
1789033454362179424,8472193436305,8721011695605
1789033455375715528,8472451557213,8721279928694
1789033456389433008,8472776993871,8721498393013
1789033457403038785,8473025129946,8721776337835
1789033458416747795,8473245877397,8722044789256
1789033459430576942,8473464395224,8722302337117
1789033460444162013,8473722454152,8722563278708
1789033461457533424,8473990428184,8722806640201
1789033462471246349,8474196598723,8723096402546
1789033463485036826,8474516742209,8723358746645
1789033464501431318,8474764993463,8723616414974
1789033465515292010,8475013149064,8723871789632
1789033466529115060,8475241543687,8724138883172
1789033467542675481,8475499606971,8724406841177
1789033468556488580,8475747780068,8724645099022
1789033469570186730,8476005860363,8724853747400
1789033470584527854,8476204686501,8725140726541
1789033471598646877,8476439032953,8725419360274
1789033472612372275,8476718694109,8725697321118
1789033473626401091,8476949366828,8725922185701
1789033474639999178,8477154422879,8726223396869
1789033475654026596,8477373714164,8726461666733
1789033476667742459,8477723805692,8726665555063
1789033477681414735,8477902930581,8726997785911
1789033478695165631,8478158249371,8727156889321
1789033479708820239,8478468506258,8727413185932
1789033480722535757,8478685881764,8727663326137
1789033481736168670,8478836303940,8727989250605
1789033482750028255,8479114327001,8728259945462
1789033483763923930,8479372436643,8728491936595
1789033484777798253,8479472369415,8728830594010
1789033485791582920,8479676988222,8729191069338
1789033486805499311,8480042726240,8729330554543
1789033487819188774,8480286183805,8729544486021
1789033488833630706,8480583008659,8729817167506
1789033489848260793,8480862030592,8730066851729
1789033490862750068,8481124552102,8730313770182
1789033491877282118,8481348728772,8730679626968
1789033492891420250,8481626638858,8730938869879
1789033493905335500,8481871872589,8731187035841
1789033494920445728,8482061761845,8731464701762
1789033495934523520,8482212952916,8731751729435
1789033496948840241,8482578745125,8731852309349
1789033497962750149,8482825520447,8732051023425
1789033498977198149,8483023349437,8732417884725
1789033499991339088,8483304559972,8732586949574
1789033501005034375,8483401058644,8732832044636
1789033502020157476,8483450970456,8732881651018
1789033503033924280,8483492755324,8732923407957
1789033504047927544,8483543294702,8732974275143
1789033505062153178,8483593731286,8733024716312
1789033506075991862,8483636718930,8733067320092
1789033507089696321,8483686734293,8733117450466
1789033508103507212,8483736678798,8733167372160
1789033509118310780,8483786833278,8733217399050
1789033510132105861,8483829044356,8733259616761
1789033511145709723,8483880010067,8733310818789
1789033512159600409,8483930031658,8733360901429
1789033513173336928,8483973390947,8733404327379
1789033514186928949,8484023961609,8733454783345
1789033515200864619,8484074333252,8733504923676
1789033516214532876,8484125229599,8733556142446
1789033517228033556,8484168203990,8733598735249
1789033518241498682,8484219925878,8733650434191
1789033519255274508,8484270389477,8733700879727
1789033520269018509,8484321380006,8733752166476
1789033521282743991,8484373386834,8733803869101
1789033522296454822,8484417233363,8733847723349
1789033523310153077,8484469020040,8733899436200
1789033524323872929,8484520329464,8733950716797
1789033525338313204,8484570839556,8734001581105
1789033526352035085,8484615069606,8734045435823
1789033527365722149,8484665517886,8734096115021
1789033528379959700,8484715640544,8734146562064
1789033529394171729,8484766882126,8734197428725
1789033530407780600,8484810830188,8734241288732
1789033531421338149,8484863400088,8734293844976
1789033532434805174,8484915166608,8734345846161
1789033533448394660,8484966929238,8734397659780
1789033534462514324,8485018546738,8734449358710
1789033535476525062,8485066507165,8734501795308
1789033536490288923,8485116625072,8734547008308
1789033537503987291,8485167908338,8734598296425
1789033538517278566,8485220895867,8734651678592
1789033539530936555,8485273039666,8734703749411
1789033540544811139,8485324762595,8734755083677
1789033541558374663,8485370278106,8734800602968
1789033542572242568,8485422388033,8734852716897
1789033543586446095,8485475363586,8734905882073
1789033544600756755,8485528789752,8734959471367
1789033545614763287,8485582148466,8735012426352
1789033546628378263,8485635972891,8735066647750
1789033547641972132,8485688888384,8735119611115
1789033548655674307,8485742703350,8735172985044
1789033549669501130,8485788681960,8735218929098
1789033550683306992,8485841408202,8735271883792
1789033551697114692,8485893778051,8735324040229
1789033552710646507,8485945890757,8735376549395
1789033553724331283,8485998452444,8735429092333
1789033554738487605,8486051431567,8735482052694
1789033555752273645,8486096560165,8735526728887
1789033556766242016,8486149969699,8735580535802
1789033557779926728,8486249262039,8735709127594
1789033558793736425,8486519317425,8736006857130
1789033559807673318,8486884158320,8736182577881
1789033560821419998,8487013783965,8736572510817
1789033561835052382,8487318082699,8736771313649
1789033562848730568,8487549806444,8737137723306
1789033563862573744,8487817773269,8737382881836
1789033564876285555,8488021936752,8737664235796
1789033565890044785,8488299066144,8737932311748
1789033566903773726,8488637177630,8738190491961
1789033567917549004,8488800692028,8738577058092
1789033568931145627,8489181195384,8738647297695
1789033569944875468,8489405711934,8738965442142
1789033570958467313,8489654480013,8739163356187
1789033571972223822,8489931608321,8739432825647
1789033572985848224,8490080960659,8739818520312
1789033573999694698,8490358894715,8740079412675
1789033575013449447,8490623071274,8740354053358
1789033576027074063,8490879549284,8740641862085
1789033577041031448,8491158922025,8740909950654
1789033578054864924,8491460753359,8741100495468
1789033579068516627,8491689152787,8741361027380
1789033580082168138,8491917535688,8741586173364
1789033581095661340,8492126191759,8741831775885
1789033582109427903,8492344715936,8742089414629
1789033583124076469,8492622585984,8742303052818
1789033584139756506,8492722770821,8742756015056
1789033585154721791,8493035006837,8742984520628
1789033586168513131,8493347571861,8743100012661
1789033587183241929,8493536625534,8743471478645
1789033588198350004,8493794646296,8743672597161
1789033589214398619,8494079713269,8743927943690
1789033590229948637,8494205040148,8744334366884
1789033591243660614,8494559329399,8744472772759
1789033592258019227,8494762076341,8744721980380
1789033593271734716,8494992888972,8745138331008
1789033594285519777,8495316309588,8745347085219
1789033595299470990,8495545039364,8745634851650
1789033596313030424,8495760051258,8745902706344
1789033597326721636,8496004041070,8746180524884
1789033598340614807,8496375756365,8746319966486
1789033599354374147,8496531278182,8746696692805
1789033600368212516,8496772629920,8746974486488
1789033601381728756,8497080111704,8747094012148
1789033602395790625,8497220024807,8747473544896
1789033603409493616,8497470871980,8747669353180
1789033604423338684,8497676425873,8747867856596
1789033605437224775,8497937158530,8748125905038
1789033606450798533,8498008961155,8748269544755
1789033607464801055,8498061717717,8748322575567
1789033608478469523,8498115304145,8748375961424
1789033609492253025,8498161703491,8748422332793
1789033610505858493,8498215250841,8748475731974
1789033611519482441,8498267999834,8748528287908
1789033612533372623,8498321801406,8748582100331
1789033613547114942,8498375172818,8748635480473
1789033614560932696,8498428582120,8748688869843
1789033615574613273,8498481160199,8748741469562
1789033616588256932,8498534997939,8748795287006
1789033617602206517,8498581399436,8748842074559
1789033618615929023,8498635164108,8748895457320
1789033619629634588,8498689300904,8748949685869
1789033620643316149,8498743248433,8749003491922
1789033621656869684,8498797915567,8749058201405
1789033622670646333,8498852553368,8749112844218
1789033623684154615,8498906723281,8749167006785
1789033624698495782,8498961070652,8749221230461
1789033625712636741,8499015798834,8749276309188
1789033626726982307,8499069623913,8749329830943
1789033627740626975,8499123427772,8749383883437
1789033628754308202,8499177883148,8749438140436
1789033629768279316,8499223955803,8749484096932
1789033630781910396,8499277871958,8749537905266
1789033631795334558,8499332332361,8749592548125
1789033632809288473,8499385956819,8749646332581
1789033633822938222,8499439717587,8749699887520
1789033634836508171,8499493553025,8749753621726
1789033635850206362,8499547805063,8749807848837
1789033636863912608,8499602050258,8749862089071
1789033637877555304,8499655946942,8749916302061
1789033638891816556,8499709641048,8749969689721
1789033639906297213,8499762818847,8750024331930
1789033640919937598,8499809864716,8750070282238
1789033641933698638,8499864537939,8750124501957
1789033642947341370,8499917913240,8750177889385
1789033643961066652,8499971305343,8750231280510
1789033644974779959,8500025556013,8750285503939
1789033645988522118,8500079389966,8750339411860
1789033647002228071,8500132806132,8750392807999
1789033648016190404,8500186877982,8750447030271
1789033649029830780,8500240393799,8750500420470
1789033650044027932,8500286795674,8750547035857
1789033651058062488,8500341465758,8750601439277
1789033652071786447,8500395291583,8750655278700
1789033653085581710,8500449080639,8750709037102
1789033654099247851,8500503294184,8750763262839
1789033655115082315,8500556287474,8750816233369
1789033656128838336,8500609731850,8750870040561
1789033657143044471,8500663587602,8750923840936
1789033658156940033,8500717731537,8750977648701
1789033659171066624,8500775451818,8751030367194
1789033660184664833,8500998816721,8751298301908
1789033661198242316,8501247079527,8751587137459
1789033662211783688,8501554511424,8751804632903
1789033663225558018,8501713042491,8752111987307
1789033664239322913,8501981420546,8752318278934
1789033665253188800,8502150513756,8752650803332
1789033666266863648,8502269760953,8752815846516
1789033667280802052,8502596995443,8753015158631
1789033668294654991,8502825350006,8753286440475
1789033669308420708,8503149150169,8753462107920
1789033670322058998,8503290702462,8753858598893
1789033671335770570,8503644903608,8754087126285
1789033672349503829,8503788444282,8754392471714
1789033673363332727,8503987023159,8754631836387
1789033674377136286,8504264529658,8754811688852
1789033675390868224,8504463549653,8755135055315
1789033676404632124,8504883105477,8755278449213
1789033677418186732,8505145416416,8755576217148
1789033678431814534,8505416866458,8755873942910
1789033679445649260,8505550670787,8756240722063
1789033680459371077,8505833063140,8756422623139
1789033681473065829,8506071220308,8756621826967
1789033682486762427,8506358929895,8756879690895
1789033683500402924,8506592213113,8757094781985
1789033684514758482,8506711820411,8757421921070
1789033685529084456,8506895450897,8757657926229
1789033686543119977,8507143807870,8757974290407
1789033687556788728,8507431479088,8758196110115
1789033688570511641,8507709205555,8758424997114
1789033689584414840,8508047826716,8758643171651
1789033690598119584,8508176228395,8759025110919
1789033691611842259,8508516072097,8759208917201
1789033692626334518,8508712416804,8759569809815
1789033693640208715,8508990295137,8759832288916
1789033694654090733,8509251573110,8760102009565
1789033695667868120,8509477039296,8760388583962
1789033696681613781,8509764877823,8760652431416
1789033697695541962,8509993173227,8760863986079
1789033698709436097,8510231405310,8761124408055
1789033699723505532,8510400392770,8761402107462
1789033700737389961,8510628796905,8761640401255
1789033701751094942,8510883331814,8761769732371
1789033702765101028,8510966942525,8762136454755
1789033703782347839,8511326027776,8762374966439
1789033704800966143,8511670710418,8762597706483
1789033705815476114,8511899289727,8762985626582
1789033706830549624,8512076115462,8763277780859
1789033707844464007,8512366021289,8763516078792
1789033708858260068,8512462302168,8763553333275
1789033709871924527,8512516790889,8763608041785
1789033710885038295,8512555389309,8763646711028
1789033711898827003,8512609661036,8763700839273
1789033712912509241,8512664310868,8763755491836
1789033713926280660,8512718527550,8763809760209
1789033714940552005,8512772749214,8763864377586
1789033715954513542,8512827001730,8763918395099
1789033716968437501,8512881289252,8763972624483
1789033717982103759,8512935931118,8764027685444
1789033718995766536,8512990988358,8764082408414
1789033720009604710,8513046046636,8764137402282
1789033721023168331,8513101135437,8764192468390
1789033722036797614,8513155839700,8764247119883
1789033723050348254,8513210894592,8764302597317
1789033724063990787,8513267207745,8764358498013
1789033725077610399,8513321432023,8764412726281
1789033726091865896,8513366991263,8764458656875
1789033727105984696,8513422534078,8764513954725
1789033728120107699,8513476826801,8764568388428
1789033729133742501,8513530978879,8764622202089
1789033730147867613,8513585615864,8764677170468
1789033731161839038,8513640287161,8764731922356
1789033732175693519,8513694994772,8764786573263
1789033733189427197,8513748732495,8764840055777
1789033734203317940,8513802598927,8764893897279
1789033735217066003,8513857654457,8764949132311
1789033736230741129,8513912615244,8765003981736
1789033737244383875,8513967043213,8765058555456
1789033738258191503,8514022098018,8765113688209
1789033739271974015,8514075894906,8765167441169
1789033740286062649,8514122895509,8765214283477
1789033741300014362,8514178191498,8765269342484
1789033742313731743,8514232057011,8765323157221
1789033743327299674,8514287113387,8765378214051
1789033744341006663,8514342592501,8765433695042
1789033745355321261,8514397233848,8765488339954
1789033746369485913,8514452179750,8765543399615
1789033747383206264,8514507852574,8765599089068
1789033748396850807,8514562909814,8765653982569
1789033749410667790,8514618390671,8765709465978
1789033750424233513,8514673484632,8765764951199
1789033751437946416,8514727703159,8765818828568
1789033752451668607,8514781276457,8765872345389
1789033753465898428,8514811816329,8765902943342
1789033754479703989,8514830972942,8765921930064
1789033755493662999,8514851983330,8765942934288
1789033756507408495,8514873018583,8765963937861
1789033757520834633,8514935608307,8766026863120
1789033758534568685,8514987536751,8766078965081
1789033759548112302,8515039628167,8766130900872
1789033760561813681,8515091549823,8766182829209
1789033761575525300,8515143508694,8766234868432
1789033762589335033,8515195502594,8766286799666
1789033763602991081,8515247425079,8766338721056
1789033764616776883,8515299359789,8766390765838
1789033765630669350,8515351285311,8766442677075
1789033766644281228,8515403303062,8766494608205
1789033767658022966,8515457460402,8766550853818
1789033768671687130,8515507217072,8766600614179
1789033769685577833,8515559212527,8766650381136
1789033770699453074,8515611140768,8766704651241
1789033771713306658,8515663095648,8766756571965
1789033772727094622,8515719409663,8766806350283
1789033773741220290,8515773471711,8766858272267
1789033774755265053,8515841920017,8766936205199
1789033775768898109,8515870881029,8766964655153
1789033776782522384,8515922904428,8767016573200
1789033777796203002,8515977055449,8767066340337
1789033778809909989,8516026824374,8767118301094
1789033779823690067,8516078759082,8767170216669
1789033780837444416,8516137009653,8767222771858
1789033781850951295,8516205571514,8767297245139
1789033782864912331,8516243578557,8767335216621
1789033783878632010,8516300536530,8767392173633
1789033784892303527,8516340092753,8767430147265
1789033785905956694,8516395743453,8767487114963
1789033786919453806,8516433778871,8767525089625
1789033787933183048,8516490770289,8767582109427
1789033788946937152,8516528749705,8767620080834
1789033789961313885,8516576227904,8767669178055
1789033790975069366,8516623692613,8767715060624
1789033791989242892,8516664895482,8767757312749
1789033793003134116,8516718717811,8767810115148
1789033794017163149,8516759854213,8767848093084
1789033795031176794,8516813663345,8767905169516
1789033796045419211,8516853219274,8767943197000
1789033797059164965,8516892841320,8767983149295
1789033798072849537,8516946676083,8768038440051
1789033799086455529,8516984658359,8768076406689
1789033800100061951,8517041775149,8768133366304
1789033801113723670,8517087526046,8768179296322
1789033802127331274,8517135951585,8768227654764
1789033803140924702,8517176901135,8768268573383
1789033804154642804,8517225660501,8768317340579
1789033805168263406,8517274846739,8768366531672
1789033806182104207,8517316184925,8768407869524
1789033807195632804,8517365439064,8768457449714
1789033808209483689,8517453936208,8768774468051
1789033809223096143,8517832262904,8769029700604
1789033810236770075,8518136511677,8769330401864
1789033811250532249,8518400597464,8769588485529
1789033812264579380,8518675742481,8769858869026
1789033813278300696,8518973430435,8770158173555
1789033814291930035,8519181970923,8770447445563
1789033815305731661,8519400417888,8770729570348
1789033816319381867,8519634149262,8770957921672
1789033817333232378,8519952494844,8771206159550
1789033818346960344,8520123605354,8771424475095
1789033819360606769,8520393910632,8771741957719
1789033820374180232,8520651077312,8772098931669
1789033821388263129,8520872789697,8772297468217
1789033822402121518,8521156993951,8772465666788
1789033823415974153,8521393262866,8772734457147
1789033824429739754,8521534688682,8773047836164
1789033825443451708,8521792859856,8773303434425
1789033826457240772,8522089101494,8773528450904
1789033827470888513,8522309229824,8773895435000
1789033828484656045,8522547632240,8774217796826
1789033829498329301,8522967681003,8774332496209
1789033830512165123,8523132175499,8774738863941
1789033831525800855,8523301782342,8774897956658
1789033832539484912,8523613424625,8775136101680
1789033833553306534,8523851562602,8775374317833
1789033834566899682,8524139920671,8775602728783
1789033835580613834,8524395523208,8775890571071
1789033836594405347,8524651789750,8776187629560
1789033837608114377,8524820865295,8776476098496
1789033838621691904,8525168034873,8776682127301
1789033839635398077,8525389883606,8776962602239
1789033840649085820,8525713896609,8777165930620
1789033841662777534,8526021528513,8777462838745
1789033842676383918,8526170984600,8777847459917
1789033843690298012,8526458789960,8778104093112
1789033844704013264,8526736734826,8778391672237
1789033845717441623,8526945248865,8778659194756
1789033846731105196,8527241319614,8778858206198
1789033847745100948,8527501003919,8779160303763
1789033848759989584,8527787518440,8779423912734
1789033849773978066,8527986141576,8779731363973
1789033850788272949,8528324783712,8779938337547
1789033851803406446,8528424740082,8780356109680
1789033852817216432,8528831189707,8780508101526
1789033853832151895,8528931180698,8780910520111
1789033854845874467,8529194177941,8781017245565
1789033855859977373,8529236990882,8781059968410
1789033856873897394,8529285767086,8781108775845
1789033857887887811,8529335437523,8781158393991
1789033858901665531,8529385944485,8781208911334
1789033859915316811,8529428513074,8781251579994
1789033860929045618,8529478545937,8781301506654
1789033861942878162,8529528157353,8781351123767
1789033862956472369,8529571685998,8781394945001
1789033863970612395,8529622126515,8781444975840
1789033864984107359,8529673403406,8781496297611
1789033865997898825,8529724677253,8781547546960
1789033867011597882,8529774941681,8781599242129
1789033868025791945,8529820705277,8781643509278
1789033869039387243,8529872045651,8781695209980
1789033870053051456,8529924129508,8781746902913
1789033871066824509,8529977088552,8781800381437
1789033872080378171,8530030075895,8781853072208
1789033873094226273,8530075678954,8781898496372
1789033874107973062,8530128253757,8781951034094
1789033875122226049,8530179985084,8782003143337
1789033876136268767,8530232974158,8782055776860
1789033877150161555,8530285446204,8782108311273
1789033878164406571,8530338460819,8782161158082
1789033879178304761,8530391949246,8782214530566
1789033880192046796,8530437494532,8782260047186
1789033881205435999,8530490033705,8782312790060
1789033882219074181,8530542588338,8782365519897
1789033883232996208,8530595201664,8782417706251
1789033884246560330,8530649043043,8782471595085
1789033885260197255,8530702429253,8782525016985
1789033886273816122,8530756239080,8782578859813
1789033887288142100,8530809549983,8782633548001
1789033888302349137,8530856416433,8782679111653
1789033889316122505,8530910322076,8782732955415
1789033890330397039,8530963334745,8782786394764
1789033891344035260,8531017682016,8782840655907
1789033892357936822,8531071754410,8782894498136
1789033893371841739,8531125260082,8782948354082
1789033894385916175,8531179569169,8783002615855
1789033895400034310,8531233282716,8783056050059
1789033896413888118,8531286663658,8783109470277
1789033897427765389,8531333462197,8783156291775
1789033898441835776,8531386565000,8783209715592
1789033899455708519,8531441587765,8783264582291
1789033900469936342,8531496651055,8783319567160
1789033901484055870,8531550873015,8783373790885
1789033902497617188,8531605567058,8783428453784
1789033903511415760,8531659414856,8783482239826
1789033904525050504,8531711977376,8783535119008
1789033905538719242,8531766196674,8783588923518
1789033906552420347,8531819842260,8783642707663
1789033907566124777,8531873843903,8783696501480
1789033908579896257,8531919851244,8783742851865
1789033909593600617,8531974088207,8783796673562
1789033910607204655,8532203390686,8784001357152
1789033911620924430,8532441687043,8784284056662
1789033912634547397,8532642123648,8784561870712
1789033913648325623,8532918394445,8784800233616
1789033914662113524,8533166543102,8785017183767
1789033915675849324,8533324475303,8785395504174
1789033916689498602,8533742229687,8785507564558
1789033917703079756,8533822430645,8785951311656
1789033918716783128,8534184454047,8786140353295
1789033919730452647,8534358445508,8786398324413
1789033920744053520,8534626365218,8786625056052
1789033921757754454,8534973440287,8786840282013
1789033922771482646,8535157905102,8787142970709
1789033923785370299,8535430262356,8787322688828
1789033924799352499,8535546048419,8787678809843
1789033925813159787,8535747555860,8787897240358
1789033926826770736,8536044382981,8788175206526
1789033927840499687,8536334530518,8788431589742
1789033928854344998,8536602521281,8788698305610
1789033929868211514,8536846747349,8788989166549
1789033930882100470,8537032088554,8789217425893
1789033931895837803,8537307235131,8789455721019
1789033932909773710,8537476473117,8789821332089
1789033933923619865,8537744257323,8789989079868
1789033934937165127,8537982590540,8790272497030
1789033935950611137,8538270172938,8790458288771
1789033936964207821,8538449143929,8790835014511
1789033937977848006,8538726861766,8791013992663
1789033938991534482,8539067297391,8791212882139
1789033940005340313,8539193651662,8791603437186
1789033941018893592,8539525831981,8791738786067
1789033942032542055,8539640410149,8792173727337
1789033943046227248,8540027000531,8792319431466
1789033944059891207,8540215878696,8792661334115
1789033945073911519,8540651883958,8792742920796
1789033946087821901,8540741832618,8793167564632
1789033947101632914,8541118570453,8793378854052
1789033948115302972,8541178895856,8793794012019
1789033949129180828,8541624838058,8793936864604
1789033950142926518,8541734573568,8794288828025
1789033951157038746,8542032060729,8794497190799
1789033952170720698,8542287697330,8794735626413
1789033953184568017,8542550493147,8794983841287
1789033954198823535,8542796410227,8795284880561
1789033955213238204,8542965602263,8795664292348
1789033956226983756,8543223707212,8795893276033
1789033957240680196,8543610371210,8796105278105
1789033958254408398,8543848635721,8796355710217
1789033959268618612,8543917837399,8796551274778
1789033960282536378,8543969578165,8796605734838
1789033961296266012,8544019692670,8796652981894
1789033962309886224,8544074420073,8796708548436
1789033963323472248,8544129151818,8796763182348
1789033964337393991,8544183192069,8796817088108
1789033965351038778,8544236579356,8796870774938
1789033966364574004,8544290358255,8796924142977
1789033967378372972,8544344233204,8796978349774
1789033968392129936,8544398358181,8797032151683
1789033969406006058,8544452170227,8797086012124
1789033970419975374,8544506766228,8797140575372
1789033971433752403,8544561439554,8797195503946
1789033972447823014,8544615512993,8797249409678
1789033973461648689,8544663487112,8797300836301
1789033974475544009,8544717516273,8797351324158
1789033975489568399,8544772165537,8797405864927
1789033976504627119,8544826776295,8797460490405
1789033977518526825,8544880968736,8797514696868
1789033978532925086,8544935655228,8797569744583
1789033979547024570,8544991105784,8797624795261
1789033980560915269,8545044909955,8797678583153
1789033981574564474,8545100362497,8797734052219
1789033982588486663,8545155816143,8797789932796
1789033983602628027,8545210094433,8797844281090
1789033984616327725,8545265125709,8797898911790
1789033985629833391,8545319354183,8797953159834
1789033986644053201,8545373136360,8798007168917
1789033987658197331,8545426912443,8798060712843
1789033988672178487,8545473292240,8798107377313
1789033989686378973,8545527103817,8798161275757
1789033990701422467,8545582593155,8798216755217
1789033991715805841,8545637941320,8798271802250
1789033992730404802,8545692243553,8798326018673
1789033993744366618,8545746509350,8798380648113
1789033994758050973,8545801848703,8798435698811
1789033995772383775,8545856194852,8798489913514
1789033996786314710,8545909558983,8798543492699
1789033997800159386,8545963759257,8798597503572
1789033998813613817,8546017983614,8798651791535
1789033999827317608,8546073222921,8798706768926
1789034000840831406,8546127036460,8798760980404
1789034001854504354,8546172543414,8798808865577
1789034002868112601,8546227580556,8798861566938
1789034003881701124,8546281590982,8798915364349
1789034004895316308,8546336145589,8798969990151
1789034005908824746,8546390816025,8799024646837
1789034006922516724,8546445303546,8799078865533
1789034007936264005,8546500337511,8799133953471
1789034008949872177,8546553306489,8799186911218
1789034009963577561,8546606693927,8799240284305
1789034010977252541,8546660578473,8799294466185
1789034011990772450,8546921526399,8799407467031
1789034013004386768,8547199416517,8799645700335
1789034014018118092,8547427934180,8799933010608
1789034015031866736,8547557400840,8800269964783
1789034016045671254,8547864847983,8800417542638
1789034017059357500,8548093358043,8800716340277
1789034018073018154,8548247108781,8801014435633
1789034019086641688,8548560092395,8801256493093
1789034020100427395,8548837958576,8801485386605
1789034021113963308,8548957309728,8801685435742
1789034022127597517,8549274635823,8801850207732
1789034023141221086,8549489357723,8802186134488
1789034024154783223,8549761114172,8802371956625
1789034025168680485,8549821319171,8802738107670
1789034026182301823,8550178286586,8802925260888
1789034027195921819,8550433875087,8803188538876
1789034028209686849,8550597020475,8803535449488
1789034029223332694,8550931301393,8803744231752
1789034030237079839,8551130199534,8803992258517
1789034031250920191,8551310109008,8804161022960
1789034032264621453,8551396058514,8804458393562
1789034033278503318,8551709997412,8804696702157
1789034034292177657,8551977809629,8805014244379
1789034035305801936,8552263289924,8805190726278
1789034036319535252,8552472775487,8805431354042
1789034037333239336,8552637624871,8805778294624
1789034038347035915,8552987968151,8805977331294
1789034039362385917,8553213620417,8806314534496
1789034040376579852,8553346073083,8806651503655
1789034041390477474,8553754499783,8806771294229
1789034042405417088,8553922928911,8807138069522
1789034043422433049,8554189499685,8807346669085
1789034044441213507,8554427726843,8807598224162
1789034045455292807,8554725306204,8807775650846
1789034046469870531,8554813576258,8808180210967
1789034047484206504,8555182173269,8808258350313
1789034048498614282,8555252314992,8808617084323
1789034049512419835,8555431429354,8808953718637
1789034050526967641,8555802005113,8809044382879
1789034051540881657,8556018703371,8809351983357
1789034052554664065,8556349567411,8809521137376
1789034053568569857,8556473797316,8809908935772
1789034054582407851,8556692405210,8810206417139
1789034055596373907,8557069188288,8810374603086
1789034056610290576,8557257869084,8810586973884
1789034057624104445,8557568192333,8810811544537
1789034058638317047,8557675077377,8811150916328
1789034059652376391,8557923332764,8811404785069
1789034060666496223,8558181232546,8811578576295
1789034061680790928,8558389759593,8811777410687
1789034062696085561,8558487763195,8811951183970
1789034063710062342,8558542399586,8812005831027
1789034064723853648,8558596638663,8812060052698
1789034065737903214,8558650963066,8812114696776
1789034066751759376,8558705143386,8812168506809
1789034067765612622,8558759367432,8812223316725
1789034068779392839,8558814408855,8812277952723
1789034069792814168,8558868660599,8812332180250
1789034070806379946,8558922944475,8812386834556
1789034071820058104,8558979247724,8812442730893
1789034072833667422,8559033877091,8812497368423
1789034073847370522,8559088096431,8812552011706
1789034074861057248,8559143175942,8812606650443
1789034075874779029,8559196864121,8812660457557
1789034076888778427,8559244529806,8812707881801
1789034077902720583,8559299583289,8812763015488
1789034078916265194,8559354637573,8812817796165
1789034079929966623,8559409308720,8812872517770
1789034080943478698,8559463136597,8812926408467
1789034081957272129,8559517375856,8812980533697
1789034082970649409,8559572848892,8813036043515
1789034083984191284,8559627900291,8813091073033
1789034084997764829,8559680890494,8813144038595
1789034086013956246,8559734786185,8813198256811
1789034087027630538,8559788616267,8813252062293
1789034088041098327,8559843174551,8813306701658
1789034089054805001,8559896971053,8813360467625
1789034090068277846,8559948768270,8813414502500
1789034091082146699,8559998458299,8813461517373
1789034092095912481,8560052701398,8813515776622
1789034093109619911,8560106500311,8813569965439
1789034094123426204,8560160717035,8813623841679
1789034095137202569,8560214733339,8813677641665
1789034096151115301,8560269402675,8813732229413
1789034097164995643,8560324073968,8813787294767
1789034098178996157,8560379546785,8813842358328
1789034099192768222,8560433345930,8813896466053
1789034100206406322,8560488424427,8813951365802
1789034101220108637,8560543508251,8814006288369
1789034102233892745,8560597757285,8814060762290
1789034103247528747,8560653220475,8814116042290
1789034104261200168,8560707847795,8814170623303
1789034105274748422,8560754249144,8814219849784
1789034106288402920,8560809328907,8814272051110
1789034107302183336,8560863435586,8814326134247
1789034108316232907,8560906598049,8814369318523
1789034109330398350,8560924404978,8814387091119
1789034110344366050,8560943827413,8814406484062
1789034111358826476,8560963250670,8814425905094
1789034112372506424,8561009527582,8814472499017
1789034113386507603,8561061441076,8814524440297
1789034114400088346,8561113357907,8814576363670
1789034115413750869,8561165740208,8814628296340
1789034116427416200,8561217684366,8814680226660
1789034117441111172,8561271999325,8814732165553
1789034118454745184,8561321760559,8814784081077
1789034119468574270,8561378004404,8814836003982
1789034120482430250,8561431046116,8814887927645
1789034121496702017,8561479761507,8814944750612
1789034122510606142,8561555510436,8815018515714
1789034123524550200,8561601491091,8815068272132
1789034124538224437,8561633415907,8815098552459
1789034125551999916,8561703423585,8815168468044
1789034126565945474,8561763550574,8815226595896
1789034127579777781,8561791730341,8815257608599
1789034128593906444,8561843676205,8815305419096
1789034129608026860,8561895642677,8815361663564
1789034130621906072,8561950916799,8815409274569
1789034131635670515,8561997457987,8815463565352
1789034132650076584,8562049421032,8815513640872
1789034133663746491,8562101358410,8815567719988
1789034134677968283,8562157679070,8815622983147
1789034135691789520,8562231301097,8815695380725
1789034136705570414,8562286822799,8815751111037
1789034137719990371,8562343823002,8815808064386
1789034138733736636,8562381866041,8815846039561
1789034139747540215,8562439135544,8815903005552
1789034140761360398,8562477145200,8815942553156
1789034141775069226,8562515228286,8815979013686
1789034142788712212,8562554828553,8816020149351
1789034143802375313,8562610202873,8816073941625
1789034144816135151,8562667163526,8816130903980
1789034145829797553,8562705171122,8816168876675
1789034146843619029,8562747119967,8816206855672
1789034147857506342,8562800163069,8816263812754
1789034148871253996,8562839726515,8816304957810
1789034149885097856,8562895107512,8816359178889
1789034150898802411,8562933120425,8816398728549
1789034151912429834,8562990290325,8816454103816
1789034152926300098,8563028298356,8816492103039
1789034153939963258,8563085256785,8816549054979
1789034154953510771,8563124809539,8816587034642
1789034155967157573,8563184644406,8816648423987
1789034156981080755,8563226008034,8816689962925
1789034157994608545,8563274507870,8816738528762
1789034159008150290,8563322755401,8816786471015
1789034160022075789,8563362934928,8816826970333
1789034161035914862,8563410093845,8816874075033
1789034162049621560,8563515670933,8817032652936
1789034163063377036,8563856845136,8817245514272
1789034164077360300,8564101991096,8817519318929
1789034165091040475,8564264480684,8817888170061
1789034166104732739,8564518915517,8818173982365
1789034167118480491,8564802218263,8818451916762
1789034168132522190,8565029191299,8818767643804
1789034169146192424,8565459853660,8818909025540
1789034170159884247,8565698990794,8819196791816
1789034171173530030,8565899030240,8819514176328
1789034172192225234,8566149401967,8819782152565
1789034173205820004,8566399024731,8820115438851
1789034174219638795,8566682036172,8820347784071
1789034175234601034,8566892750652,8820694865840
1789034176249794884,8567147015285,8820992520134
1789034177263916887,8567460275782,8821181396390
1789034178277741032,8567699473590,8821439484732
1789034179292577941,8567927836830,8821628148327
1789034180307903514,8568146387877,8821924976197
1789034181323206435,8568364723859,8822134371256
1789034182337241497,8568711897306,8822303549144
1789034183350879260,8568782114140,8822647776197
1789034184364844273,8569129330351,8822882725883
1789034185378551355,8569466179494,8823087841279
1789034186392487489,8569576475268,8823523806637
1789034187406365850,8569778612261,8823771920095
1789034188420369789,8570043005315,8823942750197
1789034189434487789,8570291327197,8824288082052
1789034190448109128,8570598847903,8824457270904
1789034191461849054,8570748240364,8824828883163
1789034192475848957,8571016286757,8825096764126
1789034193489678308,8571432519377,8825165703442
1789034194503802710,8571450794729,8825647835596
1789034195517369884,8571801869770,8825737795045
1789034196531323558,8571966690450,8826134335471
1789034197547864853,8572237824130,8826412513794
1789034198562569403,8572515733887,8826670898903
1789034199576413221,8572744034890,8826862585570
1789034200590260768,8572913113722,8827153988364
1789034201604538112,8573151368526,8827401647881
1789034202618618626,8573449766226,8827613660817
1789034203633439444,8573715364800,8827881652261
1789034204647715120,8573935613702,8828158953471
1789034205661988621,8574209528689,8828417636645
1789034206676022438,8574491422706,8828641815648
1789034207690200348,8574731219828,8828953672995
1789034208709615351,8575017685780,8829168553889
1789034209724902752,8575210069594,8829479795453
1789034210738756469,8575553731677,8829708232317
1789034211752732750,8575584865845,8829818512779
1789034212766630442,8575626271218,8829859986964
1789034213780326716,8575674618771,8829908271169
1789034214794342080,8575724220195,8829957919282
1789034215808974020,8575765982888,8829999710385
1789034216822634297,8575814779022,8830048519986
1789034217836432289,8575864027142,8830098026219
1789034218850099433,8575907455397,8830141281536
1789034219863782111,8575957543763,8830191747851
1789034220877405910,8576006661843,8830240756833
1789034221890921464,8576049315715,8830283645402
1789034222904461738,8576099025897,8830333252113
1789034223918158537,8576148596553,8830382949415
1789034224931756488,8576200262815,8830434303178
1789034225945431307,8576243287979,8830477320831
1789034226959126884,8576292957476,8830527327513
1789034227972927774,8576343671921,8830577877892
1789034228986557163,8576394714349,8830628774921
1789034230000263412,8576438256252,8830672656137
1789034231013855045,8576488604245,8830722720089
1789034232027740818,8576538695433,8830773202914
1789034233041562196,8576589167754,8830823263892
1789034234055139459,8576631765206,8830865939097
1789034235069303624,8576681370302,8830915605399
1789034236083144076,8576731392333,8830965726215
1789034237097399752,8576775314150,8831009575428
1789034238110944220,8576825790453,8831059978534
1789034239124787476,8576875392307,8831109612271
1789034240139141412,8576925421081,8831159952930
1789034241153206928,8576968431725,8831202748917
1789034242167489455,8577018582059,8831253208240
1789034243181083874,8577068981762,8831303253965
1789034244194634036,8577115571873,8831352673455
1789034245208385962,8577162089750,8831396753797
1789034246222158296,8577212044331,8831446402079
1789034247235892449,8577261866992,8831496465993
1789034248249911601,8577305596035,8831539928285
1789034249263842691,8577356040634,8831590479351
1789034250277706675,8577406489707,8831640884974
1789034251291785520,8577456578283,8831691362629
1789034252305514883,8577500471495,8831735045204
1789034253319075221,8577551755060,8831786189011
1789034254332925895,8577602265195,8831836912074
1789034255346630963,8577653060610,8831887737527
1789034256360209959,8577696952809,8831931485982
1789034257373745206,8577747005939,8831981548544
1789034258387307069,8577797480679,8832031958474
1789034259401209813,8577847917708,8832082595860
1789034260414714227,8577891774297,8832126442839
1789034261428292512,8577942210030,8832176906505
1789034262442057141,8577992662156,8832227373351
1789034263455676948,8578043604929,8832278262755
1789034264469971844,8578087656949,8832322551199
1789034265483768896,8578139146788,8832374281700
1789034266497820426,8578190844858,8832425588120
1789034267511731068,8578242190390,8832476880925
1789034268525891959,8578285266270,8832519991726
1789034269539853802,8578335732047,8832570753301
1789034270553235926,8578494557409,8832802466478
1789034271566882150,8578813559018,8833060682858
1789034272580440605,8579107939603,8833318835783
1789034273594151309,8579363228492,8833616544587
1789034274607832302,8579601395359,8833874672960
1789034275621406190,8579818870381,8834112896037
1789034276634995745,8580106688594,8834393398533
1789034277648937460,8580374803309,8834646230058
1789034278662560736,8580587243597,8834926856198
1789034279676474149,8580832101298,8835184884931
1789034280690246092,8581148864525,8835324302121
1789034281704103302,8581393580107,8835691266580
1789034282717966012,8581655327646,8835923082586
1789034283731731306,8581929497866,8836227327200
1789034284745381743,8582208614057,8836455846878
1789034285759156116,8582345481000,8836881977223
1789034286772759109,8582553308639,8837130049564
1789034287786505455,8582856970287,8837330103551
1789034288800109995,8582994900238,8837685690410
1789034289813802597,8583422573885,8837793299884
1789034290827704660,8583531796652,8838172194834
1789034291841458923,8583750811392,8838410464066
1789034292855142692,8583991564356,8838688315427
1789034293868841604,8584205326940,8838946286750
1789034294882487548,8584623862518,8839037496691
1789034295896192248,8584793084830,8839437225179
1789034296909864662,8585120363707,8839608480490
1789034297923682359,8585269916679,8839978238532
1789034298937175729,8585537907567,8840195244414
1789034299950837059,8585776237997,8840459858404
1789034300964622922,8585973334538,8840733198634
1789034301978290099,8586302233198,8840928475289
1789034302991983789,8586537200697,8841181492362
1789034304005496905,8586683531794,8841508668335
1789034305019500731,8586987491353,8841717371293
1789034306033266155,8587174548040,8842005064710
1789034307046768891,8587503702110,8842210703854
1789034308060639887,8587677166401,8842531224307
1789034309074512391,8587871784714,8842858554742
1789034310088245581,8588192758005,8843057420082
1789034311101860143,8588368369871,8843434203481
1789034312119067925,8588694581045,8843731983333
1789034313135023414,8589032983459,8843863040643
1789034314150005838,8589192196386,8844144062704
1789034315165178779,8589476780647,8844387737819
1789034316180420549,8589690173943,8844784328908
1789034317194725453,8590085254434,8844868723450
1789034318210085852,8590254615007,8845293318840
1789034319225694078,8590384126615,8845370998217
1789034320239241619,8590428677275,8845415471741
1789034321253063884,8590480362794,8845467133908
1789034322266700571,8590531208396,8845518030036
1789034323280298237,8590581728500,8845569227550
1789034324294383152,8590633832300,8845620957434
1789034325308409528,8590678092180,8845665188079
1789034326322275822,8590729359898,8845716674925
1789034327336092652,8590780215620,8845767321030
1789034328349672727,8590830296258,8845817352979
1789034329363306292,8590874167625,8845861493035
1789034330376800307,8590924385148,8845911633585
1789034331390515970,8590975020371,8845962135794
1789034332404033275,8591025864245,8846013128146
1789034333417556256,8591069633199,8846056764164
1789034334431032426,8591120236204,8846107277412
1789034335444779915,8591171919924,8846158898452
1789034336458414330,8591223394121,8846210587129
1789034337471898037,8591267020242,8846254044252
1789034338485625531,8591318346324,8846305706297
1789034339499456129,8591369638343,8846356567307
1789034340513774498,8591420482299,8846407457301
1789034341527371421,8591472121978,8846459111318
1789034342541139959,8591515575047,8846502535769
1789034343554905952,8591566756900,8846553810870
1789034344568887225,8591617873107,8846605095313
1789034345582754901,8591669051188,8846655983036
1789034346596600137,8591714185336,8846701493927
1789034347610425503,8591766288775,8846753191453
1789034348624032556,8591817239700,8846804467789
1789034349637631933,8591868891467,8846855749932
1789034350651870564,8591920580763,8846907448636
1789034351665970693,8591965264289,8846952208638
1789034352680414162,8592016561904,8847003405698
1789034353694678818,8592067444984,8847054449969
1789034354708150229,8592118753332,8847105749415
1789034355721639870,8592170501328,8847157828449
1789034356735141498,8592214305960,8847201667755
1789034357748834919,8592264306447,8847251294312
1789034358762616955,8592314261092,8847301345134
1789034359776276922,8592366076459,8847353461704
1789034360790084892,8592409695056,8847396880945
1789034361803865885,8592460754611,8847448160334
1789034362817718663,8592511214023,8847498182702
1789034363831270164,8592562927585,8847549877483
1789034364844938792,8592605532798,8847592873979
1789034365858772945,8592656588142,8847643732177
1789034366872816636,8592708066194,8847695015897
1789034367886931974,8592758108619,8847745454902
1789034368901146748,8592802398320,8847789300508
1789034369914710730,8592854113744,8847840997104
1789034370928216761,8592905382368,8847892273642
1789034371941989756,8592956649757,8847943546335
1789034372955687272,8592999718489,8847986975036
1789034373969353749,8593050148022,8848037007103
1789034374982839619,8593099769198,8848087026398
1789034375996743115,8593183879058,8848135633127
1789034377010629889,8593416870949,8848453124374
1789034378024954201,8593665443722,8848691359247
1789034379039557310,8593939675021,8848979174818
1789034380054026945,8594141762880,8849269797779
1789034381068813161,8594320617714,8849534450543
1789034382083118271,8594568843212,8849782945578
1789034383097928740,8594771825001,8850060816229
1789034384112344818,8595117145731,8850200332985
1789034385127708945,8595293768482,8850550309651
1789034386142735573,8595630965651,8850765992295
1789034387157485406,8595800129618,8851092827613
1789034388171352919,8596123971449,8851252523067
1789034389185463484,8596365775486,8851486366565
1789034390199658812,8596545008855,8851897303864
1789034391213742025,8596773093882,8852016706665
1789034392227612614,8596932469894,8852274585201
1789034393244504556,8597136161255,8852522708814
1789034394258969067,8597431460113,8852810594557
1789034395273919656,8597627272602,8853016278150
1789034396290316109,8597938911045,8853267369240
1789034397308850527,8598143259147,8853451011248
1789034398323853475,8598351861885,8853723850788
1789034399337751216,8598530932278,8854041250651
1789034400356744742,8598797907190,8854309344479
1789034401371162624,8599058613263,8854607049118
1789034402386414655,8599325005034,8854784711734
1789034403401343991,8599612901574,8855061813165
1789034404415167354,8599801762157,8855333902939
1789034405430455110,8599970770015,8855579852313
1789034406444303856,8600246937807,8855788460619
1789034407458447248,8600506440971,8855996974552
1789034408472932893,8600641871794,8856383610628
1789034409487249116,8601047568167,8856493538873
1789034410501218697,8601191852731,8856880018033
1789034411515213872,8601439913677,8857078675379
1789034412529136380,8601628740385,8857378988270
1789034413543116301,8601973081422,8857565250673
1789034414556992449,8602203135232,8857912415064
1789034415571468305,8602408292804,8858150554705
1789034416586024703,8602631766318,8858418531811
1789034417600415462,8602978468026,8858534693478
1789034418614546997,8603098021456,8858845602378
1789034419629130554,8603131706845,8859152775469
1789034420644312834,8603413965671,8859430749827
1789034421658662749,8603822725951,8859530785518
1789034422672325050,8603929016322,8859808317608
1789034423687252150,8604225841363,8860046619281
1789034424706169167,8604428701151,8860345079562
1789034425720397344,8604576599058,8860472442104
1789034426734228952,8604628723076,8860524602401
1789034427748266758,8604680008694,8860576073089
1789034428762059705,8604730276046,8860626688822
1789034429775948443,8604781808409,8860678006965
1789034430790128953,8604826228994,8860722738037
1789034431804271028,8604877830493,8860774420667
1789034432817919804,8604929954061,8860826318612
1789034433831503138,8604981687563,8860878022153
1789034434845241748,8605034678732,8860930996351
1789034435859013214,8605079402053,8860975695729
1789034436874160122,8605131100212,8861027824772
1789034437887998806,8605183218730,8861079532692
1789034438901824208,8605234151034,8861130821903
1789034439915692427,8605286009930,8861182529827
1789034440929444794,8605330157838,8861226808820
1789034441943261588,8605381865758,8861278104637
1789034442956686626,8605433985005,8861330233065
1789034443970545848,8605485296367,8861381524843
1789034444984187675,8605537027074,8861433230337
1789034445997884490,8605580953301,8861477513627
1789034447012310965,8605632207173,8861528385400
1789034448026330534,8605682443004,8861578838378
1789034449040243982,8605733971359,8861630131969
1789034450054092832,8605777450334,8861673995852
1789034451067898889,8605828352953,8861724835799
1789034452083114643,8605879217166,8861775330058
1789034453097041319,8605930501852,8861826639577
1789034454110741094,8605975223707,8861871333180
1789034455124447052,8606026117710,8861922207391
1789034456138668502,8606077643303,8861973918025
1789034457152572598,8606129931040,8862026047680
1789034458166332247,8606181309382,8862077760340
1789034459180009721,8606225583029,8862122041443
1789034460193740122,8606276479241,8862172498756
1789034461207404158,8606327795992,8862223790121
1789034462221528123,8606378242224,8862274669850
1789034463235238854,8606422936031,8862319361510
1789034464249344698,8606474735977,8862370652154
1789034465262888460,8606526054948,8862422364523
1789034466276513920,8606578210769,8862474075743
1789034467290167297,8606629083382,8862525075956
1789034468303664784,8606673777348,8862570065588
1789034469317379945,8606726345098,8862622200376
1789034470330919261,8606778186602,8862673915569
1789034471344676376,8606829088863,8862724897535
1789034472358211264,8606880792440,8862776712524
1789034473371813483,8606925483403,8862821190964
1789034474385398464,8606976795632,8862872484267
1789034475399075832,8607026513797,8862922188794
1789034476412845196,8607057211681,8862952891453
1789034477426891217,8607075011699,8862970666176
1789034478440739188,8607096027931,8862991666320
1789034479454522858,8607117062680,8863012668495
1789034480468198912,8607179611176,8863075540821
1789034481481976305,8607231643197,8863127816410
1789034482495639062,8607283570694,8863179739845
1789034483509514044,8607335819230,8863231671386
1789034484523177232,8607387783290,8863283722428
1789034485537125873,8607439748405,8863335650971
1789034486550964546,8607491733590,8863387576539
1789034487564651809,8607517715333,8863415702716
1789034488578718116,8607573965929,8863471117221
1789034489592541980,8607621730063,8863517413537
1789034490606332575,8607673694218,8863569340501
1789034491620503355,8607725644581,8863621266979
1789034492634039500,8607777563087,8863673194494
1789034493647870939,8607829756404,8863725128783
1789034494661735368,8607881724453,8863777558297
1789034495675673317,8607933677621,8863829482289
1789034496689567137,8607985633221,8863881415377
1789034497703151948,8608037624638,8863933342108
1789034498716870862,8608089547114,8863985272687
1789034499730768467,8608141501963,8864037197709
1789034500744768110,8608193465513,8864089305172
1789034501758307643,8608245421866,8864141226396
1789034502772080161,8608297573639,8864193154651
1789034503785747208,8608349495346,8864245076572
1789034504799465577,8608412188180,8864307768718
1789034505813374990,8608469182468,8864364721947
1789034506827219693,8608507188127,8864402697761
1789034507841146135,8608564260494,8864459656163
1789034508855270480,8608602268465,8864497682622
1789034509869169109,8608643443722,8864539915354
1789034510882639180,8608678287439,8864575225171
1789034511896087843,8608735323696,8864630610405
1789034512909752334,8608784381597,8864684024246
1789034513923653609,8608830264669,8864725550877
1789034514937592520,8608871444838,8864768020733
1789034515951486403,8608925272344,8864820994613
1789034516965183926,8608982265595,8864877997223
1789034517978688877,8609020248455,8864915973309
1789034518992397476,8609076021725,8864973231314
1789034520006003313,8609115218512,8865011203599
1789034521019791758,8609172209479,8865068160130
1789034522033665044,8609210226053,8865106133184
1789034523047354037,8609249793955,8865147270581
1789034524061066568,8609305197398,8865201061936
1789034525074826921,8609353261475,8865249444426
1789034526089583305,8609393333951,8865289576831
1789034527103526840,8609440173094,8865336252141
1789034528117978529,8609480994076,8865376748920
1789034529132476954,8609518503037,8865562185565
1789034530146669544,8609983798866,8865692377126
1789034531161044957,8610181328065,8866069164115
1789034532175294765,8610520457259,8866263589015
1789034533189367562,8610748906893,8866564301692
1789034534203045553,8611036742794,8866847792726
1789034535217210759,8611196072955,8867215274610
1789034536231155883,8611436175408,8867488306082
1789034537246122457,8611682711146,8867786076262
1789034538260178334,8612057974268,8867915767667
1789034539274422014,8612184122361,8868332020688
1789034540288262965,8612504316935,8868570376102
1789034541301810550,8612850816844,8868838527035
1789034542315563118,8613072286280,8869106401980
1789034543329454033,8613300688609,8869374041547
1789034544343038111,8613647776076,8869558867463
1789034545356757960,8613856483415,8869828610455
1789034546370530848,8614065188205,8870142774030
1789034547384400447,8614329588851,8870327616373
1789034548398082530,8614522043597,8870704347114
1789034549411792135,8614800017263,8870994585596
1789034550425614458,8614949426784,8871388620919
1789034551439310040,8615306346454,8871538039867
1789034552453045259,8615544793068,8871861446684
1789034553466696681,8615792259747,8872143359792
1789034554480387098,8616100683375,8872341460697
1789034555494238341,8616309233635,8872590311917
1789034556507883154,8616505030361,8872828415259
1789034557521597335,8616781710422,8873086650958
1789034558535261073,8617021194640,8873364538469
1789034559553274622,8617222596907,8873602725338
1789034560567314237,8617560122054,8873870847882
1789034561581122286,8617808279064,8874095272537
1789034562595057093,8617962814204,8874426367773
1789034563610730879,8618223761220,8874714223371
1789034564625235715,8618454137638,8874932687911
1789034565639580529,8618781044100,8875171126563
1789034566657796561,8619019894910,8875466453217
1789034567672773345,8619305788841,8875707111500
1789034568687739464,8619486801545,8876049996476
1789034569701769629,8619827991420,8876223379195
1789034570715925157,8620035311798,8876461575482
1789034571733563269,8620306567638,8876739540529
1789034572747639153,8620499365431,8877076654798
1789034573762214530,8620727823007,8877340982202
1789034574776808934,8621143874370,8877474503599
1789034575790792555,8621313434983,8877834515799
1789034576807110167,8621571523874,8878049934870
1789034577821085449,8621610392112,8878088781530
1789034578835014610,8621657933038,8878136504520
1789034579849127615,8621697983066,8878176385289
1789034580862661271,8621745102852,8878223897847
1789034581876364721,8621786054597,8878264399706
1789034582890245008,8621832758452,8878311080077
1789034583903719644,8621881587578,8878360273595
1789034584917226059,8621922610306,8878401198848
1789034585930776537,8621970401439,8878448718355
1789034586944387053,8622019227870,8878497908919
1789034587958096322,8622060636372,8878539251149
1789034588971681407,8622109333706,8878588032378
1789034589985327779,8622158880638,8878637220560
1789034590999011803,8622201142870,8878679395314
1789034592012990706,8622249524782,8878727755577
1789034593026658067,8622296466507,8878776559524
1789034594040337682,8622340079145,8878818282049
1789034595054007480,8622388422394,8878866680011
1789034596067605065,8622433567911,8878916253843
1789034597081381560,8622480273667,8878958864249
1789034598094967232,8622529981132,8879008059546
1789034599108581956,8622580421402,8879058611038
1789034600122351565,8622623217857,8879101511155
1789034601135963635,8622672223379,8879150285924
1789034602149621628,8622721849711,8879199891359
1789034603163268074,8622765133394,8879243322512
1789034604177070055,8622815329004,8879293689053
1789034605190538216,8622865359763,8879343804159
1789034606204011207,8622915906877,8879394247853
1789034607217952510,8622959277321,8879437258540
1789034608231678992,8623010161651,8879488116365
1789034609246165878,8623059764396,8879537733398
1789034610259876075,8623110618521,8879588674040
1789034611274099165,8623154916641,8879632876035
1789034612287932962,8623206224651,8879684192327
1789034613301660051,8623257944153,8879735855773
1789034614315127129,8623309212969,8879787337175
1789034615328615931,8623361325828,8879839671496
1789034616342690057,8623405623339,8879883589063
1789034617356849721,8623458625091,8879936487404
1789034618370665114,8623508710493,8879986931309
1789034619384746407,8623560787802,8880039054255
1789034620398514785,8623613317546,8880091177628
1789034621412122368,8623658037345,8880135866395
1789034622425702059,8623709868773,8880187991241
1789034623439306667,8623761479651,8880239264863
1789034624452905323,8623813170972,8880291381935
1789034625466597251,8623866121977,8880343925198
1789034626480464134,8623910893930,8880389016943
1789034627494221980,8623963053315,8880440904366
1789034628507937442,8624015499635,8880493539888
1789034629521743066,8624066792271,8880545098452
1789034630535771159,8624118888770,8880597332727
1789034631549490856,8624171882182,8880650279055
1789034632563691241,8624217351646,8880695401282
1789034633577793844,8624270313618,8880748307760
1789034634591778435,8624321991922,8880799996090
1789034635605358057,8624374841275,8880943767003
1789034636618968603,8624635105503,8881252164893
1789034637632725236,8624971703258,8881470093099
1789034638646328230,8625141682224,8881845464109
1789034639660066126,8625482162865,8882025870521
1789034640673755301,8625774584479,8882165245507
1789034641687640946,8625846647314,8882603064507
1789034642701774311,8626238938507,8882800153962
1789034643715788303,8626511354011,8883105905744
1789034644729591697,8626702153753,8883435060788
1789034645743547014,8626933242060,8883742622782
1789034646757680114,8627274406974,8884000796907
1789034647771613332,8627504509793,8884278697404
1789034648787110636,8627856732342,8884448112128
1789034649801374062,8628174603492,8884597407030
1789034650815092503,8628308286978,8884949586380
1789034651828672642,8628543626116,8885202342768
1789034652842323415,8628882108108,8885430867946
1789034653855947766,8629142110646,8885744910335
1789034654869591868,8629356147249,8886046117217
1789034655883307019,8629510030068,8886394868549
1789034656897107177,8629926280586,8886472006626
1789034657910725490,8630026427298,8886939075240
1789034658924423805,8630428763256,8887078685229
1789034659938198114,8630585251169,8887435560853
1789034660951851081,8630820324698,8887617989959
1789034661965600918,8631047343972,8887892222874
1789034662979450011,8631218049590,8888219515470
1789034663993250329,8631634388150,8888369095224
1789034665006913665,8631799520946,8888795232812
1789034666023411274,8632150877410,8889063364320
1789034667037199155,8632409026536,8889331344154
1789034668052269624,8632676973141,8889542348564
1789034669066574299,8632871309986,8889827631653
1789034670081392187,8633153639375,8890097342893
1789034671095477822,8633379575021,8890403288209
1789034672109330800,8633648146563,8890701032925
1789034673123310635,8633908559879,8891029666091
1789034674137126216,8634156713258,8891276537172
1789034675150904200,8634439572430,8891534650262
1789034676164624253,8634657866260,8891782682192
1789034677178527613,8634903784872,8892110083570
1789034678192409959,8635113871066,8892368052975
1789034679206442329,8635377927972,8892588195607
1789034680221510287,8635645928497,8892860979797
1789034681237519870,8635904055227,8893128030096
1789034682251451330,8636152319082,8893416824759
1789034683265046051,8636450029002,8893636430118
1789034684278749179,8636483683269,8893801027051
1789034685292620447,8636537686083,8893855243413
1789034686306385203,8636591277683,8893909042927
1789034687319902724,8636641693736,8893962052951
1789034688333701446,8636683403774,8894001051164
1789034689347562634,8636736540785,8894054435539
1789034690362698705,8636790369079,8894108233335
1789034691376708896,8636843721287,8894161208141
1789034692390615891,8636897686938,8894215436301
1789034693404307369,8636943152606,8894260559563
1789034694417974710,8636996533618,8894314013198
1789034695431667802,8637049920822,8894367422008
1789034696445297189,8637103036595,8894420811748
1789034697459004258,8637156741375,8894474548528
1789034698472756551,8637210611723,8894528429853
1789034699486621252,8637263536451,8894581009915
1789034700500118543,8637318176206,8894635618164
1789034701513744911,8637364966885,8894682445770
1789034702527536748,8637418805794,8894736220288
1789034703541080370,8637472649714,8894790029423
1789034704555497330,8637526443242,8894844039100
1789034705569577270,8637580663453,8894898058608
1789034706583298413,8637634536169,8894952290754
1789034707596923372,8637688327442,8895005686952
1789034708610612525,8637742164755,8895059492823
1789034709624303376,8637795962235,8895113431349
1789034710638104402,8637848925722,8895166366085
1789034711651773888,8637904401032,8895221750642
1789034712666040622,8637950837405,8895268118810
1789034713679989002,8638005077433,8895322406616
1789034714693997853,8638058458626,8895375723319
1789034715709844864,8638111835384,8895429108321
1789034716724093888,8638164908168,8895482498803
1789034717737943112,8638218661328,8895536052928
1789034718751929034,8638271763770,8895589273713
1789034719766114439,8638326296412,8895643498658
1789034720779691023,8638379679116,8895697305234
1789034721793469599,8638426466825,8895743678269
1789034722807662829,8638480016380,8895797487989
1789034723821577759,8638533740769,8895850879205
1789034724835391315,8638587145687,8895904258394
1789034725849045211,8638639694949,8895956808385
1789034726862772818,8638693483736,8896010605495
1789034727876424408,8638746508947,8896063683202
1789034728890124918,8638799910585,8896116964227
1789034729903787910,8638845858580,8896162913018
1789034730917426300,8638899652982,8896216714218
1789034731930962058,8638952612070,8896269753436
1789034732944333467,8639006890822,8896323906835
1789034733958255858,8639060118691,8896377294345
1789034734972080093,8639113256727,8896430294386
1789034735985657336,8639165899473,8896483227204
1789034736999460945,8639218761173,8896535777073
1789034738013257663,8639402539418,8896642635670
1789034739026935743,8639623175355,8896920502201
1789034740040838621,8639742939648,8897247554726
1789034741054715147,8640220641027,8897337782827
1789034742068502230,8640399142387,8897704575081
1789034743082174826,8640537133690,8898028647778
1789034744095957793,8640755690715,8898270003550
1789034745109834296,8641092829379,8898458895313
1789034746123686355,8641327516296,8898707083903
1789034747137455158,8641549830259,8899071462412
1789034748151242916,8641778997900,8899302342268
1789034749165043578,8641976751066,8899501473510
1789034750178779870,8642175421613,8899729193874
1789034751192399115,8642388241774,8900016952394
1789034752206049196,8642642179364,8900259717554
1789034753219664187,8642931373993,8900533124737
1789034754233501437,8643138708613,8900848493596
1789034755247169675,8643349221044,8901049090278
1789034756260843720,8643622536659,8901317053395
1789034757274647168,8643912971235,8901595038066
1789034758288276258,8644175077169,8901863135584
1789034759302273144,8644399541582,8902091438705
1789034760316156906,8644667543748,8902359404434
1789034761330092877,8644866163749,8902580284842
1789034762344362392,8645173634341,8902771671449
1789034763358303124,8645471191620,8902955402320
1789034764372277648,8645511649495,8903340239779
1789034765386198260,8645628357677,8903589476727
1789034766400492671,8645910996922,8903837758451
1789034767415640246,8646196910438,8904091721393
1789034768430656500,8646498914106,8904225472225
1789034769444782157,8646603826894,8904433651486
1789034770459377840,8646858905653,8904681763912
1789034771474099973,8647119746966,8904870495824
1789034772488147810,8647308686093,8905175551471
1789034773501738301,8647566942373,8905485560976
1789034774515559121,8647815099141,8905744687803
1789034775529220751,8648187493495,8905982052356
1789034776542871907,8648281684269,8906235720145
1789034777556755015,8648583735688,8906527713508
1789034778570267012,8648867389603,8906825490474
1789034779583964793,8649125510489,8907069478639
1789034780597623897,8649334115389,8907341630493
1789034781611307587,8649592123399,8907556375264
1789034782625076409,8649830298927,8907711116992
1789034783638944949,8649989396415,8907947443179
1789034784652678547,8650057329336,8908274508490
1789034785666511657,8650327518318,8908494875022
1789034786680119967,8650610570646,8908652218036
1789034787693724538,8650897609966,8908979652660
1789034788707458946,8651161323518,8909267466829
1789034789721242482,8651203248534,8909309659352
1789034790735015460,8651258180699,8909364302122
1789034791748849193,8651311552618,8909417676853
1789034792762475606,8651365383104,8909471586223
1789034793776931315,8651418789626,8909524866699
1789034794792460113,8651472769018,8909579081699
1789034795806190562,8651527247833,8909633288956
1789034796820042094,8651581042930,8909687506089
1789034797834035793,8651628066319,8909734287590
1789034798847774466,8651682103275,8909788089476
1789034799861566139,8651735920124,8909841944195
1789034800875305376,8651790276109,8909896298292
1789034801888935925,8651844948657,8909951142691
1789034802902718118,8651899156742,8910004938247
1789034803916474760,8651953477821,8910059577265
1789034804930210029,8652007231107,8910112953360
1789034805943853614,8652061863328,8910167579207
1789034806957863988,8652115023215,8910220953918
1789034807971442798,8652169185975,8910274772282
1789034808985074340,8652215165644,8910320767201
1789034809998828481,8652269405382,8910374888844
1789034811012451393,8652323200214,8910428894702
1789034812026033487,8652377861575,8910483736239
1789034813039835666,8652431649266,8910537112410
1789034814054066585,8652485477398,8910590906937
1789034815068083662,8652538048087,8910643480567
1789034816081989364,8652592045922,8910697669755
1789034817095774970,8652645645652,8910751480192
1789034818109597079,8652699889190,8910805352580
1789034819123377433,8652746707476,8910852148817
1789034820137070277,8652800949746,8910906301259
1789034821150704135,8652855579433,8910960945174
1789034822164962283,8652909790359,8911015161748
1789034823178742606,8652963628600,8911069048415
1789034824192583364,8653017457768,8911122942355
1789034825206506774,8653070868119,8911176272666
1789034826220268402,8653124241769,8911230045767
1789034827234056620,8653179707838,8911285102810
1789034828247744100,8653233960022,8911339332749
1789034829261646293,8653288208722,8911393557611
1789034830275415337,8653342483236,8911447782247
1789034831288522112,8653388855138,8911494567807
1789034832302668671,8653443495677,8911549217640
1789034833318622657,8653497839836,8911603438541
1789034834332883689,8653552443451,8911657666261
1789034835346948994,8653606675808,8911711873604
1789034836361071545,8653660332694,8911765737224
1789034837374736661,8653708566498,8911813783763
1789034838388613060,8653727989962,8911833195818
1789034839402444134,8653750634798,8911855805346
1789034840416333416,8653773313370,8911878447392
1789034841430038881,8653817427213,8911925064681
1789034842443846430,8653865308146,8911971543841
1789034843457725160,8653924287173,8912031048696
1789034844471420340,8653995184982,8912101492472
1789034845485456685,8654047138217,8912153413089
1789034846499256993,8654099066588,8912205565100
1789034847513009962,8654151090569,8912257491473
1789034848526698288,8654203052483,8912309936133
1789034849540551622,8654255019126,8912361917981
1789034850554675911,8654306986391,8912413842990
1789034851568293093,8654358910324,8912465765099
1789034852582035804,8654410830773,8912517718579
1789034853595890380,8654438997216,8912548001771
1789034854609604240,8654488783420,8912595598982
1789034855623204632,8654566695405,8912673480576
1789034856636828478,8654618616307,8912725404233
1789034857650586558,8654670542124,8912777315692
1789034858664335136,8654722536739,8912830058256
1789034859678356506,8654774490672,8912881985951
1789034860692200160,8654826450022,8912934306426
1789034861705917229,8654878381986,8912986239344
1789034862719819844,8654930314234,8913038679492
1789034863733513611,8654982376488,8913090603118
1789034864747343026,8655034349938,8913142528835
1789034865761209684,8655089879919,8913198041495
1789034866775302524,8655146843947,8913255099112
1789034867789328800,8655184813887,8913293073429
1789034868802904940,8655241805511,8913350031752
1789034869816730414,8655279814215,8913388001769
1789034870830489527,8655336800333,8913444992146
1789034871844134665,8655374781993,8913482976944
1789034872857924828,8655412768077,8913522523362
1789034873871953966,8655469754614,8913577901381
1789034874885685789,8655509603943,8913615888263
1789034875899430577,8655546031754,8913655438293
1789034876913326386,8655603162331,8913710821906
1789034877927461019,8655644315642,8913754323061
1789034878941055000,8655698160800,8913806890657
1789034879955042281,8655755195583,8913863924271
1789034880969957063,8655793202242,8913901901366
1789034881983691240,8655850279800,8913958862396
1789034882998123948,8655888261785,8913998410284
1789034884012795816,8655945259938,8914053783446
1789034885026533638,8655990203423,8914099115283
1789034886041681755,8656038157147,8914146665584
1789034887056106432,8656076977235,8914185550182
1789034888070356053,8656171222286,8914229899313
1789034889084034016,8656349875496,8914566984045
1789034890097819816,8656627859489,8914855686906
1789034891111714338,8656984928729,8915063633409
1789034892125654445,8657238422351,8915371146679
1789034893139238641,8657412209372,8915711700117
1789034894153012778,8657680133115,8915916456206
1789034895166798054,8657904485186,8916194630423
1789034896180548613,8658161133117,8916452631767
1789034897194396339,8658483944006,8916621733385
1789034898208321352,8658672915727,8916958176887
1789034899222395147,8658954716589,8917137884214
1789034900236743228,8659121891624,8917494745597
1789034901251922645,8659437353134,8917749565605
1789034902268288120,8659626373801,8918137205073
1789034903284274489,8659943871805,8918357799590
1789034904298656949,8660215933086,8918616337034
1789034905313146362,8660430558886,8918928594414
1789034906327587589,8660688471436,8919127627772
1789034907342437423,8661025711247,8919323087966
1789034908356301912,8661244224711,8919579482355
1789034909371279835,8661433052803,8919926574190
1789034910386638663,8661739090890,8920165003093
1789034911403415303,8661929743937,8920441729638
1789034912418309214,8662244628882,8920641630876
1789034913432275128,8662435950082,8920924112210
1789034914446033631,8662829230468,8921088689017
1789034915459777794,8662863571828,8921589977723
1789034916473699023,8663198696205,8921614581091
1789034917487364772,8663416921022,8921981467328
1789034918502453138,8663608095528,8922306238705
1789034919518308016,8663886050150,8922555106857
1789034920534474100,8664163101689,8922785429130
1789034921549967960,8664333103449,8923140802806
1789034922564941171,8664648426267,8923281801298
1789034923579171780,8664850207541,8923609203710
1789034924592957128,8665097443123,8923829904003
1789034925606601952,8665487488690,8923967265116
1789034926620139891,8665532178259,8924413136796
1789034927633753921,8665862085561,8924625147592
1789034928647544601,8666164088401,8924800863382
1789034929661088947,8666269514634,8925159282205
1789034930674740584,8666559020760,8925336727590
1789034931688470547,8666825205790,8925599115772
1789034932702050654,8667090955980,8925783619746
1789034933715756428,8667252289004,8926161107694
1789034934729472014,8667652800609,8926289992547
1789034935743181396,8667751948678,8926636936778
1789034936756638436,8668049335557,8926848557135
1789034937770428438,8668088588545,8926887917380
1789034938784087168,8668137358319,8926936628512
1789034939797843997,8668186577456,8926985792909
1789034940811662845,8668227947962,8927027244392
1789034941825377137,8668276751172,8927075926470
1789034942839050861,8668318092759,8927119294607
1789034943852765176,8668366859589,8927166555758
1789034944866316204,8668415310076,8927214911296
1789034945880223813,8668466136205,8927265406584
1789034946893678672,8668507083281,8927306397131
1789034947907238702,8668555849017,8927355142984
1789034948921042228,8668599278008,8927402612197
1789034949935334214,8668646824536,8927446140288
1789034950949074735,8668696108035,8927495649738
1789034951962721992,8668745667842,8927544838112
1789034952976740780,8668788675734,8927588253020
1789034953990613593,8668838766732,8927638213118
1789034955004246229,8668888747838,8927687944778
1789034956018032926,8668930954394,8927730291831
1789034957031779663,8668980283352,8927779419999
1789034958045282493,8669030297665,8927829314182
1789034959059124941,8669072470317,8927871528814
1789034960072992597,8669123350029,8927922354246
1789034961086782924,8669172683680,8927971967217
1789034962100280690,8669223030609,8928022422386
1789034963114076752,8669265618177,8928064800713
1789034964127891409,8669316062254,8928115042371
1789034965141553121,8669366114855,8928165109835
1789034966155143058,8669416586511,8928215530464
1789034967169208953,8669460884778,8928259870793
1789034968183096428,8669511744016,8928310669714
1789034969197019786,8669561762498,8928360733537
1789034970210930540,8669613070576,8928411982428
1789034971225038213,8669655675674,8928454576410
1789034972239095387,8669705742284,8928504605680
1789034973253423032,8669756185328,8928555060304
1789034974267273366,8669799195032,8928598108163
1789034975280932928,8669849241415,8928648107186
1789034976294557370,8669899704950,8928698584195
1789034977308422516,8669949707733,8928748575436
1789034978322205324,8669992444062,8928791210538
1789034979335779333,8670043299968,8928842044662
1789034980349483158,8670092508688,8928891268507
1789034981363192962,8670143389778,8928942409023
1789034982376893980,8670186009909,8928984685268
1789034983390953255,8670236873085,8929035552194
1789034984404822280,8670287204038,8929085996784
1789034985418730887,8670330773612,8929129431956
1789034986432412763,8670382076819,8929180750382
1789034987446167084,8670433452484,8929232384009
1789034988459726742,8670485081127,8929283714561
1789034989473555930,8670535939416,8929334995502
1789034990487286978,8670580300229,8929379262039
1789034991501140381,8670631120535,8929429750063
1789034992514698639,8670681587401,8929480167225
1789034993528324655,8670732093334,8929531033617
1789034994542171790,8670775902704,8929574465086
1789034995555896738,8670826604066,8929624937359
1789034996569733686,8671040785104,8929898338306
1789034997583160942,8671219443878,8930176146331
1789034998597453210,8671616306819,8930316923009
1789034999611157543,8671774935205,8930731983898
1789035000625136142,8672029881465,8930950542153
1789035001640181738,8672331481439,8931242215126
1789035002654192848,8672583194737,8931545948463
1789035003667837660,8672887272240,8931764555827
1789035004681674005,8673115695875,8932033608948
1789035005695585651,8673324356309,8932317059452
1789035006709535419,8673632029651,8932568534715
1789035007723247316,8673864358287,8932836513133
1789035008737244057,8674069303485,8933198079176
1789035009751200907,8674327462814,8933496891031
1789035010765088913,8674565824653,8933773614370
1789035011778923322,8674833833224,8934039227986
1789035012792843388,8675161092879,8934210451856
1789035013806608926,8675360021511,8934618972590
1789035014821583837,8675697224844,8934812939145
1789035015836366962,8675898824700,8935158483638
1789035016850467545,8676220187196,8935327593843
1789035017864840629,8676343187126,8935700456364
1789035018878790523,8676611268531,8935957038225
1789035019892990478,8676968252696,8936126682832
1789035020906684763,8677155445836,8936448948715
1789035021920846682,8677336464901,8936746481756
1789035022935006643,8677762273708,8936868728245
1789035023948662199,8677951135025,8937152509570
1789035024962598814,8678176182721,8937342638106
1789035025976747873,8678371613208,8937620468706
1789035026990889493,8678547325205,8937910547017
1789035028004679365,8678844962641,8938095797199
1789035029018320374,8679103086779,8938361798164
1789035030032045333,8679282101252,8938663342008
1789035031045937104,8679539795840,8938871192543
1789035032060977414,8679827969424,8939123083378
1789035033075903689,8680105805914,8939336682422
1789035034090801694,8680245831740,8939625528254
1789035035104882470,8680503166539,8939873731270
1789035036118887304,8680817212881,8940092436597
1789035037132872636,8681108608444,8940380258884
1789035038146644487,8681297463487,8940650140835
1789035039160459504,8681556385020,8940916182268
1789035040174016710,8681791435729,8941263347219
1789035041187889784,8682091662953,8941462084989
1789035042201816342,8682339887572,8941719072609
1789035043215595195,8682489237670,8942047388981
1789035044229427508,8682796711369,8942244886722
1789035045243088818,8682833818382,8942322950786
1789035046257048771,8682884461136,8942373555111
1789035047270754077,8682928766490,8942417835649
1789035048284276217,8682980508303,8942469728360
1789035049298111306,8683031379396,8942520431229
1789035050312223653,8683082663589,8942571998524
1789035051326899750,8683133766464,8942623008815
1789035052340772373,8683178891779,8942668126294
1789035053354040767,8683231279200,8942720260244
1789035054367631071,8683282983996,8942772168756
1789035055381129498,8683334688765,8942823739238
1789035056394653101,8683385592860,8942874645254
1789035057408274973,8683430326928,8942919381267
1789035058422097861,8683481232175,8942970296678
1789035059435803751,8683533367799,8943022479023
1789035060449401098,8683584245218,8943073389874
1789035061463054713,8683635987998,8943125141392
1789035062476618711,8683680753267,8943170289195
1789035063490226934,8683732460244,8943221623073
1789035064503843012,8683784588250,8943274207700
1789035065517631860,8683835877418,8943325223793
1789035066531560436,8683888454153,8943377706002
1789035067545305301,8683933614272,8943422857266
1789035068558994405,8683985358000,8943474611030
1789035069572729593,8684037260271,8943526872043
1789035070586485518,8684089612862,8943579037771
1789035071600840450,8684140970473,8943630466560
1789035072614818394,8684185675959,8943675526089
1789035073628351714,8684237255263,8943727716469
1789035074642095488,8684288722570,8943779463991
1789035075655735988,8684340855593,8943831217127
1789035076669595443,8684392209303,8943883044176
1789035077683291653,8684436914944,8943927709908
1789035078697029538,8684488024671,8943978886935
1789035079710741997,8684539517242,8944030164674
1789035080724891863,8684590380989,8944081106082
1789035081738935343,8684642986602,8944133676501
1789035082752695876,8684688531696,8944179180501
1789035083766851426,8684740378494,8944231347575
1789035084780963857,8684792612271,8944283517437
1789035085794446999,8684843698024,8944334849705
1789035086808021278,8684895477710,8944386182568
1789035087821701038,8684939757432,8944430493515
1789035088835446190,8684990411234,8944481393339
1789035089849264350,8685041534423,8944532468132
1789035090862781200,8685093241444,8944584112674
1789035091876416782,8685136816558,8944628007251
1789035092890141994,8685188458171,8944679335049
1789035093903738968,8685239362070,8944730611316
1789035094917534421,8685290651869,8944781985639
1789035095931476489,8685342358749,8944833312023
1789035096945227903,8685386697320,8944877691659
1789035097959182350,8685438857146,8944930101190
1789035098972728102,8685491403615,8944982446778
1789035099986364358,8685542700684,8945033786214
1789035101000007863,8685592900804,8945084018051
1789035102013725998,8685876291505,8945332337004
1789035103027578316,8686079549658,8945570606785
1789035104041445189,8686255488636,8945868120348
1789035105055663024,8686516475138,8946060360231
1789035106070412535,8686774591917,8946344652346
1789035107084320720,8686943593001,8946642147364
1789035108098480737,8687235975428,8946850820312
1789035109112524381,8687351289382,8947049170990
1789035110127117780,8687643723417,8947267698073
1789035111141068144,8687955965275,8947515341054
1789035112154795372,8688055874866,8947852962381
1789035113168669699,8688224537373,8947962357181
1789035114182458075,8688363646888,8948162236853
1789035115196325983,8688661227478,8948359463211
1789035116211057477,8688859617251,8948498114135
1789035117226132220,8689004310387,8948895056370
1789035118240067314,8689286900568,8949103679757
1789035119253815662,8689396007799,8949401065820
1789035120267696706,8689802847691,8949521842721
1789035121282028525,8689971637548,8949907327189
1789035122296065630,8690180351118,8950041087654
1789035123310365855,8690309581679,8950236562061
1789035124324733809,8690474488277,8950581894210
1789035125339388169,8690711132186,8950770699403
1789035126353752305,8690905479024,8950949881299
1789035127368936738,8691222957936,8951130625552
1789035128383836952,8691465123689,8951515167163
1789035129398124620,8691630585549,8951783012957
1789035130411711961,8691833494846,8951922177459
1789035131425767420,8692085911675,8952150617573
1789035132440538910,8692463977667,8952300088766
1789035133454698269,8692563999662,8952672603779
1789035134469853210,8692742899898,8952981995419
1789035135483695513,8692976018455,8953281861759
1789035136498299919,8693267811731,8953530102445
1789035137513301149,8693408539202,8953857174739
1789035138528257446,8693735639070,8953946526484
1789035139542590482,8694062785550,8954091254122
1789035140556368978,8694181702556,8954542240330
1789035141570695071,8694519729062,8954720261587
1789035142584439131,8694797731120,8954982646353
1789035143598228061,8694848369301,8955464816767
1789035144612557131,8695373336762,8955472080991
1789035145626387594,8695483925578,8955733639127
1789035146641793950,8695721356776,8956103486157
1789035147657382877,8695996784715,8956388469747
1789035148671230537,8696237794210,8956664279407
1789035149685133175,8696571559253,8956894874714
1789035150698953981,8696783704275,8957182547260
1789035151713361133,8696826435291,8957225616053
1789035152726643859,8696878144003,8957277655964
1789035153740446628,8696929423052,8957328579838
1789035154754143048,8696982041006,8957381588406
1789035155767891837,8697026675619,8957426007022
1789035156781667786,8697077962911,8957477645734
1789035157795227580,8697129642292,8957529317412
1789035158808925040,8697181292921,8957581104225
1789035159822719874,8697233162371,8957632819857
1789035160836480641,8697277747790,8957677528702
1789035161850117997,8697329682040,8957729692815
1789035162863747089,8697382508824,8957782281385
1789035163877574422,8697433322030,8957833385423
1789035164891144175,8697484936421,8957884940517
1789035165904955995,8697529178242,8957929485057
1789035166918669723,8697580470634,8957980524955
1789035167932480800,8697633081350,8958033085849
1789035168946258680,8697684401699,8958084792774
1789035169960105321,8697736110321,8958136143719
1789035170973934593,8697780395332,8958180430386
1789035171987551382,8697832096481,8958232215896
1789035173001706245,8697883461800,8958283815364
1789035174015937908,8697935203947,8958335274793
1789035175029621287,8697986916247,8958387304559
1789035176043514125,8698031616968,8958432077429
1789035177057411096,8698083776675,8958484083062
1789035178071285388,8698135507742,8958535512391
1789035179085400140,8698187250226,8958587225782
1789035180099170716,8698239998559,8958640383918
1789035181113725336,8698284906865,8958685156681
1789035182127540917,8698337897583,8958738051710
1789035183141734915,8698390089020,8958790599790
1789035184156279011,8698441966112,8958841883698
1789035185170500357,8698494505465,8958894422207
1789035186182700454,8698546637190,8958946746758
1789035187190204319,8698591777005,8958991657917
1789035188203135460,8698644766862,8959044626918
1789035189216201673,8698696533720,8959096334191
1789035190229100438,8698749068665,8959148975143
1789035191241993800,8698800526241,8959200576149
1789035192255162715,8698853096518,8959252702255
1789035193268728670,8698897848524,8959297800498
1789035194282422545,8698949641419,8959349498462
1789035195296087915,8699001650628,8959401617006
1789035196309719972,8699053770062,8959453327096
1789035197323423197,8699104663288,8959504189917
1789035198337053520,8699149264224,8959548874348
1789035199350708267,8699200780603,8959600199157
1789035200364495602,8699252135731,8959651862629
1789035201378297419,8699304266714,8959703992096
1789035202391898745,8699355831843,8959755202452
1789035203405526960,8699389792839,8959789129784
1789035204419444367,8699405982825,8959805438396
1789035205433099488,8699426992364,8959826306548
1789035206446767345,8699446382017,8959845688690
1789035207460146601,8699475238827,8959874574612
1789035208474010474,8699505598949,8959904899868
1789035209487888169,8699535963181,8959936067267
1789035210501589871,8699576402069,8959975656268
1789035211515662864,8699606733083,8960005981942
1789035212529531545,8699647206343,8960046415350
1789035213543189017,8699677563073,8960076738412
1789035214557456488,8699710448697,8960107068196
1789035215571174206,8699750350044,8960150031017
1789035216585222836,8699789121326,8960187940071
1789035217598846666,8699819506370,8960218271221
1789035218612526132,8699854922253,8960256588413
1789035219627380953,8699899110399,8960299760778
1789035220641214992,8699930978022,8960330093816
1789035221654636205,8699970563838,8960369702695
1789035222668169969,8700000764028,8960399900559
1789035223681897511,8700230328687,8960594579162
1789035224695695855,8700404158018,8960919238707
1789035225709482384,8700628809400,8961209599052
1789035226723291793,8700999568631,8961378977237
1789035227737067954,8701188628454,8961711066807
1789035228750723861,8701506052814,8961906603440
1789035229764378511,8701620188961,8962291621070
1789035230778041648,8701886172460,8962549759378
1789035231791885002,8702171730221,8962748556781
1789035232805683992,8702400190424,8963017948515
1789035233819455000,8702647356096,8963254863148
1789035234833168645,8702916527411,8963492325822
1789035235846970654,8703115574652,8963810758385
1789035236860766503,8703442850058,8964084833674
1789035237874579789,8703611835009,8964386261146
1789035238888402103,8703938130235,8964674138501
1789035239902117448,8704204053356,8964932177353
1789035240915677475,8704425918674,8965231781476
1789035241929339542,8704664289987,8965494087793
1789035242942983662,8704912634642,8965779156086
1789035243956843335,8705249848689,8965986178940
1789035244970543303,8705448821696,8966359965902
1789035245984419494,8705781056930,8966520538998
1789035246998204278,8706020929218,8966808353562
1789035248012181262,8706252909642,8967097427620
1789035249026946382,8706402259724,8967423773418
1789035250041547500,8706640789728,8967771826573
1789035251056130133,8706879090253,8968018314977
1789035252071144826,8707150140496,8968316500168
1789035253087128209,8707496196035,8968446120322
1789035254100932964,8707831477326,8968654837871
1789035255115647625,8708054042208,8968883200536
1789035256129859687,8708258866646,8969306112750
1789035257146542836,8708475620530,8969617023010
1789035258161241192,8708745543191,8969894019754
1789035259180487187,8709014397622,8970083841573
1789035260195228808,8709390103174,8970183462347
1789035261210342688,8709500085155,8970646860901
1789035262224637788,8709731212323,8970956891254
1789035263239976841,8709987107317,8971145695231
1789035264255060053,8710373246529,8971299035325
1789035265269661378,8710453523409,8971754756828
1789035266284149737,8710711697912,8972018980669
1789035267297974433,8710979309278,8972128491903
1789035268313192380,8711148642737,8972494097751
1789035269328353103,8711605921848,8972585592720
1789035270344344546,8711724248427,8972967993863
1789035271358171116,8711956545448,8973155254229
1789035272371839624,8711989756606,8973188414350
1789035273385677376,8712019872071,8973218496060
1789035274400204885,8712053011045,8973251446091
1789035275414160686,8712083761999,8973282183013
1789035276429316905,8712117133363,8973315743808
1789035277444102018,8712149867789,8973348485515
1789035278457841742,8712183108912,8973381640200
1789035279471772142,8712213808598,8973412284428
1789035280485687193,8712246362741,8973444667617
1789035281499235600,8712279770241,8973478067782
1789035282512808125,8712310533530,8973508965327
1789035283526544942,8712343594494,8973541916114
1789035284540209861,8712377106142,8973575380300
1789035285553973193,8712409090154,8973607266747
1789035286568194666,8712441826454,8973640222986
1789035287582257424,8712475646189,8973673840177
1789035288596183591,8712507237804,8973705357585
1789035289610167602,8712541056104,8973739207390
1789035290623768036,8712574344490,8973772514471
1789035291637551325,8712607964058,8973806095471
1789035292651099150,8712639901795,8973837876264
1789035293664939378,8712673585738,8973871646723
1789035294678631337,8712707139209,8973905062774
1789035295692060646,8712740753825,8973938800104
1789035296705334760,8712773154968,8973970985496
1789035297718970168,8712806670604,8974004567599
1789035298732435548,8712840982016,8974038797595
1789035299747288405,8712873963988,8974071732111
1789035300761164793,8712905594333,8974103497175
1789035301774966289,8712938936976,8974136856016
1789035302788877115,8712972300782,8974170018924
1789035303802530021,8713004302468,8974201991336
1789035304816032559,8713037910432,8974235784765
1789035305830492043,8713071515337,8974269170432
1789035306844812920,8713105322229,8974303099457
1789035307858914869,8713137513497,8974337268447
1789035308872443116,8713243270250,8974412178840
1789035309886040784,8713412569440,8974806661493
1789035310899742002,8713838837455,8974987337665
1789035311913515753,8713936751023,8975442880681
1789035312927348809,8714335483810,8975577812035
1789035313941191529,8714548041126,8975939555321
1789035314954826156,8714832126757,8976168633325
1789035315968408201,8715169435268,8976378092659
1789035316982202571,8715338737053,8976745067777
1789035317995842456,8715656172969,8976929767514
1789035319009647186,8715867356947,8977299668311
1789035320024312477,8716123104955,8977507152439
1789035321039035449,8716400930341,8977701816315
1789035322055589735,8716669001171,8978014245989
1789035323070081007,8716907340131,8978298734042
1789035324085082696,8717195082412,8978545053342
1789035325098876839,8717443324855,8978773182107
1789035326113166876,8717711466048,8979139211768
1789035327129395159,8717975064327,8979384369962
1789035328143146516,8718232809220,8979622724624
1789035329157361857,8718406889870,8979969311657
1789035330172005538,8718694707128,8980184407727
1789035331187014417,8718862802444,8980495941559
1789035332200857045,8719190948778,8980724378516
1789035333214630671,8719429833799,8980863612648
1789035334228502097,8719553318905,8981260170796
1789035335242123447,8719787333328,8981498361624
1789035336255804577,8720114721580,8981709545517
1789035337269595853,8720353668528,8981994860342
1789035338283261333,8720591346802,8982243034567
1789035339296808294,8720839682872,8982506736279
1789035340311718087,8721092436742,8982789093448
1789035341325663660,8721331585107,8983076821904
1789035342339580528,8721571344022,8983344818034
1789035343353574046,8721756557056,8983592834432
1789035344367077059,8722130297947,8983771953607
1789035345381498359,8722368637371,8984012779848
1789035346395961337,8722597015083,8984216998913
1789035347410440315,8722756418912,8984612561792
1789035348424256984,8723108922133,8984754919669
1789035349440264269,8723312210317,8985084785287
1789035350454895337,8723418279391,8985409351753
1789035351468789065,8723773857606,8985568634613
1789035352482597370,8723950193230,8985974981939
1789035353502721463,8724319373578,8986124419818
1789035354516942346,8724554640909,8986402348202
1789035355531694020,8724742450464,8986723170798
1789035356547701967,8725010519528,8986968168567
1789035357561676516,8725202811088,8987186352743
1789035358575506015,8725256957380,8987214623138
1789035359589293873,8725290718546,8987248423649
1789035360602808103,8725322102586,8987279570566
1789035361616514411,8725354911888,8987312519485
1789035362630065221,8725388432828,8987346097970
1789035363643568086,8725420202905,8987377708381
1789035364657173707,8725454650536,8987412081876
1789035365670702922,8725487414915,8987444825823
1789035366684218104,8725520810018,8987478194370
1789035367698201548,8725552172822,8987509748598
1789035368713965657,8725585734957,8987543328889
1789035369729299036,8725619431512,8987576909236
1789035370743255696,8725653305376,8987610699213
1789035371757151829,8725684802762,8987642263506
1789035372771078631,8725718112371,8987675431453
1789035373785882989,8725751895400,8987709422145
1789035374800265012,8725783696354,8987740994147
1789035375814548078,8725817718339,8987775201331
1789035376828730344,8725851118927,8987808372882
1789035377842837334,8725885111162,8987842393706
1789035378856557267,8725916464472,8987873934165
1789035379869983363,8725950492978,8987907752658
1789035380883708122,8725984104096,8987941535687
1789035381897262051,8726018342698,8987975541470
1789035382910853064,8726049694485,8988007040436
1789035383924464298,8726083064794,8988040266793
1789035384939054920,8726116464299,8988073846723
1789035385953440719,8726149644282,8988106798722
1789035386967408633,8726181870551,8988139040474
1789035387981225103,8726215233425,8988172361219
1789035388994975287,8726249288283,8988206581464
1789035390008963304,8726282847527,8988239956428
1789035391022678639,8726314860409,8988271942926
1789035392036518370,8726348701054,8988305803825
1789035393050172734,8726382699034,8988339774275
1789035394063840128,8726416476873,8988373533037
1789035395077513109,8726440407001,8988551876462
1789035396091122599,8726931036141,8988705123700
1789035397104915021,8727045904743,8989238052626
1789035398120279573,8727333334924,8989359517992
1789035399134028616,8727462515728,8989548008215
1789035400148669785,8727552241968,8989820744851
1789035401163757325,8727889244985,8989935298115
1789035402178621902,8728058298270,8990245528718
1789035403194772025,8728296448090,8990477131657
1789035404214147217,8728564359190,8990540731075
1789035405228066936,8728673704989,8990886342569
1789035406243964383,8729050232310,8990975337932
1789035407258522743,8729051378618,8991502249673
1789035408272507209,8729358396067,8991507768681
1789035409286333735,8729447932195,8991681425232
1789035410300117046,8729557153198,8991800488916
1789035411313772338,8729805081657,8991928076608
1789035412327377193,8729854000843,8992346011291
1789035413341139347,8730182914232,8992495319586
1789035414354742551,8730450877706,8992723763914
1789035415368321812,8730768373724,8992964103558
1789035416382079224,8730957116084,8993216299535
1789035417395876555,8731215086427,8993383221903
1789035418409628124,8731324575584,8993587575962
1789035419423229667,8731325411004,8993918507208
1789035420436941656,8731593036344,8993984476675
1789035421450718954,8731914453439,8994272405919
1789035422464388901,8732168757664,8994545625261
1789035423478302221,8732446669333,8994838045803
1789035424492042692,8732685032529,8995156708793
1789035425505752721,8733010259116,8995304699276
1789035426519400372,8733181357105,8995589840822
1789035427533143680,8733301029887,8995929335210
1789035428546795541,8733657566103,8996009334876
1789035429560535227,8733856706945,8996438230635
1789035430574063012,8734193829700,8996581036635
1789035431587685296,8734380374364,8996813098683
1789035432601346750,8734403153192,8997104001947
1789035433614967409,8734718508660,8997200197768
1789035434629340090,8734913405290,8997527554973
1789035435643217431,8735084202094,8997755714767
1789035436656997563,8735206434618,8998082904771
1789035437670685963,8735475495631,8998172624352
1789035438684401076,8735634137163,8998242392001
1789035439698150826,8735856238705,8998530086738
1789035440711828531,8736094259058,8998847454037
1789035441725472296,8736319401145,8999135123623
1789035442739287045,8736468295612,8999265060369
1789035443753085869,8736775566209,8999591615062
1789035444766800231,8736884992195,8999641374209
1789035445780891894,8736985586322,9000018054622
1789035446794392248,8737282339437,9000048518956
1789035447808915386,8737417903185,9000246868119
1789035448823057042,8737757615714,9000485361901
1789035449837190482,8737928591498,9000803589466
1789035450851367734,8737959973294,9000834749605
1789035451865228690,8737992951473,9000867822511
1789035452878909192,8738026559894,9000901297535
1789035453892251622,8738057700659,9000932651283
1789035454905719852,8738090639308,9000965389781
1789035455919621122,8738122984242,9000997851660
1789035456933126168,8738154577876,9001029487475
1789035457947003040,8738188189750,9001063077850
1789035458961184579,8738221767365,9001096471307
1789035459974990587,8738255135678,9001129827600
1789035460988494295,8738286516355,9001161180758
1789035462002200307,8738319705445,9001194347195
1789035463015562242,8738352890934,9001227509571
1789035464029193603,8738384658267,9001259277098
1789035465042980378,8738417658689,9001292445970
1789035466056980458,8738451206826,9001325817401
1789035467070581244,8738481956983,9001356602557
1789035468084027240,8738515347750,9001389908596
1789035469097798826,8738548081084,9001422863514
1789035470111503523,8738579430380,9001454210268
1789035471125909278,8738612407040,9001487161091
1789035472139662531,8738646223814,9001520740346
1789035473153465214,8738679619342,9001554112593
1789035474167100328,8738711596247,9001586245388
1789035475180692981,8738745590877,9001620095259
1789035476194629155,8738778620757,9001653259433
1789035477208401497,8738812174888,9001686634198
1789035478222139691,8738843340576,9001717983324
1789035479235701921,8738876903020,9001751437159
1789035480249414726,8738909640466,9001784081987
1789035481263119376,8738941443211,9001815856990
1789035482276895144,8738974626318,9001849018635
1789035483290538828,8739008020320,9001882476751
1789035484304165899,8739039556562,9001913952762
1789035485317597854,8739071033216,9001945584850
