timestamp_ns,rx_bytes,tx_bytes
1789030254621903910,8063832869083,8291121575979
1789030255635626804,8063832903820,8291121578630
1789030256649372604,8063832969920,8291121580934
1789030257662777782,8063832974163,8291121583458
1789030258676275010,8063832980440,8291121586948
1789030259689931816,8063832984266,8291121589163
1789030260703502736,8063833021618,8291121592296
1789030261716920377,8063833087130,8291121594958
1789030262729738956,8063833090919,8291121596481
1789030263740792392,8063833095030,8291121598873
1789030264754275156,8063833098967,8291121600438
1789030265767707931,8063833168207,8291121611242
1789030266781468279,8063833245125,8291121615779
1789030267794939041,8063833249298,8291121618067
1789030268809023956,8063879747029,8291168518100
1789030269822581765,8063936445974,8291224789688
1789030270836131552,8063998770552,8291286801740
1789030271849488379,8064056679503,8291347286321
1789030272862652187,8064116893007,8291400514538
1789030273876046918,8064165311300,8291455425495
1789030274889336071,8064220457797,8291505974441
1789030275902633811,8064277590263,8291558829565
1789030276916207191,8064323897730,8291614289662
1789030277929768782,8064378848906,8291669218792
1789030278943286384,8064429371268,8291717547171
1789030279957033288,8064482095205,8291770265540
1789030280970539525,8064534857829,8291822983168
1789030281984180323,8064587642186,8291876063400
1789030282997662819,8064640407023,8291928789478
1789030284011211803,8064693412665,8291981518343
1789030285024729684,8064747151970,8292034264875
1789030286038076341,8064800214732,8292087030364
1789030287051533380,8064853101020,8292139789118
1789030288065050462,8064905824496,8292192515457
1789030289078532769,8064958543549,8292245241542
1789030290092011624,8065011282831,8292299312051
1789030291105502673,8065039874665,8292330066932
1789030292119009211,8065090481104,8292380586187
1789030293132461439,8065145407014,8292435515177
1789030294145911027,8065222309989,8292511502814
1789030295159410911,8065253873378,8292537879606
1789030296172712644,8065303697713,8292595018499
1789030297186183998,8065360132930,8292643374458
1789030298199752650,8065428442742,8292717213256
1789030299213299263,8065484452110,8292772984906
1789030300226843883,8065521626680,8292810157856
1789030301240612841,8065562003335,8292851992217
1789030302254319392,8065610615305,8292902549298
1789030303267942080,8065652039715,8292940297362
1789030304281536584,8065707808682,8292996059535
1789030305295786988,8065744984804,8293033237296
1789030306309554243,8065800808167,8293089046456
1789030307323198618,8065838095933,8293126221178
1789030308336717057,8065894073148,8293182434754
1789030309350131381,8065950126066,8293238202574
1789030310363628715,8065987303223,8293275382197
1789030311377262770,8066043125412,8293331149376
1789030312390694407,8066080453876,8293369875452
1789030313404371523,8066136234192,8293424095616
1789030314417947845,8066176506291,8293461819720
1789030315431550951,8066210604543,8293499304498
1789030316445184915,8066266433921,8293555064191
1789030317458767627,8066316953347,8293605022084
1789030318472383501,8066356661068,8293645078478
1789030319485964721,8066402891718,8293691345289
1789030320499320447,8066443020446,8293731430039
1789030321513120704,8066489728137,8293777689291
1789030322526691130,8066538120320,8293826082356
1789030323540205696,8066577479902,8293865708398
1789030324553681206,8066624353371,8293912392146
1789030325567222887,8066664999454,8293952893620
1789030326580920549,8066713603948,8294126260394
1789030327594506135,8067100031607,8294382093942
1789030328608088930,8067432611604,8294668266447
1789030329621472399,8067617408603,8295082535790
1789030330639741742,8067975949660,8295350751578
1789030331654032545,8068288691933,8295638070163
1789030332668895581,8068568715050,8295959781487
1789030333682989382,8068907560797,8296184896476
1789030334696835240,8069075329652,8296562282423
1789030335710813563,8069455430056,8296810397835
1789030336725093434,8069638848332,8297218196900
1789030337737248963,8069899747671,8297496724801
1789030338750833446,8070260442280,8297753053985
1789030339764312481,8070554624994,8297975623693
1789030340777834776,8070848643271,8298301460360
1789030341791641593,8071064301847,8298660635887
1789030342805032684,8071480076640,8298885600188
1789030343818663230,8071725434578,8299218112790
1789030344832119056,8071963645220,8299522155554
1789030345845728180,8072241616318,8299800173056
1789030346859302272,8072523722254,8300087370324
1789030347872944095,8072808192517,8300371027182
1789030348886426546,8073045884589,8300723538945
1789030349899918423,8073304237868,8301040332262
1789030350913440906,8073641361335,8301329889207
1789030351926937178,8073960910471,8301628943686
1789030352940933894,8074287117015,8301934437806
1789030353955381173,8074547409938,8302192167036
1789030354969734644,8074779405915,8302520872475
1789030355983686803,8075070031947,8302860933243
1789030356997447207,8075323456791,8303207508655
1789030358011625094,8075640850659,8303511944368
1789030359025336458,8076031979543,8303750385793
1789030360038805633,8076329723108,8304057732228
1789030361052256592,8076493461115,8304462629915
1789030362065877371,8076791635995,8304733538958
1789030363079660784,8077087195940,8305021108856
1789030364093344437,8077412559778,8305278957591
1789030365106927454,8077713814908,8305568258928
1789030366120485999,8078022079456,8305860046658
1789030367134010687,8078303150583,8306164056166
1789030368147557012,8078686989065,8306412313762
1789030369161133753,8078810439474,8306707355305
1789030370174770594,8078850952349,8306747935486
1789030371188831655,8078899521879,8306796226151
1789030372202366760,8078948390372,8306844997598
1789030373215936816,8078989742469,8306886348071
1789030374229495567,8079037676862,8306934474639
1789030375242887935,8079086449814,8306983057335
1789030376256324403,8079127377994,8307023979560
1789030377269985885,8079176037688,8307072757925
1789030378283504543,8079224806135,8307121116438
1789030379297139990,8079265741780,8307162111426
1789030380310969318,8079314169196,8307210818025
1789030381324930398,8079363332613,8307259598477
1789030382338611447,8079405782725,8307302194316
1789030383352127612,8079454376283,8307350615545
1789030384365548830,8079503993036,8307400576326
1789030385378938019,8079546140639,8307442327662
1789030386392263268,8079594489159,8307491060408
1789030387405902416,8079644613371,8307541125671
1789030388419366761,8079688055653,8307584527379
1789030389432710197,8079738913340,8307635002097
1789030390446366179,8079788946057,8307685029949
1789030391460029488,8079839816977,8307735923316
1789030392473639019,8079883352123,8307779329733
1789030393487190377,8079933872572,8307830198452
1789030394500911528,8079984248908,8307880226700
1789030395514335385,8080034273360,8307930664380
1789030396527917428,8080077784687,8307974098121
1789030397541585594,8080128682655,8308024550579
1789030398555114094,8080179553853,8308075559015
1789030399568687479,8080230436510,8308126283611
1789030400582258928,8080273031608,8308169291116
1789030401596003367,8080323896099,8308219737297
1789030402610176110,8080374439664,8308270193109
1789030403624638687,8080426142582,8308322107025
1789030404638350586,8080469998449,8308365776578
1789030405651853354,8080520865452,8308416602833
1789030406665284936,8080571764333,8308467886344
1789030407678896230,8080623192558,8308519184036
1789030408692327842,8080666983625,8308562617427
1789030409705589559,8080716596242,8308612261751
1789030410719035771,8080766728794,8308662673301
1789030411732352989,8080817174838,8308713114899
1789030412746114761,8080860645956,8308756550365
1789030413760005901,8080911046113,8308806573319
1789030414773408579,8080961564089,8308857436870
1789030415787095871,8081012917813,8308908714330
1789030416801468348,8081055844138,8308951313947
1789030417815119201,8081105691052,8309000991218
1789030418828939656,8081155819153,8309051367416
1789030419842411673,8081199858496,8309095258835
1789030420856035447,8081250649797,8309146125119
1789030421869432721,8081301306596,8309196569680
1789030422883040376,8081352300021,8309247545031
1789030423896883982,8081395703380,8309292128283
1789030424910976378,8081446575984,8309341916499
1789030425924872560,8081497867301,8309393031322
1789030426938534136,8081549223311,8309444730141
1789030427952644421,8081599709667,8309494494025
1789030428966072171,8081868535970,8309808412911
1789030429979556792,8082080642367,8310200642283
1789030430993342993,8082393139741,8310500565836
1789030432006818454,8082755789971,8310728997577
1789030433020531999,8083031321648,8310963480280
1789030434034645064,8083316507962,8311281745623
1789030435048311519,8083548360623,8311600012544
1789030436061879430,8083821593892,8311928317586
1789030437075488555,8084098270595,8312252075770
1789030438089158088,8084402840807,8312578191171
1789030439102582413,8084636002289,8312908155891
1789030440116148125,8084992240900,8313177977722
1789030441129807128,8085304657175,8313466153361
1789030442144068069,8085601132683,8313773551233
1789030443157706160,8085849567604,8314047336613
1789030444171428518,8086173038371,8314251446374
1789030445184841478,8086381544330,8314579599893
1789030446198500766,8086603257227,8314948377412
1789030447212051629,8086973108189,8315194898470
1789030448225711347,8087228957656,8315512894851
1789030449240491971,8087469907472,8315869521282
1789030450254770955,8087846932512,8316110331010
1789030451268289124,8088166773715,8316426692417
1789030452281865561,8088452829348,8316741716763
1789030453295624923,8088727955040,8317071961520
1789030454309122324,8088987277616,8317426382823
1789030455322685467,8089251312885,8317726254553
1789030456336226197,8089561761607,8318024195770
1789030457349719585,8089884961659,8318278444331
1789030458363343071,8090284965497,8318511012259
1789030459376975688,8090498644741,8318876374430
1789030460390406490,8090874341251,8319126850337
1789030461404133822,8091010889348,8319586682647
1789030462417656831,8091447139641,8319745195554
1789030463431244059,8091685430368,8320069551483
1789030464444794940,8091985945150,8320381391205
1789030465458514077,8092181937083,8320642379036
1789030466471947102,8092469341910,8320958489227
1789030467485545612,8092835289500,8321213206587
1789030468499369415,8093104913810,8321519164933
1789030469513282311,8093303289248,8321912652916
1789030470526971041,8093709358663,8322120721000
1789030471540506574,8093751013431,8322285684676
1789030472554031505,8093794880954,8322329523493
1789030473567460216,8093846304436,8322381222381
1789030474581242523,8093897565802,8322432258701
1789030475594896419,8093948853612,8322483958861
1789030476608330189,8093999728771,8322534823766
1789030477621878405,8094043177027,8322577843536
1789030478635461204,8094094142977,8322628904202
1789030479648938800,8094145025671,8322679589070
1789030480662501450,8094196747879,8322731302626
1789030481676188193,8094241031546,8322775566392
1789030482689804889,8094291906986,8322826434601
1789030483703378626,8094342883595,8322877313941
1789030484717068333,8094394009114,8322928606368
1789030485730540792,8094437212147,8322971624016
1789030486744082550,8094488927336,8323023333995
1789030487757711820,8094540380033,8323074627578
1789030488771116494,8094591648055,8323125913916
1789030489784865522,8094643468703,8323178039023
1789030490798872214,8094687747229,8323221884647
1789030491812461268,8094738393431,8323272749168
1789030492825905109,8094789073735,8323323244938
1789030493840337948,8094840458442,8323374528555
1789030494853965567,8094884326402,8323418488110
1789030495867496846,8094934789415,8323469255306
1789030496881047478,8094986085584,8323520122706
1789030497894698344,8095036959112,8323570987574
1789030498908247016,8095080497855,8323614419085
1789030499921873172,8095132209898,8323666121945
1789030500935780547,8095182663312,8323716994078
1789030501949644288,8095234549318,8323768699998
1789030502962981680,8095286506280,8323820405676
1789030503976483191,8095330886048,8323864680495
1789030504990085547,8095382175372,8323915958497
1789030506003533187,8095432209643,8323965984319
1789030507016980760,8095483706236,8324017686776
1789030508030557270,8095527781073,8324061539904
1789030509043873675,8095579609784,8324113254254
1789030510057518796,8095630486302,8324164132424
1789030511071073517,8095681352664,8324215048104
1789030512084745823,8095733474247,8324267111348
1789030513098177575,8095777631001,8324311381026
1789030514111913900,8095828732668,8324362255344
1789030515125825695,8095878767661,8324412288827
1789030516139453663,8095929775056,8324463580759
1789030517152908697,8095973914322,8324507434737
1789030518166472944,8096026060103,8324559561513
1789030519180038832,8096077461035,8324610853016
1789030520193704165,8096128439782,8324662136114
1789030521207280833,8096172201487,8324705565479
1789030522220444994,8096223078233,8324756664340
1789030523233983283,8096274062201,8324807937300
1789030524247355441,8096324084670,8324857827687
1789030525260848077,8096368067652,8324901818219
1789030526274478160,8096419835053,8324953524796
1789030527287970273,8096471501026,8325005233107
1789030528301751777,8096613968342,8325049665570
1789030529315169604,8096863915150,8325372040309
1789030530328705417,8097075210623,8325690187702
1789030531342333096,8097408259930,8325917616021
1789030532355924425,8097623733743,8326291544032
1789030533369807974,8097950612621,8326617619024
1789030534383411930,8098261691031,8326916493548
1789030535397073303,8098572253156,8327130696284
1789030536410658380,8098627458952,8327564182361
1789030537424212407,8099089015113,8327759559257
1789030538437907957,8099314086300,8328067261315
1789030539451488848,8099552549003,8328388878359
1789030540465263363,8099860347269,8328695023537
1789030541478757138,8100138273115,8329046630945
1789030542492654147,8100386559660,8329404982216
1789030543506209119,8100665224624,8329707104090
1789030544520924155,8101010617922,8329973048309
1789030545534923904,8101298134530,8330240973862
1789030546549958731,8101593173188,8330546426150
1789030547563793249,8101893692484,8330871748767
1789030548579392329,8102068156882,8331292615098
1789030549593862087,8102455497483,8331530970541
1789030550607597138,8102742534944,8331838725994
1789030551621837686,8103048066052,8332140287898
1789030552635659995,8103286626221,8332508585759
1789030553649544646,8103507627221,8332765315262
1789030554663177404,8103806846590,8333096298751
1789030555677164446,8104071488863,8333436264150
1789030556691110580,8104455911671,8333664638097
1789030557704536411,8104706435513,8333908837474
1789030558718074095,8104981894700,8334180022342
1789030559731694685,8105142605601,8334498548323
1789030560745300051,8105521633305,8334662392715
1789030561758740501,8105707782626,8335065781979
1789030562772341643,8105896424883,8335413774806
1789030563785775895,8106206974207,8335678298492
1789030564799689003,8106578503900,8335938019854
1789030565813181267,8106858950423,8336212208755
1789030566826699362,8107144142447,8336513826289
1789030567840492832,8107423298255,8336792018041
1789030568854187537,8107667557283,8337094040661
1789030569867870856,8107911549224,8337419164468
1789030570881618648,8108146247336,8337613684444
1789030571895725998,8108197444441,8337664981117
1789030572909458791,8108245096630,8337716101684
1789030573923043428,8108294167646,8337761368817
1789030574936719353,8108345189467,8337812655669
1789030575950363321,8108396847115,8337863940225
1789030576963958234,8108448560505,8337915648840
1789030577977468262,8108492418309,8337959494682
1789030578990941531,8108543710756,8338010779074
1789030580004423847,8108595935660,8338062906333
1789030581018506887,8108647236298,8338114201772
1789030582032286524,8108698905954,8338165900909
1789030583046630319,8108743995483,8338211008724
1789030584060989610,8108795368832,8338262421510
1789030585074833063,8108847177939,8338313988844
1789030586088701238,8108898052194,8338364856362
1789030587102519611,8108950144030,8338416982569
1789030588116042317,8108993202326,8338459989540
1789030589129461185,8109044079919,8338510957505
1789030590143028203,8109095476946,8338562262193
1789030591156495345,8109146766852,8338613420296
1789030592170154594,8109190212104,8338657266779
1789030593183717806,8109240695163,8338707714950
1789030594197311043,8109291970403,8338758851369
1789030595210923683,8109342538577,8338809299534
1789030596224439388,8109385574945,8338852429928
1789030597238111874,8109436863961,8338903616052
1789030598251571724,8109487070403,8338953826868
1789030599265152565,8109538821023,8339005441595
1789030600278584110,8109583584238,8339050048379
1789030601291978750,8109635163119,8339101763214
1789030602305641349,8109685547992,8339152219060
1789030603320093419,8109735444268,8339202251239
1789030604333679285,8109779666032,8339246138356
1789030605347372680,8109830638185,8339297394535
1789030606360952542,8109882032659,8339348673820
1789030607371363016,8109934909469,8339401265894
1789030608384744693,8109987034724,8339453359010
1789030609397946792,8110031320562,8339497632225
1789030610411625515,8110083123015,8339549339400
1789030611425413820,8110133993458,8339600242670
1789030612439866879,8110184878119,8339651156738
1789030613453608313,8110236594183,8339702804028
1789030614467026348,8110281297708,8339747497149
1789030615481019554,8110332690075,8339799214923
1789030616494796652,8110383893718,8339850080072
1789030617508567428,8110433920431,8339900400416
1789030618522193207,8110465810887,8339931911086
1789030619535731823,8110483588385,8339949683746
1789030620549315444,8110503076034,8339969104435
1789030621563111989,8110524113496,8339990106176
1789030622576665705,8110567130011,8340033503017
1789030623590348351,8110619049226,8340085502653
1789030624603923675,8110670988378,8340140164334
1789030625617492751,8110737479555,8340208991353
1789030626630972251,8110785633588,8340254830751
1789030627644677751,8110832329615,8340294639245
1789030628658277338,8110879128565,8340348711657
1789030629671858286,8110933209052,8340398485465
1789030630685375986,8110983065497,8340450508312
1789030631698903436,8111035000979,8340502428235
1789030632712605891,8111086929289,8340554355318
1789030633726263440,8111138855911,8340606269214
1789030634739922073,8111190793887,8340658193196
1789030635753505911,8111242812144,8340710119048
1789030636766973025,8111285233486,8340757675368
1789030637780520780,8111325032108,8340794992696
1789030638794250455,8111377106184,8340846922511
1789030639807907589,8111426855325,8340892368510
1789030640821830116,8111476718783,8340944626428
1789030641835854208,8111528652942,8340996542171
1789030642849396303,8111580583983,8341048620368
1789030643863020006,8111632695887,8341100542044
1789030644876543234,8111684621246,8341152472468
1789030645890163916,8111712856394,8341182762261
1789030646903781474,8111762624906,8341232524999
1789030647917482798,8111844134947,8341311840813
1789030648931299469,8111884018876,8341353074009
1789030649945372479,8111939401181,8341406871906
1789030650958982360,8111979051509,8341444848259
1789030651972697437,8112034457699,8341501952916
1789030652986254579,8112072433468,8341539921179
1789030654000039054,8112129394001,8341596878569
1789030655013475765,8112167366884,8341634853067
1789030656027111697,8112205439443,8341674404439
1789030657040806599,8112262424416,8341729783799
1789030658054384958,8112304514570,8341767766935
1789030659068184299,8112357373043,8341825059156
1789030660081867998,8112396926657,8341863039337
1789030661095488502,8112452401585,8341920002236
1789030662108984335,8112490376510,8341957973683
1789030663123053378,8112528702687,8341995975076
1789030664137014635,8112585324269,8342052923346
1789030665150534212,8112626472296,8342095702232
1789030666164130347,8112680359225,8342147914342
1789030667177524730,8112718477165,8342185891711
1789030668191164949,8112771940196,8342239354698
1789030669204871204,8112820288916,8342287737630
1789030670218444428,8112860518378,8342328244491
1789030671231971361,8112909249470,8342376595246
1789030672245760083,8112950187864,8342417525106
1789030673259116758,8112998968967,8342466299789
1789030674272762836,8113046484960,8342513920801
1789030675286350857,8113087410405,8342554763616
1789030676299970454,8113309491894,8342824657362
1789030677313506376,8113565436550,8343072866647
1789030678327136620,8113818680819,8343370712859
1789030679340564055,8114089897632,8343658544879
1789030680354228129,8114369632699,8343962758924
1789030681367879784,8114675787742,8344247746565
1789030682381428191,8114916126731,8344542618209
1789030683395220652,8115161901080,8344845847180
1789030684408807440,8115409807238,8345182797331
1789030685422466173,8115723299233,8345411199867
1789030686436161814,8115948120188,8345747476295
1789030687449977815,8116266459479,8345971099604
1789030688463595465,8116574015193,8346222004852
1789030689477199075,8116825770481,8346556943415
1789030690490718032,8117107928628,8346824966248
1789030691504871553,8117358198762,8347092161140
1789030692518840345,8117586849401,8347417903883
1789030693533913088,8117850033019,8347747484579
1789030694549199778,8118228244583,8347989987459
1789030695562862056,8118449240460,8348324739086
1789030696576368486,8118714152582,8348582815605
1789030697589930595,8119018516116,8348841073504
1789030698603533265,8119383801924,8349109492931
1789030699617321520,8119574463745,8349456772166
1789030700630810285,8119975902523,8349682387811
1789030701644386094,8120093042743,8350138463257
1789030702657965949,8120429069135,8350390590938
1789030703671669167,8120739405674,8350672227361
1789030704685375569,8121071856217,8350958223014
1789030705699042480,8121298166496,8351318553756
1789030706712746865,8121632515242,8351540923589
1789030707726334602,8121912548018,8351816499305
1789030708739924390,8122031923055,8352262403492
1789030709753963475,8122317203889,8352577688497
1789030710767590057,8122694787792,8352814664257
1789030711782350122,8123000822590,8353089644491
1789030712797224936,8123245359275,8353440260880
1789030713811278989,8123551601065,8353738871506
1789030714825232156,8123832262143,8354033419039
1789030715839277964,8124062581429,8354339602409
1789030716852874173,8124439708583,8354532141222
1789030717866591010,8124715668965,8354865677399
1789030718880374168,8124834708394,8355288464322
1789030719894108304,8125054606373,8355318343646
1789030720907754465,8125096307527,8355359729868
1789030721923193737,8125145710293,8355409346963
1789030722937370267,8125196896681,8355460222187
1789030723950883944,8125239082888,8355502402075
1789030724965144403,8125288701153,8355552016203
1789030725978909590,8125338352695,8355602046551
1789030726992764309,8125380601853,8355643814647
1789030728006215702,8125429799302,8355693011928
1789030729019535404,8125479412685,8355742622762
1789030730033329744,8125529448561,8355792865851
1789030731046789297,8125571637291,8355835082888
1789030732060172974,8125621793657,8355885300636
1789030733073779836,8125671404398,8355934488036
1789030734086066051,8125713695919,8355977086946
1789030735099625822,8125764055372,8356027125804
1789030736113541473,8125814090887,8356077160497
1789030737126792529,8125865051403,8356128031149
1789030738139539013,8125906813394,8356169781174
1789030739152533751,8125955659448,8356218972183
1789030740165672812,8126005628955,8356268762122
1789030741179478815,8126048690373,8356312022041
1789030742192897818,8126099615799,8356362478404
1789030743206532528,8126148813181,8356411776808
1789030744220763951,8126191409095,8356454264371
1789030745234784215,8126241080940,8356503928638
1789030746249017286,8126290620129,8356553494607
1789030747263353921,8126340341994,8356603103635
1789030748277229957,8126382938897,8356646122383
1789030749291484097,8126433413868,8356696221875
1789030750305366419,8126483413492,8356746184569
1789030751318801147,8126526076234,8356789195425
1789030752332214943,8126576545209,8356839337856
1789030753345801293,8126625740882,8356888437452
1789030754359456277,8126675551892,8356938466288
1789030755373122567,8126719532001,8356982327137
1789030756386576703,8126770097963,8357033206087
1789030757400185776,8126819811579,8357082826371
1789030758413780632,8126862844628,8357128296280
1789030759427299166,8126913634680,8357176297916
1789030760440980624,8126963657374,8357226367320
1789030761454316302,8127013669561,8357276360922
1789030762467882196,8127056776900,8357319377617
1789030763481698557,8127107215425,8357369834179
1789030764495172741,8127157933590,8357420697499
1789030765508984890,8127209345832,8357471985794
1789030766523256703,8127251970757,8357514995558
1789030767537539234,8127302899525,8357565460668
1789030768551618384,8127352704917,8357615491409
1789030769565324080,8127402950603,8357665557886
1789030770579195405,8127446802270,8357709375857
1789030771593651313,8127497248905,8357759875775
1789030772607467762,8127547014151,8357809902886
1789030773621601075,8127598289859,8357861185884
1789030774636814082,8127641238537,8357904117779
1789030775650529668,8127692093598,8357955164060
1789030776663999272,8127743020313,8358006028749
1789030777677509012,8127794323947,8358056900434
1789030778690943307,8127985553067,8358199040657
1789030779704627056,8128027638659,8358579135250
1789030780718216277,8128328004257,8358867307012
1789030781731782018,8128686876387,8359126159397
1789030782745427710,8128969590625,8359401447497
1789030783758989931,8129270118239,8359681852184
1789030784772310117,8129599407896,8359964913047
1789030785786296471,8129966906359,8360200694607
1789030786800429433,8130252003694,8360565985559
1789030787813925087,8130462825014,8360956329451
1789030788827429493,8130742618450,8361300889918
1789030789841161016,8131089887501,8361579770755
1789030790854882240,8131396554215,8361887519860
1789030791868421776,8131651791108,8362186156703
1789030792881985974,8131978206399,8362404338375
1789030793895663411,8132159895325,8362768956559
1789030794909285636,8132498550314,8363044652074
1789030795923527269,8132722738329,8363367177897
1789030796937772909,8133088531711,8363635619788
1789030797951425090,8133375640149,8363915253804
1789030798965174222,8133591263296,8364223439041
1789030799978820899,8133846300755,8364572495867
1789030800992421341,8134114195522,8364910791811
1789030802005920334,8134491102237,8365158382857
1789030803019694143,8134676222458,8365513403483
1789030804033899818,8134950602152,8365791665222
1789030805047416139,8135254899440,8366039775893
1789030806061296182,8135498297681,8366321876255
1789030807074860324,8135760754257,8366607682837
1789030808088258650,8135998764346,8366926037923
1789030809102063634,8136266438269,8367212584105
1789030810115622954,8136454965198,8367540751101
1789030811129607248,8136763006189,8367829986339
1789030812143182075,8137118924837,8368032325481
1789030813156741859,8137350622198,8368403310061
1789030814170312751,8137646538930,8368681183201
1789030815184020272,8137971422732,8368929628425
1789030816197674654,8138258532694,8369215428256
1789030817211136686,8138516893587,8369530148175
1789030818224676034,8138789145827,8369841240735
1789030819238171933,8139040910746,8370116301589
1789030820251771529,8139296299690,8370420001410
1789030821265309197,8139567975494,8370714726527
1789030822278706875,8139782480252,8370832515936
1789030823292169886,8139833817050,8370883877108
1789030824305492517,8139884699812,8370935095586
1789030825318964175,8139936414801,8370986383006
1789030826332732993,8139981543013,8371031491241
1789030827346223726,8140033335155,8371083227457
1789030828359764797,8140084264348,8371134133385
1789030829373368013,8140136417422,8371186287209
1789030830386768551,8140188152129,8371238030611
1789030831400279422,8140233341385,8371283592740
1789030832413982176,8140285536654,8371335540254
1789030833427600752,8140337316138,8371387494418
1789030834441158043,8140389901217,8371439647816
1789030835454458414,8140441661205,8371491807233
1789030836468116924,8140494328859,8371544403880
1789030837482271514,8140539482370,8371589128837
1789030838496119968,8140592142453,8371641966799
1789030839509733314,8140644277152,8371694150360
1789030840523320764,8140696515928,8371746471213
1789030841536783825,8140749806416,8371799459623
1789030842550313837,8140802512540,8371852038106
1789030843563877607,8140847281271,8371896838341
1789030844577467547,8140899875494,8371949354721
1789030845591129624,8140952081682,8372001929328
1789030846604735544,8141004632657,8372054089508
1789030847618129287,8141057774822,8372107515045
1789030848631713743,8141109902724,8372159258415
1789030849645309677,8141155717872,8372205242634
1789030850658803089,8141208069334,8372257827185
1789030851672367178,8141260654145,8372310408066
1789030852684760527,8141313225397,8372362554897
1789030853698129049,8141365090191,8372414709035
1789030854711561809,8141418044801,8372467294922
1789030855725217103,8141463297762,8372512863006
1789030856739440541,8141515346519,8372564750572
1789030857753233304,8141567574092,8372617197329
1789030858766784427,8141620591604,8372669780916
1789030859780380390,8141673154712,8372722361166
1789030860793996821,8141725400589,8372774523017
1789030861807582920,8141770104406,8372819478655
1789030862821209993,8141823647518,8372872609141
1789030863834740041,8141875962885,8372924895781
1789030864848269539,8141927885302,8372976871343
1789030865861764093,8141980233541,8373029004721
1789030866875209362,8142033627598,8373082389726
1789030867889035270,8142079233584,8373127915990
1789030868903106415,8142132653123,8373181304279
1789030869916552164,8142184793810,8373233503565
1789030870929847629,8142236929210,8373285560740
1789030871943492024,8142288640537,8373337267936
1789030872957031203,8142340414563,8373388978306
1789030873970561282,8142384736187,8373433248890
1789030874984186609,8142437290683,8373486208216
1789030875997785593,8142490860074,8373539592536
1789030877011310016,8142543429113,8373591750857
1789030878024803121,8142811880674,8373766139631
1789030879038439167,8143063536118,8374129450730
1789030880051965653,8143388646286,8374370410251
1789030881065604531,8143598514575,8374702470647
1789030882079188917,8143840066560,8375101227883
1789030883092854168,8144151574015,8375337307591
1789030884106383500,8144367972594,8375609543033
1789030885119960712,8144569665997,8375909086480
1789030886133595939,8144893755637,8376137343635
1789030887147073154,8145125252577,8376514298716
1789030888160797861,8145386655693,8376839606816
1789030889174078977,8145737894553,8377107651386
1789030890187636061,8146005549971,8377395183430
1789030891201005559,8146326001768,8377683418181
1789030892214454141,8146633576496,8377997403841
1789030893227809902,8146918339949,8378341938562
1789030894241610984,8147241447740,8378656591800
1789030895255243685,8147392343006,8378945213988
1789030896268673033,8147673566633,8379272205787
1789030897282360066,8148061182461,8379510459266
1789030898295992071,8148324823886,8379822825382
1789030899309597835,8148669904583,8380110821273
1789030900322955475,8148907281110,8380457088812
1789030901336714553,8149205026159,8380797676633
1789030902350211870,8149449155606,8381158891207
1789030903363807176,8149806500363,8381411474178
1789030904377525161,8150131849032,8381724924715
1789030905391228601,8150426887741,8382037849593
1789030906404782721,8150666497713,8382307486796
1789030907418194779,8151040548136,8382540954287
1789030908431892259,8151268365318,8382891973657
1789030909445724546,8151517312602,8383245417001
1789030910459262336,8151835553773,8383525835642
1789030911472761917,8152072145030,8383849689312
1789030912486290603,8152373438563,8384154289066
1789030913500046354,8152753769359,8384404474980
1789030914513461866,8152938318009,8384800336776
1789030915527157241,8153228968521,8385150938473
1789030916540670849,8153552810717,8385352237408
1789030917554154871,8153806095670,8385659663148
1789030918568892006,8154119059621,8385943096102
1789030919582331241,8154278157757,8386166675910
1789030920595819580,8154320806466,8386209499661
1789030921609367309,8154373420845,8386262264044
1789030922622807542,8154426299271,8386314840396
1789030923636382349,8154479360483,8386367778727
1789030924650455830,8154532750967,8386421289069
1789030925664104805,8154586560893,8386475001983
1789030926677792255,8154631679252,8386520071658
1789030927691935783,8154684535793,8386573043463
1789030928706130180,8154736945231,8386625170362
1789030929719725849,8154789916073,8386678133334
1789030930733436535,8154843039838,8386731098309
1789030931746770756,8154896017558,8386784066038
1789030932760366458,8154941562417,8386829599199
1789030933774305163,8154995462633,8386883399449
1789030934787915209,8155048507293,8386936818552
1789030935802124519,8155102664362,8386990621951
1789030936816013106,8155155629004,8387043636065
1789030937829772302,8155208175808,8387096128284
1789030938843333713,8155260815464,8387148676233
1789030939856897020,8155314207315,8387202061808
1789030940872000676,8155359336470,8387247181759
1789030941886105204,8155411888306,8387299967988
1789030942899559678,8155465704045,8387353608754
1789030943913707498,8155519189068,8387406925575
1789030944927453008,8155572582693,8387460317703
1789030945941067172,8155625130475,8387512855273
1789030946954599874,8155677785215,8387565814153
1789030947968175583,8155723648468,8387611347909
1789030948981957582,8155777965160,8387665567171
1789030949995499454,8155830514947,8387718538163
1789030951009039168,8155883689913,8387771506846
1789030952022692861,8155936872020,8387824478681
1789030953036148531,8155989440467,8387877020341
1789030954049774393,8156042500757,8387929982640
1789030955063480628,8156096298899,8387983855199
1789030956077178364,8156142683054,8388030152374
1789030957092334272,8156196072881,8388083783744
1789030958106581092,8156249463140,8388137342479
1789030959120296330,8156303360759,8388190864019
1789030960134071918,8156357160547,8388244837205
1789030961147748395,8156410963612,8388298530834
1789030962161263411,8156465219350,8388352957284
1789030963174817748,8156518983981,8388406333965
1789030964188774017,8156571619417,8388459203437
1789030965202732821,8156617002583,8388504244304
1789030966216826493,8156659770208,8388547021651
1789030967230897803,8156677819733,8388565194581
1789030968244364397,8156698557887,8388585795383
1789030969257921545,8156719678411,8388606796150
1789030970271818244,8156762695886,8388650161023
1789030971285384761,8156814619814,8388702192770
1789030972298970169,8156866552835,8388754117141
1789030973312662614,8156918480744,8388808192718
1789030974326181426,8156970498085,8388860337759
1789030975340208188,8157022417228,8388910113478
1789030976353845922,8157074350841,8388962191178
1789030977367940762,8157126285299,8389014171664
1789030978381434843,8157178215823,8389066126970
1789030979395180718,8157230238759,8389118049968
1789030980408834791,8157282160763,8389169981059
1789030981422310739,8157336245688,8389221923994
1789030982435918470,8157387892257,8389273860496
1789030983449555029,8157440107715,8389330302151
1789030984463281018,8157489956776,8389380059855
1789030985476952573,8157544040234,8389430052047
1789030986490394608,8157598133201,8389481991014
1789030987503833074,8157650061682,8389533904550
1789030988517289789,8157697676707,8389587970526
1789030989530830815,8157749690254,8389639896646
1789030990544348414,8157801609835,8389689732067
1789030991557769198,8157853545182,8389741793964
1789030992571488086,8157905467700,8389793721409
1789030993585243951,8157957396109,8389845633096
1789030994598649228,8158038951410,8389927095401
1789030995611590133,8158076929039,8389966763363
1789030996624509546,8158133895828,8390022142481
1789030997638095425,8158171872605,8390060146663
1789030998651638942,8158214592784,8390098127009
1789030999665094983,8158266914162,8390155079512
1789031000678754184,8158304895944,8390193051126
1789031001692189664,8158361856888,8390250019607
1789031002705697485,8158399831539,8390287992957
1789031003719264382,8158456791932,8390344964416
1789031004732882863,8158494867721,8390384611114
1789031005746865751,8158551828344,8390439998699
1789031006760863199,8158608403969,8390496996543
1789031007774358844,8158646762519,8390534973357
1789031008787923855,8158684742892,8390572944283
1789031009801630766,8158741791629,8390629924371
1789031010815344330,8158779771445,8390667900140
1789031011828968814,8158836736916,8390724862885
1789031012842753695,8158874719361,8390762894730
1789031013856249386,8158934432829,8390822615804
1789031014870000703,8158976730062,8390864837441
1789031015884043936,8159025561102,8390914065974
1789031016897801917,8159076433760,8390964620396
1789031017911945758,8159127684427,8391015860180
1789031018925569344,8159171339597,8391059739381
1789031019939097967,8159222516075,8391110626275
1789031020952704129,8159459111477,8391413623233
1789031021966211582,8159787998288,8391704616202
1789031022979851023,8160022225523,8392077251443
1789031023993519020,8160318376361,8392399410546
1789031025007354594,8160607834857,8392737801533
1789031026021030047,8160828540159,8393072567336
1789031027034594959,8161242407303,8393248593687
1789031028048202892,8161440794738,8393608183191
1789031029061889033,8161762771629,8393859445808
1789031030075522539,8162017898047,8394226689054
1789031031089192947,8162206148005,8394572000813
1789031032102736001,8162502455259,8394848998364
1789031033116407361,8162716227064,8395226266049
1789031034130109664,8163121740492,8395464253509
1789031035143677587,8163351793573,8395733221377
1789031036157372727,8163667516319,8396032544394
1789031037172382311,8163937355132,8396384326763
1789031038186903169,8164274334913,8396653556803
1789031039201077664,8164606277555,8396934208283
1789031040214656691,8164819686155,8397321802385
1789031041230416340,8165137726587,8397601123926
1789031042244318080,8165402212857,8397912122659
1789031043258225441,8165669768278,8398141533898
1789031044272099349,8165999234906,8398343934095
1789031045286141164,8166197509603,8398730260836
1789031046300657560,8166477188023,8399081194615
1789031047314596532,8166819525852,8399359910131
1789031048328531432,8167064913006,8399682083361
1789031049344375571,8167274307735,8400002361880
1789031050358137600,8167530297181,8400344829933
1789031051371847301,8167949609941,8400523653703
1789031052385512593,8168150574475,8400928452800
1789031053399181964,8168450314247,8401197085308
1789031054412836671,8168765418604,8401500105182
1789031055426385619,8168960678721,8401867575918
1789031056440074080,8169288886498,8402168964891
1789031057453531129,8169617184482,8402457574121
1789031058467015695,8169908015003,8402755635434
1789031059480668480,8170217414308,8403068749599
1789031060494270213,8170528978755,8403322325316
1789031061507961106,8170672050421,8403719946220
1789031062521454729,8170935340661,8403814739140
1789031063534860180,8170985298721,8403864986128
1789031064548420027,8171022104437,8403901303100
1789031065561997513,8171073060494,8403952167542
1789031066575426301,8171124331483,8404003446631
1789031067589166969,8171176045394,8404055185907
1789031068603453551,8171228175058,8404107329896
1789031069617496260,8171272451272,8404152036763
1789031070631554436,8171324247491,8404203340216
1789031071645213018,8171375953835,8404255055542
1789031072658685161,8171427238215,8404306359224
1789031073672707619,8171480202952,8404359338492
1789031074686125345,8171524900463,8404404044330
1789031075699687776,8171577957628,8404457021062
1789031076713712166,8171630917535,8404510158578
1789031077727693658,8171682620583,8404561753258
1789031078741375249,8171735999654,8404615111509
1789031079754938377,8171788538699,8404667679161
1789031080768321096,8171834196679,8404713512028
1789031081781879981,8171887959451,8404767259600
1789031082795421542,8171941758598,8404821065579
1789031083809374963,8171995553078,8404874899832
1789031084822845770,8172048511481,8404927872849
1789031085836441986,8172101557996,8404980810077
1789031086850134860,8172155766322,8405035027637
1789031087863801280,8172208303724,8405087589769
1789031088877515601,8172253844389,8405133195027
1789031089891069540,8172307217279,8405186505144
1789031090904688101,8172361176084,8405240488038
1789031091918123639,8172415742487,8405294966731
1789031092931972899,8172469329049,8405348777798
1789031093945550609,8172522909509,8405402224577
1789031094959322969,8172577109200,8405456488301
1789031095973064217,8172630745666,8405510243190
1789031096986769296,8172683730632,8405563196008
1789031098000658583,8172738155647,8405617412593
1789031099014136373,8172785109744,8405667668179
1789031100027714311,8172839153606,8405718421866
1789031101041215926,8172892732532,8405772234489
1789031102054741044,8172945582652,8405824792431
1789031103068182880,8172999803474,8405879091115
1789031104081970336,8173053599848,8405933111463
1789031105095708933,8173106962269,8405986622376
1789031106109843613,8173160943615,8406040129718
1789031107123503158,8173214621660,8406093792101
1789031108137036876,8173268833628,8406148427810
1789031109150552298,8173315198960,8406194545893
1789031110164316362,8173368562231,8406247947269
1789031111177818198,8173422443845,8406301695889
1789031112191243611,8173476650094,8406355728861
1789031113204978893,8173530435588,8406409753603
1789031114218581139,8173583804399,8406462883797
1789031115232239362,8173636745166,8406515829299
1789031116246165577,8173691984364,8406571084507
1789031117259637649,8173864287851,8406808753204
1789031118273330846,8174189499887,8407118845304
1789031119287998219,8174410683822,8407429160964
1789031120301804098,8174690335217,8407761941159
1789031121316049272,8175004686230,8408068278771
1789031122329654029,8175280871964,8408383673890
1789031123343716718,8175473117066,8408768175264
1789031124357411476,8175873284428,8409036315247
1789031125371041859,8176198010577,8409315044618
1789031126384726961,8176505720070,8409642142675
1789031127398104085,8176762800653,8409980320764
1789031128411633722,8177011143159,8410342083116
1789031129425188361,8177337918489,8410631301183
1789031130438810964,8177552320154,8410856922784
1789031131452308256,8177838091253,8411211686762
1789031132466257336,8178192071327,8411451313203
1789031133479707703,8178506788817,8411746970539
1789031134493563031,8178797206369,8412082384516
1789031135507207284,8179084504121,8412392412584
1789031136520841793,8179396487344,8412691234923
1789031137534385386,8179547222268,8413088214182
1789031138548012135,8179944838450,8413326936728
1789031139561761192,8180255659605,8413611067175
1789031140575323303,8180570867708,8413879978258
1789031141588861175,8180702654763,8414310073035
1789031142602761350,8181020070648,8414617740623
1789031143616659986,8181405759272,8414842304341
1789031144630269809,8181669674133,8415084046908
1789031145643740447,8181959257389,8415408397615
1789031146657502124,8182210454282,8415690315336
1789031147671150375,8182463170614,8415975761791
1789031148685307392,8182785874061,8416241967624
1789031149699549635,8182981899390,8416667409811
1789031150713179244,8183342352805,8416927692898
1789031151726841243,8183600100287,8417287877132
1789031152740351709,8183916619076,8417585528128
1789031153754594476,8184173305098,8417943865375
1789031154768265647,8184433455061,8418282931194
1789031155782796531,8184749384569,8418589823650
1789031156796265779,8185060803137,8418883750455
1789031157809832882,8185326949943,8419234549036
1789031158823690910,8185631121147,8419453412132
1789031159837314687,8185750654634,8419490367531
1789031160850656319,8185806801623,8419545849907
1789031161864106670,8185862033476,8419601094839
1789031162877694393,8185917511463,8419656601402
1789031163891656617,8185972851691,8419712085533
1789031164905205340,8186028553848,8419767843155
1789031165918985542,8186083138703,8419822206889
1789031166932508302,8186137138052,8419876434180
1789031167946097716,8186192197621,8419931075727
1789031168959553895,8186246878424,8419985978058
1789031169973203281,8186294068259,8420032974769
1789031170986520559,8186349547601,8420088474673
1789031172000675883,8186404355196,8420143562309
1789031173014227547,8186460736918,8420199890809
1789031174028187485,8186516355463,8420255370968
1789031175041928863,8186571446831,8420310457558
1789031176055477640,8186627313868,8420365984447
1789031177069069331,8186683287512,8420421875964
1789031178082653123,8186739176419,8420477918280
1789031179096234729,8186795082344,8420533960491
1789031180109504844,8186850569984,8420589160517
1789031181123034359,8186907296702,8420645921627
1789031182136554958,8186963737159,8420702614065
1789031183150208966,8187020018466,8420758505633
1789031184163836082,8187075498809,8420814016315
1789031185177365861,8187131812928,8420870497373
1789031186190896546,8187188149236,8420926805349
1789031187204120695,8187243327069,8420982056358
1789031188217673094,8187299878061,8421038597590
1789031189231342073,8187355582898,8421094536162
1789031190244959088,8187412342985,8421151316990
1789031191258574816,8187468254177,8421206822097
1789031192272378222,8187523428815,8421262351133
1789031193286316282,8187579765982,8421318411048
1789031194300160380,8187635686485,8421374247679
1789031195313898443,8187691178766,8421429790304
1789031196327402546,8187747096577,8421485719560
1789031197341229523,8187802680428,8421541177211
1789031198354556381,8187857533768,8421596261521
1789031199368065190,8187913239651,8421651763495
1789031200381622863,8187967896891,8421706479736
1789031201394970138,8188022551557,8421761104990
1789031202408544671,8188077861638,8421816615859
1789031203422211849,8188132783442,8421871252185
1789031204435671614,8188188254035,8421926791770
1789031205450006108,8188244150866,8421982616299
1789031206464076098,8188299211016,8422037667359
1789031207478135615,8188353563566,8422091891552
1789031208491510811,8188407292514,8422145703701
1789031209505179102,8188462620098,8422201178758
1789031210518864300,8188577205633,8422299275112
1789031211532414609,8188799450844,8422638726309
1789031212546043528,8189056062155,8423004022723
1789031213559652122,8189374725972,8423281420238
1789031214573369122,8189647516396,8423590454259
1789031215587124723,8189898630648,8423832661465
1789031216600811189,8190189541420,8424156750418
1789031217614331690,8190497373142,8424479967197
1789031218627823420,8190755713195,8424817777047
1789031219641532108,8191056825157,8425069558366
1789031220655350306,8191318608987,8425405989296
1789031221669162864,8191560472444,8425624848135
1789031222682776236,8191890535496,8425906463443
1789031223696631125,8192058595095,8426151960095
1789031224710269526,8192362707747,8426419209163
1789031225723947617,8192552437178,8426713050610
1789031226737586160,8192873905554,8427000986413
1789031227751256116,8193207410898,8427278060921
1789031228764819725,8193390509168,8427576677482
1789031229778495512,8193686133267,8427879520778
1789031230792281591,8193966228295,8428197634249
1789031231805802753,8194355955400,8428444684459
1789031232819332420,8194556727556,8428824304628
1789031233832990864,8194862448414,8429121962655
1789031234846625607,8195052032840,8429503616828
1789031235860259053,8195431661645,8429734226573
1789031236873830481,8195677066329,8429959098856
1789031237887499971,8195964071374,8430272454705
1789031238900988347,8196216630285,8430621527820
1789031239914991216,8196519913573,8430915969699
1789031240928664896,8196748754465,8431259642679
1789031241942110520,8196985955493,8431427446682
1789031242955606725,8197245168067,8431789947441
1789031243969309499,8197565414487,8432030091514
1789031244982759219,8197877826174,8432269366771
1789031245996396751,8198102652282,8432586147590
1789031247010033684,8198317090174,8432981531036
1789031248023765378,8198656499674,8433173308166
1789031249037269971,8198818468217,8433556866951
1789031250050896611,8199248256965,8433715411301
1789031251064645457,8199486267348,8433989152988
1789031252078291641,8199734305015,8434340901846
1789031253091975903,8200022172257,8434616064082
1789031254105703259,8200068579538,8434665654794
1789031255119089873,8200124499260,8434721607359
1789031256132729851,8200179578926,8434776709872
1789031257146133483,8200234654141,8434832188180
1789031258159734960,8200291332680,8434888604025
1789031259173239093,8200346573829,8434944133766
1789031260186803696,8200402500475,8434999677191
1789031261200283680,8200459254859,8435056462343
1789031262213879084,8200515165259,8435112410143
1789031263227580020,8200571176988,8435168360805
1789031264241156839,8200627934588,8435225147865
1789031265254692928,8200684260060,8435281934778
1789031266268207321,8200740619868,8435338294096
1789031267281875213,8200796756528,8435394259009
1789031268295483416,8200852941370,8435450208424
1789031269309015445,8200908969292,8435506584087
1789031270322454126,8200973453201,8435571127160
1789031271335993333,8201021098838,8435618439645
1789031272349572839,8201076648934,8435674376495
1789031273363802983,8201133025323,8435730513951
1789031274377670687,8201188066146,8435785400418
1789031275391367975,8201243183601,8435840851050
1789031276404956793,8201299520613,8435897617144
1789031277418528824,8201355056029,8435953131282
1789031278432020619,8201410611624,8436008640557
1789031279445334233,8201466944567,8436064990780
1789031280458864847,8201523292597,8436121348522
1789031281472572103,8201579588743,8436177702574
1789031282486256581,8201635150000,8436233218220
1789031283499809222,8201690294804,8436288312532
1789031284513599769,8201745796346,8436344173435
1789031285527320877,8201802549357,8436400650920
1789031286541207952,8201859310496,8436457362561
1789031287554896528,8201915262474,8436513374081
1789031288568526965,8201977836620,8436578017307
1789031289582543309,8202036262565,8436634346457
1789031290596127044,8202093435666,8436691924428
1789031291609704314,8202150261666,8436748694849
1789031292623344382,8202207399659,8436805681830
1789031293636871694,8202264392788,8436862667033
1789031294650325817,8202321690448,8436919866671
1789031295663900321,8202378982008,8436977061537
1789031296677395407,8202435408746,8437033568514
1789031297691119633,8202464907381,8437062976293
1789031298704824707,8202482746034,8437080759727
1789031299718479712,8202502141583,8437100160722
1789031300732060376,8202523152982,8437121181952
1789031301745366286,8202562955137,8437163470641
1789031302758882952,8202614906559,8437213236268
1789031303772286548,8202666904263,8437267500446
1789031304785764745,8202725310564,8437322217684
1789031305799369199,8202772928179,8437373610646
1789031306812978535,8202829124537,8437421218047
1789031307826405272,8202878971479,8437479616329
1789031308840024784,8202930956889,8437530572081
1789031309853793134,8203004501083,8437602934528
1789031310867479047,8203056437569,8437655024286
1789031311881177545,8203108359759,8437706946383
1789031312894690343,8203160308148,8437758876984
1789031313908440369,8203212292569,8437810807157
1789031314922105522,8203264225367,8437863270197
1789031315935849896,8203316153621,8437915196038
1789031316949591449,8203368074000,8437967162981
1789031317963313719,8203420034618,8438019087907
1789031318976862146,8203472026538,8438071028002
1789031319990177033,8203523950030,8438122940499
1789031321003877577,8203575872181,8438174869167
1789031322017581662,8203627800555,8438226860921
1789031323031507944,8203679753396,8438278892102
1789031324045573187,8203731738467,8438330812918
1789031325059144109,8203783666650,8438382790349
1789031326072798967,8203839158055,8438438294631
1789031327086575848,8203896120717,8438495264528
1789031328100223436,8203934125519,8438533234744
1789031329113944541,8203991147607,8438590251484
1789031330127472830,8204029131908,8438628379069
1789031331141067191,8204086092625,8438685347337
1789031332154527095,8204124064714,8438723327283
1789031333168098810,8204181055383,8438780338353
1789031334181798425,8204219090131,8438818319026
1789031335195374957,8204276050370,8438875292427
1789031336209078465,8204318776588,8438913862559
1789031337222590915,8204371004110,8438970880470
1789031338236072882,8204410598677,8439012020390
1789031339249613534,8204466039634,8439065989927
1789031340263004016,8204504013496,8439103963125
1789031341276640747,8204543574318,8439145102341
1789031342290124079,8204598953274,8439198938811
1789031343303589790,8204655940743,8439255904864
1789031344317234030,8204693978218,8439293884421
1789031345330724971,8204743597316,8439343846173
1789031346344309594,8204792304665,8439392233523
1789031347357923253,8204842356881,8439442335044
1789031348371589709,8204882952655,8439483155857
1789031349385156406,8204932190575,8439532100578
1789031350398712716,8204973660573,8439573895879
1789031351412371079,8205242409354,8439902928121
1789031352426080343,8205557403106,8440205471163
1789031353439810063,8205845308946,8440511842014
1789031354453530880,8206072008702,8440817577457
1789031355467083157,8206421614030,8441111695579
1789031356480867854,8206755835324,8441408362524
1789031357494561707,8207020480964,8441754082865
1789031358507956895,8207357509450,8442032780467
1789031359521645677,8207591772646,8442406837341
1789031360535344850,8207928871080,8442640464413
1789031361548892053,8208225168995,8442967311457
1789031362562418853,8208514033349,8443279050155
1789031363575866214,8208842351416,8443567742445
1789031364589465159,8209133294383,8443898993462
1789031365603111850,8209449472893,8444154826268
1789031366617372374,8209709823708,8444486616227
1789031367630975846,8209953896867,8444823918055
1789031368644682714,8210339770459,8445073233142
1789031369658343092,8210538589117,8445374326928
1789031370671975216,8210934977042,8445570668954
1789031371685488589,8211077851536,8446054145760
1789031372699150705,8211382738777,8446323574281
1789031373712978130,8211601857864,8446651490487
1789031374727742948,8211909515552,8446929815875
1789031375741764619,8212206715642,8447220615519
1789031376755344248,8212475050289,8447551899605
1789031377769915759,8212679972549,8447896913524
1789031378783680125,8212926488938,8448229828331
1789031379797333848,8213293609830,8448498648994
1789031380810927353,8213596239232,8448736998916
1789031381824289945,8213895002030,8449048030902
1789031382838047514,8214146467967,8449348895385
1789031383851753708,8214414933965,8449654070737
1789031384865299583,8214755446683,8449850014597
1789031385879052207,8215003476457,8450177651842
1789031386893184210,8215237711039,8450495948901
1789031387906888787,8215561991772,8450784242271
1789031388920264321,8215811515264,8451058486429
1789031389934889945,8216053125626,8451351196350
1789031390949406448,8216277383156,8451695502257
1789031391964111290,8216611844035,8451980318217
1789031392978304798,8216801659921,8452083335149
1789031393991955773,8216850661700,8452132176280
1789031395005937779,8216900052491,8452181709807
1789031396019498352,8216942920066,8452224304429
1789031397033111524,8216992951754,8452274334124
1789031398046870533,8217043264148,8452324778235
1789031399060436272,8217093913396,8452375213067
1789031400073962427,8217138218315,8452419475641
1789031401087651859,8217190350944,8452471629501
1789031402101326407,8217241228903,8452522533945
1789031403114983779,8217292109448,8452573433072
1789031404128618508,8217343883005,8452625235657
1789031405142127220,8217389038790,8452670349750
1789031406155647175,8217441590829,8452722899422
1789031407169364568,8217492879538,8452774440692
1789031408182832080,8217544622715,8452826391835
1789031409196381449,8217598037597,8452879393637
1789031410210078578,8217650620523,8452932219054
1789031411223566554,8217695333993,8452976932563
1789031412237158371,8217747124972,8453029029105
1789031413250610230,8217798782826,8453080400909
1789031414264170910,8217851087819,8453132951103
1789031415278026646,8217903998075,8453185549991
1789031416291914279,8217949498095,8453231128217
1789031417305632764,8218002526131,8453284136797
1789031418319163056,8218055085543,8453337144208
1789031419332912359,8218107704526,8453389714826
1789031420346428369,8218159451719,8453441047435
1789031421360021703,8218211591128,8453493225850
1789031422373576753,8218256731437,8453538384742
1789031423387605678,8218308899278,8453590981272
1789031424401620897,8218361061090,8453642720416
1789031425415225887,8218412840520,8453694534782
1789031426428910241,8218465036125,8453747049473
1789031427442588585,8218517892723,8453800053189
1789031428456237456,8218563007261,8453844779993
1789031429469806980,8218615349835,8453897360726
1789031430483590524,8218667765901,8453949581251
1789031431497245271,8218720310067,8454002094923
1789031432510930131,8218772893478,8454055094758
1789031433524704463,8218825401636,8454107310483
1789031434538588032,8218870695043,8454152876262
1789031435552397549,8218923577461,8454205485935
1789031436565959986,8218975707273,8454257622074
1789031437579552970,8219027825582,8454309774258
1789031438593378246,8219080469406,8454362771081
1789031439606892492,8219132972422,8454414929489
1789031440620411391,8219178536659,8454460490578
1789031441634109985,8219230485811,8454512640277
1789031442647516240,8219282812425,8454565220383
1789031443661241316,8219334901760,8454617101560
1789031444675331798,8219387507985,8454669536504
1789031445688978408,8219440918603,8454722949186
1789031446703175365,8219485577422,8454767683634
1789031447716818525,8219537804929,8454820264554
1789031448730417803,8219589678883,8454994243327
1789031449744140920,8219877588708,8455335502825
1789031450757522271,8220244457581,8455605269240
1789031451771113587,8220501980780,8455895422502
1789031452784824080,8220803618562,8456161684060
1789031453798284020,8221079079160,8456487867019
1789031454811887229,8221368092368,8456814774601
1789031455826070475,8221629956904,8457138472626
1789031456839655306,8221952848829,8457436423701
1789031457853287840,8222271020201,8457717243319
1789031458866818629,8222513808124,8458087013677
1789031459880523052,8222934640495,8458316919319
1789031460894130470,8223115900965,8458732858122
1789031461908110252,8223451572231,8459035001473
1789031462922173826,8223749747598,8459276498678
1789031463935712089,8223996741826,8459551494275
1789031464949363249,8224289991798,8459843043531
1789031465963065265,8224585268534,8460142725060
1789031466976871593,8224894302763,8460421762409
1789031467990371275,8225070333475,8460825630735
1789031469003895609,8225414128983,8461064842898
1789031470017518243,8225656409791,8461408706334
1789031471030982811,8226002913631,8461641443394
1789031472044532863,8226250403663,8461999077221
1789031473058038555,8226545434009,8462315089343
1789031474071629257,8226959992665,8462534745471
1789031475085126058,8227107379694,8462926567805
1789031476099010185,8227461635068,8463174106127
1789031477113336034,8227742738609,8463484638018
1789031478127376400,8227982811736,8463800574662
1789031479141002285,8228183233911,8464137448524
1789031480154838267,8228516951982,8464388262283
1789031481168297794,8228854062083,8464652140791
1789031482181883210,8229051899422,8465025743591
1789031483195458347,8229389064023,8465269602481
1789031484209098661,8229556676671,8465659632470
1789031485222719614,8229880073503,8465904986936
1789031486236324430,8230202582223,8466155819672
1789031487250074587,8230470442262,8466505188835
1789031488264561931,8230670842226,8466774933374
1789031489279146170,8230960901085,8467086507723
1789031490293220248,8231206150929,8467426951377
1789031491306737287,8231442752348,8467624900978
1789031492320353310,8231495767498,8467677877579
1789031493334365198,8231547891359,8467730146618
1789031494348089504,8231598913553,8467782903865
1789031495361708425,8231646633254,8467828520669
1789031496375387058,8231700022125,8467881902655
1789031497388812997,8231752575848,8467934523248
1789031498402266231,8231805126401,8467987208760
1789031499415707046,8231856841942,8468038730381
1789031500429858693,8231900796445,8468082862638
1789031501443431165,8231953769827,8468135618229
1789031502457198163,8232005476948,8468187355503
1789031503470675351,8232057644114,8468239779590
1789031504484209992,8232109744130,8468291509732
1789031505497733641,8232162811113,8468344516044
1789031506511394660,8232208856277,8468392743973
1789031507525155507,8232262188297,8468444169193
1789031508538630580,8232315159220,8468497206979
1789031509552061942,8232368539088,8468550165870
1789031510565574411,8232422445883,8468604044051
1789031511579177606,8232476246277,8468658196205
1789031512593149606,8232530223357,8468712003503
1789031513606722872,8232583858975,8468765379402
1789031514620156027,8232637246424,8468818797359
1789031515634732414,8232682892165,8468864656773
1789031516648345589,8232736699501,8468918140427
1789031517662076268,8232790089091,8468971524438
1789031518675535172,8232843494758,8469024907900
1789031519689302869,8232896037932,8469077447007
1789031520702942507,8232949089888,8469130823881
1789031521716733329,8233002480606,8469183821459
1789031522730348024,8233055965564,8469237592233
1789031523744060027,8233101468283,8469283115363
1789031524757462314,8233154370281,8469335657999
1789031525771079042,8233207437035,8469388625697
1789031526784678728,8233260266382,8469441585895
1789031527798651863,8233312693775,8469494134148
1789031528812833137,8233364252496,8469545419903
1789031529826388910,8233410216842,8469591369434
1789031530840014551,8233463276582,8469644332598
1789031531854159256,8233515485204,8469696996670
1789031532867738743,8233567565146,8469748738253
1789031533881391413,8233620119897,8469801253955
1789031534895000822,8233672583421,8469853804919
1789031535909004908,8233717884672,8469899014665
1789031536922991855,8233770015456,8469951043103
1789031537936632772,8233821723752,8470003168293
1789031538950171395,8233874266014,8470055291858
1789031539963808104,8233927648161,8470108895251
1789031540977789949,8233981549412,8470162474624
1789031541991900950,8234034520533,8470215435046
1789031543005972069,8234078815382,8470259730546
1789031544020118661,8234130593155,8470311819657
1789031545034475096,8234181816905,8470362902784
1789031546048838959,8234234623952,8470482262640
1789031547063013681,8234590314845,8470774539685
1789031548077425308,8234815414359,8471141132501
1789031549091043442,8235171016178,8471438955136
1789031550105235382,8235350824264,8471850231421
1789031551119692196,8235715047932,8472108556315
1789031552133139112,8236059662603,8472376456749
1789031553146807188,8236326601883,8472683544221
1789031554160161794,8236543273060,8473045080665
1789031555173830909,8236845090120,8473372841991
1789031556187490137,8237163106330,8473698504710
1789031557201372769,8237490138092,8473984571443
1789031558215031564,8237784576956,8474244744533
1789031559228702092,8238048848683,8474562839749
1789031560242671159,8238381286704,8474848462016
1789031561256959465,8238675083946,8475179858106
1789031562271051931,8238940054172,8475513038641
1789031563285464656,8239247674535,8475736676062
1789031564299722618,8239460658035,8476126543172
1789031565314106088,8239789715512,8476403686193
1789031566328382686,8240045219870,8476708844019
1789031567342436561,8240385219561,8476967091670
1789031568356265448,8240659103579,8477306671655
1789031569371289695,8240941228031,8477508241933
1789031570385501837,8241208239317,8477824484762
1789031571402615306,8241327641112,8478206850995
1789031572417741359,8241716105329,8478466069590
1789031573431882830,8241972666260,8478783620029
1789031574446632122,8242187530551,8479007015041
1789031575461940722,8242370490997,8479295483851
1789031576475670442,8242648196652,8479630601418
1789031577489618185,8242936261856,8479938835886
1789031578503976954,8243372562720,8480081190136
1789031579518279977,8243548463946,8480501818628
1789031580532115002,8243827815360,8480819298279
1789031581545972208,8244147649221,8481107129032
1789031582560040233,8244375270640,8481431639190
1789031583574256378,8244672682363,8481715909792
1789031584588473072,8244993053588,8481905279624
1789031585602724585,8245164499817,8482180473542
1789031586618439787,8245473979693,8482478919655
1789031587632566154,8245746767741,8482812397476
1789031588646755916,8245977735960,8483108228023
1789031589660130045,8246031580678,8483162030650
1789031590673754872,8246085076809,8483215834003
1789031591687376366,8246130187828,8483260630336
1789031592700937470,8246182327421,8483313080416
1789031593714863344,8246235720786,8483366234549
1789031594728373533,8246288280777,8483418593160
1789031595742029530,8246341256382,8483471587659
1789031596755640203,8246394737393,8483524960923
1789031597769208139,8246440392560,8483570879646
1789031598782580773,8246493251618,8483623449753
1789031599796222890,8246546216077,8483676424774
1789031600809792037,8246600029892,8483730170776
1789031601823329447,8246652321344,8483782714750
1789031602837053684,8246705234590,8483835260526
1789031603850745160,8246759042133,8483889066284
1789031604864277322,8246812534127,8483942868113
1789031605878030267,8246858394228,8483988399058
1789031606891811863,8246911877280,8484042199267
1789031607905311217,8246965686072,8484095583811
1789031608918702985,8247018652483,8484148541992
1789031609932261410,8247070790322,8484201090375
1789031610945794848,8247123762565,8484253637510
1789031611959719151,8247176824749,8484306601498
1789031612973540957,8247221952026,8484351712029
1789031613987634590,8247274615913,8484404681020
1789031615001604010,8247327483966,8484457265105
1789031616015519187,8247379408602,8484509357443
1789031617029167436,8247430761060,8484560647888
1789031618042535870,8247484014089,8484614028700
1789031619056267439,8247530190814,8484659986816
1789031620070026278,8247583333879,8484713016794
1789031621083499322,8247636301134,8484765905531
1789031622097870546,8247689783316,8484819291352
1789031623111564243,8247743176844,8484873098088
1789031624125065091,8247795727346,8484925263678
1789031625138744496,8247848903738,8484978613253
1789031626152133437,8247901364920,8485032419240
1789031627165663338,8247948135411,8485077532041
1789031628179333726,8248001103018,8485130698967
1789031629193048169,8248054610702,8485183911362
1789031630207100376,8248107161480,8485236546101
1789031631221259200,8248160134638,8485289393196
1789031632234914076,8248212778852,8485341969280
1789031633248402053,8248265046983,8485395728613
1789031634262093885,8248312125839,8485441258884
1789031635275667933,8248365513358,8485494644638
1789031636289246548,8248418498203,8485547620515
1789031637302980646,8248465113371,8485594052768
1789031638316542111,8248482927699,8485611829532
1789031639330188393,8248502321870,8485631219277
1789031640343750790,8248523360532,8485652222101
1789031641357494034,8248569613968,8485698816917
1789031642371106059,8248621623416,8485750747186
1789031643384883821,8248673541604,8485802887037
1789031644398170365,8248725463558,8485854804927
1789031645411796361,8248779688634,8485906729646
1789031646425401159,8248829464541,8485959554012
1789031647438889400,8248883817866,8486011503853
1789031648452467629,8248933591765,8486063427605
1789031649465995167,8248985521550,8486115353697
1789031650479561588,8249039614027,8486167278740
1789031651493122715,8249093706263,8486224907775
1789031652507031321,8249141392402,8486273597346
1789031653521039068,8249193321727,8486323362875
1789031654534725575,8249245247429,8486375300175
1789031655548425189,8249299344376,8486427423355
1789031656561968051,8249349114782,8486479393191
1789031657575509164,8249401202608,8486531323506
1789031658589444680,8249453131663,8486583251158
1789031659603390469,8249505071843,8486635712214
1789031660616899615,8249557002020,8486687645943
1789031661630940806,8249608929032,8486739567855
1789031662644635540,8249660944580,8486791620457
1789031663658592777,8249712875479,8486843535552
1789031664672263325,8249764798564,8486895457000
1789031665685935397,8249827284762,8486958589308
1789031666699447946,8249884250614,8487015539662
1789031667713088381,8249922324295,8487053555685
1789031668726889767,8249979311531,8487110513805
1789031669740490509,8250017287947,8487148484923
1789031670754143335,8250056847970,8487189629686
1789031671767930315,8250112220225,8487243428152
1789031672781503296,8250151873958,8487284568369
1789031673795016788,8250207284522,8487338367638
1789031674809123127,8250245260256,8487377931758
1789031675822977894,8250302222207,8487433377030
1789031676836661860,8250340202712,8487471360500
1789031677850323572,8250397260019,8487528317683
1789031678864014169,8250436819081,8487569454409
1789031679877514117,8250477951650,8487604271063
1789031680891164899,8250530180905,8487661454820
1789031681905141322,8250568160746,8487701008316
1789031682918685206,8250625291639,8487756391204
1789031683932385104,8250663280412,8487796043287
1789031684946006151,8250720242480,8487851417593
1789031685959843330,8250767418499,8487898734556
1789031686973889308,8250808762691,8487939973847
1789031687987536796,8250857225813,8487988299592
1789031689001197982,8250906414796,8488037487712
1789031690014808995,8251025560495,8488208433017
1789031691028502462,8251399025234,8488473438322
1789031692042007496,8251628705434,8488868031882
1789031693055535325,8251975822309,8489132407191
1789031694069346301,8252257838314,8489452689516
1789031695083003348,8252521827808,8489798856715
1789031696096782658,8252731235862,8490193240787
1789031697110447667,8253206846708,8490370114747
1789031698124043277,8253403137531,8490794780362
1789031699137719955,8253713277859,8491040070768
1789031700151447100,8254016259260,8491317734838
1789031701165113842,8254310841483,8491571847986
1789031702178716540,8254517290027,8491973280894
1789031703192410869,8254720154570,8492289402684
1789031704206091372,8255020733796,8492571288140
1789031705219896125,8255425271652,8492771692423
1789031706234014961,8255687456996,8493137879222
1789031707247471774,8256004983928,8493435428372
1789031708261138399,8256255128375,8493775382773
1789031709274629096,8256648611095,8494014061836
1789031710288261878,8256809970284,8494442307467
1789031711301726351,8257117401912,8494688439464
1789031712315409147,8257435047611,8494974550451
1789031713329006458,8257687901323,8495328636262
1789031714342525940,8258044390851,8495568382324
1789031715356223131,8258278453513,8495915272441
1789031716369838250,8258493829650,8496273889075
1789031717384193645,8258903425494,8496436241056
1789031718398237662,8259112854989,8496821308108
1789031719413850707,8259444142844,8497099289713
1789031720427643382,8259683503006,8497457618561
1789031721441745793,8260016042719,8497680872734
1789031722455914587,8260210703555,8498071314888
1789031723469680478,8260540451129,8498310260572
1789031724489630861,8260804354222,8498648156084
1789031725503290134,8261130095718,8498936632508
1789031726517073942,8261427506772,8499194621987
1789031727530959627,8261683385582,8499545584339
1789031728545083133,8261951740910,8499877304767
1789031729559570358,8262216875526,8500211882781
1789031730573707239,8262527722573,8500507203176
1789031731587959914,8262823874238,8500842665390
1789031732602177285,8262997065380,8500900669847
1789031733615687060,8263042514777,8500942094295
1789031734629529315,8263091296119,8500990454993
1789031735643068169,8263132289057,8501031406976
1789031736656718600,8263180652039,8501079798237
1789031737672889297,8263229009308,8501128079940
1789031738686607170,8263270869621,8501169867932
1789031739700756136,8263319643264,8501218601408
1789031740714425898,8263368427761,8501267372423
1789031741728366744,8263410614653,8501309587956
1789031742742093492,8263461093985,8501360004210
1789031743755842172,8263511220145,8501410047277
1789031744769500773,8263557130625,8501459705196
1789031745783647475,8263604459659,8501503465926
1789031746797210190,8263654493716,8501553142771
1789031747810668641,8263704340991,8501603133742
1789031748824268433,8263747640379,8501646146300
1789031749838119898,8263797661347,8501696590412
1789031750851510239,8263848110628,8501746987761
1789031751865079468,8263898984895,8501797906197
1789031752878618881,8263943287436,8501842167708
1789031753892276632,8263995477917,8501893873755
1789031754906006937,8264046760628,8501945158804
1789031755919551178,8264097660757,8501996436247
1789031756933157200,8264150156002,8502048543859
1789031757946660182,8264195302264,8502093647999
1789031758960183262,8264247070744,8502145384088
1789031759973924409,8264299224820,8502197884622
1789031760987608209,8264351310772,8502249589565
1789031762001364892,8264403853912,8502302124309
1789031763014915014,8264456433675,8502354668951
1789031764028437076,8264501609497,8502399810358
1789031765042169569,8264553733092,8502452213114
1789031766056116911,8264607115714,8502505277377
1789031767069784831,8264660495110,8502558652559
1789031768083307852,8264714569286,8502612861559
1789031769097083768,8264768184088,8502666654645
1789031770110603308,8264821981661,8502720032217
1789031771124116481,8264876619890,8502774869254
1789031772137642719,8264922191025,8502820567510
1789031773151102251,8264976399058,8502874396735
1789031774164784007,8265030674777,8502928608107
1789031775178325321,8265083639206,8502981638338
1789031776191696726,8265137845259,8503036197287
1789031777205368267,8265191640546,8503089569187
1789031778218972382,8265245889018,8503143783916
1789031779233034475,8265300583547,8503198418285
1789031780246531373,8265354803467,8503252630112
1789031781260122466,8265409378586,8503307262466
1789031782273798050,8265463379197,8503361050880
1789031783287427346,8265510198907,8503407825387
1789031784301129196,8265564890576,8503462456176
1789031785314570683,8265619104086,8503516670154
1789031786328102397,8265673557327,8503571297135
1789031787342122298,8265727183163,8503625096662
1789031788355548608,8265899968039,8503709031547
1789031789369219243,8266088021682,8504133771870
1789031790382895008,8266356298718,8504486286029
1789031791396560658,8266715671382,8504760690109
1789031792410206046,8267052661637,8505038840304
1789031793423818944,8267322655962,8505379123059
1789031794437440455,8267671517411,8505660495134
1789031795450891897,8267873771253,8506034258874
1789031796465563254,8268156461129,8506334675600
1789031797480168458,8268581440232,8506569315626
1789031798493926775,8268803711640,8506947253359
1789031799507551596,8269124164493,8507225556327
1789031800521053603,8269396633491,8507567182926
1789031801534686923,8269675192820,8507901216082
1789031802548739043,8269909689688,8508259651110
1789031803562245267,8270203248804,8508583861618
1789031804575847599,8270553130991,8508871997509
1789031805589503520,8270901462223,8509140060497
1789031806603274475,8271164269154,8509481358563
1789031807616984330,8271417268988,8509804438790
1789031808630590797,8271740453919,8510123143121
1789031809644303090,8272055044909,8510411256785
1789031810657959770,8272369790343,8510638313014
1789031811671929130,8272510575400,8511056456863
1789031812685555248,8272847980330,8511334166795
1789031813699151524,8273173544453,8511592838760
1789031814712841698,8273462459716,8511862721317
1789031815726242655,8273689771371,8512224032510
1789031816740033994,8273935354319,8512555699046
1789031817753635316,8274185229627,8512890953209
1789031818767327070,8274593429111,8513085882507
1789031819781043364,8274831740952,8513371100073
1789031820794510762,8275160394511,8513649209720
1789031821808237230,8275485743534,8513876815646
1789031822821567663,8275734851945,8514237737914
1789031823835217378,8275972778615,8514621693287
1789031824848898395,8276267776020,8514879925942
1789031825862606332,8276559504784,8515203406748
1789031826876196646,8276866744479,8515506600168
1789031827889746676,8277135173663,8515854360027
1789031828903534770,8277285058211,8516272410857
1789031829917708065,8277681829019,8516519837877
1789031830931326800,8277796281890,8516555936538
1789031831944921688,8277851772799,8516611350922
1789031832958405062,8277906836780,8516666406820
1789031833972217875,8277962480329,8516722298740
1789031834985949014,8278017879497,8516777351292
1789031835999601560,8278072947116,8516832410836
1789031837013249431,8278128003244,8516887535339
1789031838026813843,8278183069396,8516942521919
1789031839040432044,8278237360015,8516997157758
1789031840054190463,8278292456211,8517051799684
1789031841068005892,8278344713404,8517107028394
1789031842082304356,8278394738015,8517154063109
1789031843095994951,8278450243821,8517209537207
1789031844109658474,8278505340701,8517264588342
1789031845123157176,8278560463803,8517320060572
1789031846136741853,8278615934217,8517375101734
1789031847150363111,8278671756490,8517430992044
1789031848164550326,8278727337280,8517486875912
1789031849178291166,8278782811774,8517542348205
1789031850192075091,8278838769182,8517597815988
1789031851205768297,8278893896722,8517653285339
1789031852219439353,8278950127809,8517709177881
1789031853233798715,8279005097675,8517764228279
1789031854247844885,8279060714389,8517819704921
1789031855262305504,8279115827815,8517874753054
1789031856275929131,8279170895059,8517930230090
1789031857289399316,8279227203613,8517986156862
1789031858303117154,8279282324524,8518041357282
1789031859316667265,8279337828747,8518096655075
1789031860330304590,8279392118961,8518151292302
1789031861343676342,8279446758449,8518205510988
1789031862357362193,8279502283882,8518261392077
1789031863371624418,8279557731107,8518316806415
1789031864385218196,8279612978072,8518371912550
1789031865399038090,8279668333103,8518426966647
1789031866413048438,8279723400411,8518482446656
1789031867426614501,8279778874231,8518537511697
1789031868440260366,8279833930983,8518592578613
1789031869453815745,8279887758629,8518646749671
1789031870467277780,8279942251712,8518701024246
1789031871480697167,8279997513771,8518756260498
1789031872494900972,8280045284770,8518807516040
1789031873509372797,8280099781866,8518858352523
1789031874523816298,8280154025499,8518912993061
1789031875537306607,8280209172617,8518968044891
1789031876550756457,8280264190182,8519022681860
1789031877564352271,8280319654549,8519078159568
1789031878577783740,8280374703708,8519133426682
1789031879591297001,8280429400947,8519188276711
1789031880604995062,8280484840779,8519243331760
1789031881618424596,8280538694925,8519297168919
1789031882632067785,8280744667202,8519592651587
1789031883646416930,8281008180608,8519831036567
1789031884660369460,8281336816382,8520124140861
1789031885674300506,8281601297958,8520464291496
1789031886688862774,8281886521851,8520794328386
1789031887702992591,8282177117825,8521131427543
1789031888716962865,8282482948542,8521439134534
1789031889730620396,8282765681486,8521746632501
1789031890744335571,8283090330880,8522035052496
1789031891759230853,8283325651803,8522355844771
1789031892772881453,8283723810714,8522489467112
1789031893786604179,8283783109771,8523006712098
1789031894801628769,8284133795906,8523288438996
1789031895815295958,8284408069065,8523632697079
1789031896829053578,8284767724052,8523930380586
1789031897842417130,8285102653394,8524146107601
1789031898856175981,8285298744521,8524476906406
1789031899870266620,8285597481624,8524724896559
1789031900883929842,8285919976654,8525035381802
1789031901897656891,8286227452531,8525367444253
1789031902911293816,8286502003152,8525708638640
1789031903925160482,8286741212944,8525901216885
1789031904938618477,8286883456812,8526227146291
1789031905952341945,8287239425092,8526490440810
1789031906966117497,8287535944902,8526796405908
1789031907979761459,8287804452660,8527108660209
1789031908993440688,8288093813092,8527436263078
1789031910007142751,8288403417089,8527730712112
1789031911021012011,8288683542797,8528065733766
1789031912034701064,8288887685856,8528409810911
1789031913048344594,8289176297046,8528737895518
1789031914062051241,8289509833477,8528944611912
1789031915075847014,8289632354793,8529137134541
1789031916089316910,8289867686090,8529342130546
1789031917102792579,8290091476074,8529673353608
1789031918117296619,8290333160246,8529953598861
1789031919131286769,8290664196421,8530262948571
1789031920145224222,8290873506334,8530567634425
1789031921159009865,8291342597230,8530699565104
1789031922172932564,8291453726703,8531148478416
1789031923186987602,8291745054221,8531482258828
1789031924200946864,8292093065621,8531735949462
1789031925214775446,8292293079833,8531994475910
1789031926229186143,8292398559651,8532042400000
1789031927243052789,8292455115757,8532098817918
1789031928256581674,8292510916937,8532154299172
1789031929270570042,8292565983074,8532209541360
1789031930284392219,8292621078050,8532264428937
1789031931299284410,8292677045629,8532320607336
1789031932313716227,8292732535009,8532376233920
1789031933327447220,8292788052602,8532431297905
1789031934341351174,8292844385554,8532487619140
1789031935354692763,8292899919119,8532543527853
1789031936367628439,8292956074452,8532599420567
1789031937381313641,8293012600187,8532655730014
1789031938394693110,8293068507780,8532711627163
1789031939408183248,8293124842286,8532767945629
1789031940421662936,8293180358744,8532823843267
1789031941434879663,8293236563712,8532879740038
1789031942448418258,8293292643821,8532935635836
1789031943462185838,8293347287575,8532990412793
1789031944476010797,8293402772656,8533045825184
1789031945489496682,8293458707093,8533101658932
1789031946503380726,8293514994619,8533157979620
1789031947517683764,8293570570930,8533213673293
1789031948531409053,8293626467336,8533269383452
1789031949545441432,8293681534145,8533324416379
1789031950559801503,8293736199991,8533379056421
1789031951573489647,8293791318126,8533434326552
1789031952587091979,8293846582089,8533489592953
1789031953601099988,8293902053942,8533545071173
1789031954614558198,8293957740428,8533600973046
1789031955628032963,8294013702878,8533656878370
1789031956641349960,8294069942677,8533712785274
1789031957654853800,8294125657940,8533768692109
1789031958668384249,8294180577595,8533823735711
1789031959682109258,8294236469761,8533879340786
1789031960696017152,8294292005925,8533935138670
1789031961709553515,8294347939366,8533990637669
1789031962723083955,8294404253135,8534047393592
1789031963737170040,8294459674402,8534102454669
1789031964751013527,8294515194939,8534157935162
1789031965765039288,8294571153647,8534213839655
1789031966779439288,8294627067590,8534269740361
1789031967793221471,8294682968112,8534325784665
1789031968806838609,8294739277337,8534381968005
1789031969820508613,8294795161739,8534437866357
1789031970834353186,8294850659846,8534493403410
1789031971848165979,8294905236873,8534547962976
1789031972862137521,8294923055987,8534565736801
1789031973875828903,8294945680023,8534588355162
1789031974889830039,8294968309993,8534610976980
1789031975903487708,8295012999038,8534655955159
1789031976916885208,8295064943697,8534707882905
1789031977930441156,8295119225056,8534760457996
1789031978944007617,8295171158109,8534816695478
1789031979957550998,8295223109202,8534868622832
1789031980971412369,8295273261963,8534918384069
1789031981984874464,8295325219307,8534970519801
1789031982998556320,8295377136895,8535022235670
1789031984012131208,8295429053054,8535072001269
1789031985025838420,8295480968611,8535123924742
1789031986039557911,8295533083734,8535178499915
1789031987053407396,8295585415036,8535230439878
1789031988067093560,8295653703097,8535301119742
1789031989080691526,8295691443207,8535336591954
1789031990094261346,8295741204935,8535384349192
1789031991107918379,8295795358327,8535436410850
1789031992121464033,8295845456114,8535488325195
1789031993135541140,8295897458718,8535542400934
1789031994149432223,8295970238193,8535614062022
1789031995163228544,8296003676563,8535644099129
1789031996176900778,8296053507652,8535698180428
1789031997190570233,8296105461025,8535750397210
1789031998204136437,8296177572895,8535822300039
1789031999218019864,8296211486746,8535856403583
1789032000231701336,8296290777540,8535933531567
1789032001245795199,8296328818290,8535971501135
1789032002259645426,8296385908537,8536028457853
1789032003273379856,8296423878508,8536066525466
1789032004287096896,8296480844554,8536123483085
1789032005300693324,8296518819907,8536161457820
1789032006314465237,8296560961308,8536199439122
1789032007328112370,8296613840127,8536256396110
1789032008341561712,8296651819154,8536295945922
1789032009355386401,8296708777651,8536351326884
1789032010369047677,8296765739968,8536408283882
1789032011382879703,8296803810123,8536446255311
1789032012396395162,8296843357415,8536484233081
1789032013410015037,8296898740525,8536541190274
1789032014423733798,8296938290379,8536579300121
1789032015437454073,8296993673056,8536636121808
1789032016451167565,8297049514271,8536693079845
1789032017464917218,8297088700148,8536731168792
1789032018478454065,8297145663818,8536788122595
1789032019492109659,8297185135683,8536827593518
1789032020505653114,8297224800291,8536867569247
1789032021519772998,8297271567288,8536913934388
1789032022533826294,8297312084982,8536954456837
1789032023547411280,8297543944878,8537242955406
1789032024561098347,8297890570385,8537534775507
1789032025574617275,8298164877918,8537845069234
1789032026588662235,8298368660198,8538221859464
1789032027602271852,8298743033027,8538492879952
1789032028616776721,8299062416765,8538786967105
1789032029631039345,8299375015167,8539079486209
1789032030644791468,8299688499925,8539419779837
1789032031658339881,8299933435679,8539775455663
1789032032671861450,8300269645465,8540023689486
1789032033685474565,8300517676012,8540255576359
1789032034699160463,8300784135869,8540580207639
1789032035712903543,8301107680902,8540867575322
1789032036726307006,8301391086699,8541197763650
1789032037739979889,8301652828127,8541508565065
1789032038753669438,8301867449966,8541891366563
1789032039767387184,8302254777757,8542128535374
1789032040780911779,8302558797705,8542436758862
1789032041794627204,8302797600038,8542806447834
1789032042808259251,8303118520270,8543097745476
1789032043822086119,8303332988430,8543459644627
1789032044835692421,8303701325780,8543717616100
1789032045849222421,8304004189938,8544019187942
1789032046862900042,8304313777920,8544352939004
1789032047876520486,8304546942807,8544650958070
1789032048890223071,8304857189758,8544934817918
1789032049903920453,8305230613360,8545180867095
1789032050917492955,8305370548471,8545603158139
1789032051931000267,8305604549364,8545891135009
1789032052943750146,8305966463344,8546160877049
1789032053957416112,8306226090656,8546513019528
1789032054970925279,8306416608660,8546851603060
1789032055985058111,8306642627944,8547105789401
1789032056999037101,8306970104500,8547397781850
1789032058013359124,8307359324245,8547656924870
1789032059027569666,8307550356851,8547927607055
1789032060041324033,8307882890522,8548166602706
1789032061055274009,8308180067843,8548483250613
1789032062068995630,8308507310957,8548805756718
1789032063082608869,8308755546848,8549199561973
1789032064096468149,8309024391482,8549575779055
1789032065110167681,8309220451858,8549644496744
1789032066124018235,8309268395498,8549692440864
1789032067137458488,8309316430053,8549740421207
1789032068150809522,8309358625494,8549782600056
1789032069164366571,8309406989304,8549830963035
1789032070177901610,8309455842980,8549880161944
1789032071191411319,8309497540852,8549921503648
1789032072205195300,8309545573723,8549969863609
1789032073219202320,8309594947041,8550019066737
1789032074232734275,8309637378021,8550061662231
1789032075247289938,8309686575890,8550110506129
1789032076262561025,8309735771167,8550159742421
1789032077276167397,8309778913751,8550202762959
1789032078290105565,8309827652710,8550251853650
1789032079303590981,8309876839051,8550300635471
1789032080317193430,8309920278612,8550344112536
1789032081330613833,8309970566594,8550394535843
1789032082344230340,8310020851604,8550444681476
1789032083357690560,8310070879622,8550494618960
1789032084371110490,8310113899199,8550537715788
1789032085384688298,8310163510568,8550587561491
1789032086398290949,8310213535228,8550637366763
1789032087411938202,8310260490126,8550687810365
1789032088425761782,8310307091196,8550730843298
1789032089439463214,8310357533898,8550781364468
1789032090452937154,8310407135465,8550831009719
1789032091466558145,8310450992582,8550874760695
1789032092480187087,8310501179639,8550925212779
1789032093493800734,8310551137456,8550975075825
1789032094507085782,8310602008897,8551025713424
1789032095520674501,8310646700089,8551070470569
1789032096534129936,8310697158423,8551121317792
1789032097547803677,8310748537964,8551172223471
1789032098561530676,8310799820917,8551223517810
1789032099575507663,8310842838826,8551266747362
1789032100589961732,8310894120963,8551317832056
1789032101603803714,8310944562092,8551368352007
1789032102617597316,8310994686030,8551418318154
1789032103631820990,8311038856204,8551462594317
1789032104645855745,8311089202391,8551513050186
1789032105659484847,8311139433618,8551563082448
1789032106673080536,8311189940579,8551613952904
1789032107686633858,8311233404047,8551656978887
1789032108700181213,8311284723541,8551708694582
1789032109713879115,8311334340951,8551758308102
1789032110727440648,8311385588204,8551809167510
1789032111741109794,8311429028908,8551852615642
1789032112754707596,8311479985724,8551903487474
1789032113768701968,8311530850174,8551954353665
1789032114782909626,8311582148647,8552005710608
1789032115796512838,8311634913089,8552058228063
1789032116810385849,8311679604328,8552102936681
1789032117824308003,8311731397898,8552154654509
1789032118837955002,8311782259574,8552205554432
1789032119851541099,8311833541652,8552256878294
1789032120865345369,8311877819080,8552301124793
1789032121879510817,8311928833841,8552352411786
1789032122893615756,8311980068587,8552403712642
1789032123907300651,8312215642910,8552642106346
1789032124921031975,8312504208506,8552937089352
1789032125934649929,8312780988444,8553224331309
1789032126948075935,8313102268096,8553510847812
1789032127961941488,8313248762506,8553877688804
1789032128976002416,8313535848973,8554139143876
1789032129993949384,8313852338304,8554397548400
1789032131007907576,8314189950513,8554695544683
1789032132021842880,8314499212349,8555022140464
1789032133035518211,8314841784697,8555321943607
1789032134049110321,8315053217852,8555619643563
1789032135062623264,8315244644327,8556016531431
1789032136076215848,8315636280350,8556285316869
1789032137089739870,8315925693010,8556623773011
1789032138103152067,8316237069725,8556914921040
1789032139116763114,8316585295308,8557166753817
1789032140130248855,8316783329054,8557534145645
1789032141143803758,8317076548878,8557843438456
1789032142157402506,8317393947319,8558172182038
1789032143170941381,8317732547155,8558452082577
1789032144184606046,8318013989095,8558730198730
1789032145198243254,8318222322891,8559005372494
1789032146211943052,8318510194284,8559302435732
1789032147225657051,8318817416824,8559613281532
1789032148239399575,8319036263970,8559984972291
1789032149253039676,8319401570007,8560241003879
1789032150266514778,8319670716338,8560588023977
1789032151280129222,8320051990626,8560846729193
1789032152293878985,8320327030226,8561134176258
1789032153307657284,8320554645921,8561519920290
1789032154321516374,8320813985275,8561868105466
1789032155335047895,8321203100210,8562131727891
1789032156348415198,8321475717637,8562427764558
1789032157362099147,8321747234349,8562765330109
1789032158375810026,8322078260581,8563013911592
1789032159389584964,8322376129311,8563303196048
1789032160403135521,8322717664389,8563557016506
1789032161416839886,8322811779951,8563953257651
1789032162430255573,8323118163340,8564264063254
1789032163444016096,8323546137238,8564472348605
1789032164457759621,8323783653863,8564824921070
1789032165471371982,8324038834322,8565080186282
1789032166485038586,8324083115020,8565124468294
1789032167498983496,8324133985436,8565175354943
1789032168512713718,8324185121435,8565226653354
1789032169526388161,8324236237551,8565277538329
1789032170540070487,8324279648637,8565320990752
1789032171553637148,8324330961581,8565372560876
1789032172567241735,8324380993840,8565422580083
1789032173580985055,8324433213916,8565474569704
1789032174594658662,8324485758336,8565527114192
1789032175608155512,8324530037937,8565571393183
1789032176621736326,8324580909823,8565622370702
1789032177635353204,8324631362895,8565672724037
1789032178649263958,8324682753317,8565724018165
1789032179662873301,8324726617241,8565767876635
1789032180676395671,8324778321642,8565819593379
1789032181689866917,8324828354591,8565869780025
1789032182703541173,8324878810282,8565920657522
1789032183717679887,8324924026723,8565965360133
1789032184731985091,8324975316191,8566016649355
1789032185745700442,8325027027343,8566068359988
1789032186760183358,8325078007526,8566119657418
1789032187774223337,8325130033075,8566171366332
1789032188788123582,8325174820382,8566216062872
1789032189802254093,8325226566485,8566268201213
1789032190816243179,8325278351165,8566319918021
1789032191829505971,8325330028203,8566371630190
1789032192843204560,8325381246978,8566422506860
1789032193857243579,8325425614096,8566466782361
1789032194871290301,8325476902311,8566518072094
1789032195885801212,8325528191231,8566569368007
1789032196899488421,8325579482601,8566620663636
1789032197912999280,8325623657391,8566664947490
1789032198926678779,8325675566630,8566716704470
1789032199940114612,8325725648137,8566766992087
1789032200953783263,8325777741901,8566818845275
1789032201967294769,8325828619730,8566869783708
1789032202980875285,8325873887088,8566915238205
1789032203994520549,8325926209517,8566967356634
1789032205008138998,8325977676916,8567018683039
1789032206021789577,8326030225115,8567071193561
1789032207035286773,8326080681753,8567122067133
1789032208049057393,8326124965476,8567165922269
1789032209062629640,8326176356584,8567217254746
1789032210076256595,8326226808998,8567267668144
1789032211089911587,8326277675987,8567318534957
1789032212103397550,8326321966051,8567362815804
1789032213117012336,8326372874257,8567414104151
1789032214131439565,8326423804863,8567464552861
1789032215145484064,8326474260699,8567515425794
1789032216159269690,8326518554630,8567559290216
1789032217172724511,8326570680758,8567611419431
1789032218186344632,8326621999076,8567662701162
1789032219199781969,8326673355120,8567714404674
1789032220213450493,8326725904383,8567766537972
1789032221227061189,8326770191905,8567810811765
1789032222240623890,8326821064727,8567862095550
1789032223254205427,8327062454633,8568105661100
1789032224267983157,8327296343390,8568405016460
1789032225282104758,8327598071265,8568720333701
1789032226295778292,8327903479501,8569062790721
1789032227309984337,8328174239356,8569323708374
1789032228324634310,8328364634704,8569502632026
1789032229338327144,8328618379156,8569841521598
1789032230352036727,8328926145271,8570168281905
1789032231366240399,8329186626465,8570410345360
1789032232379899592,8329429104526,8570743971581
1789032233393495236,8329708085660,8571047159692
1789032234407024214,8329910047409,8571254396038
1789032235421281924,8330211524952,8571588921550
1789032236435450301,8330498062596,8571895987459
1789032237449223575,8330746454643,8572193716197
1789032238463213700,8331044388423,8572499118876
1789032239476788184,8331279883531,8572861805938
1789032240490519102,8331580792975,8573167249196
1789032241504023081,8331843788716,8573518804318
1789032242517530214,8332154404279,8573844298324
1789032243531148587,8332513585643,8574042955022
1789032244544762401,8332692327279,8574252720856
1789032245558522042,8332979934193,8574567034120
1789032246572072120,8333262944165,8574896506171
1789032247585684149,8333465434759,8575116685413
1789032248599262074,8333721917865,8575486887964
1789032249612761476,8334022183037,8575802372473
1789032250626516397,8334291201123,8576056034435
1789032251640158010,8334557844848,8576340807660
1789032252653775015,8334790223885,8576616986018
1789032253667317174,8335035933015,8576884702638
1789032254680891213,8335326576367,8577191743513
1789032255694656370,8335512626609,8577509547335
1789032256708442571,8335938764527,8577686552564
1789032257722162523,8336165258144,8578066204116
1789032258735796484,8336445412312,8578335405306
1789032259749558594,8336668214264,8578556055982
1789032260763246751,8336927888313,8578872726981
1789032261776814795,8337199873796,8579202518906
1789032262790331237,8337443042123,8579486064040
1789032263803916288,8337726471346,8579818593283
1789032264817422105,8337882121175,8579889929706
1789032265831139786,8337933553135,8579941638544
1789032266844707655,8337984954947,8579992915199
1789032267858142819,8338037350175,8580045034437
1789032268871618382,8338089650347,8580097587088
1789032269885615317,8338133477358,8580141446237
1789032270899205421,8338185206888,8580192735920
1789032271912842339,8338236494600,8580244016750
1789032272926373138,8338288210300,8580295715668
1789032273940065244,8338332226195,8580339990008
1789032274953838287,8338384719555,8580392144672
1789032275967368592,8338436853237,8580444232204
1789032276980963505,8338488140202,8580495518492
1789032277994560800,8338538598189,8580546165774
1789032279007984310,8338583330199,8580590695443
1789032280021483498,8338635097598,8580642365798
1789032281035040225,8338685966327,8580693317433
1789032282048733992,8338738506178,8580745883387
1789032283062485069,8338790230350,8580797564333
1789032284076530604,8338834967993,8580842365889
1789032285090106226,8338887170485,8580894390223
1789032286103771366,8338938458875,8580945679508
1789032287117562571,8338989757535,8580996976466
1789032288131243277,8339041055838,8581048691010
1789032289144701457,8339085787679,8581092964955
1789032290158575228,8339137983053,8581145093019
1789032291172137874,8339189279458,8581196383951
1789032292186025440,8339241409080,8581248509175
1789032293199801973,8339293542143,8581300638540
1789032294213470780,8339338280850,8581345404114
1789032295227051953,8339390975037,8581398308254
1789032296240827782,8339443063471,8581450004569
1789032297254644331,8339495369020,8581502534195
1789032298268468923,8339546929319,8581554238486
1789032299282030041,8339599894410,8581606785084
1789032300295676563,8339645911562,8581652727451
1789032301309628217,8339697617416,8581704845934
1789032302323878169,8339750580309,8581757575758
1789032303337494976,8339802287612,8581809086444
1789032304350862795,8339854442226,8581861238410
1789032305364453048,8339907054708,8581914166989
1789032306378474180,8339951333415,8581958047827
1789032307391915537,8340003467079,8582010399986
1789032308405502530,8340055726491,8582062375411
1789032309419067531,8340107061379,8582113672273
1789032310432684995,8340159256950,8582165701916
1789032311446194006,8340203118329,8582209549060
1789032312459366472,8340255283176,8582262089769
1789032313473217881,8340306953052,8582313375537
1789032314487152812,8340358313348,8582365091025
1789032315500758807,8340411294441,8582418007656
1789032316514403578,8340455432978,8582461729123
1789032317528898603,8340478793355,8582485091506
1789032318542813944,8340496568057,8582502995783
1789032319556978412,8340517608667,8582523862514
1789032320570676869,8340537066721,8582543413200
1789032321584076587,8340567881513,8582574171839
1789032322597576740,8340608318932,8582614607372
1789032323611246967,8340628566211,8582635176938
1789032324624795107,8340658928672,8582665509540
1789032325638103457,8340699560483,8582705951303
1789032326651781486,8340729891568,8582736503242
1789032327665451353,8340760225804,8582767704891
1789032328678992858,8340800660756,8582807305306
1789032329692363154,8340851279111,8582857850655
1789032330706005890,8340881781917,8582888180245
1789032331719349794,8340922216222,8582928613506
1789032332733042399,8340962667559,8582969046887
1789032333746625688,8340999248403,8583009013813
1789032334760192474,8341034313016,8583041489753
1789032335773761320,8341066817641,8583073150573
1789032336787201703,8341262660080,8583125371118
1789032337800791724,8341471998540,8583473473594
1789032338814448743,8341714226234,8583860845437
1789032339827946341,8341952195769,8584225653055
1789032340841582145,8342248716979,8584553796037
1789032341855029917,8342621787251,8584811828512
1789032342868627189,8342876397825,8585059999235
1789032343882104041,8343200410915,8585338204339
1789032344895955280,8343452169981,8585664252330
1789032345910263698,8343713921015,8585997224636
1789032346924101337,8344060092179,8586212590727
1789032347938277262,8344203594280,8586642162009
1789032348952129556,8344523558295,8586916971637
1789032349966114509,8344798421119,8587105571990
1789032350979807074,8345011801018,8587447184947
1789032351993467234,8345270073661,8587693321879
1789032353007066905,8345502921434,8588068568331
1789032354020714790,8345833927331,8588277515868
1789032355034258686,8346140474003,8588582852981
1789032356047974786,8346407285903,8588928866920
1789032357061442257,8346681974147,8589227883314
1789032358075054907,8346975327836,8589524582733
1789032359088921985,8347104490483,8589857528857
1789032360102509815,8347504538119,8590095467032
1789032361116240471,8347865201310,8590333091339
1789032362129685687,8348115196532,8590667814352
1789032363143384292,8348415484600,8590998984828
1789032364157229757,8348604392617,8591417778648
1789032365170842690,8349048128438,8591626192501
1789032366184882446,8349318755459,8591944982798
1789032367198974490,8349587820551,8592276647351
1789032368212815733,8349835722051,8592555119322
1789032369226578745,8350097594310,8592896837821
1789032370241346289,8350480665923,8593101252359
1789032371255435381,8350624403991,8593493342720
1789032372269541945,8350924463946,8593738763453
1789032373283725697,8351203104861,8594064847586
1789032374297887855,8351463522578,8594308068151
1789032375311414106,8351711943693,8594591324260
1789032376325021138,8351993076492,8594941873122
1789032377338497563,8352298321124,8595270505676
1789032378352084191,8352636945151,8595536174552
1789032379365500076,8352740993986,8595675622749
1789032380379225406,8352771183408,8595705884540
1789032381392964200,8352803328215,8595738006183
1789032382406407922,8352836291292,8595770968975
1789032383420279262,8352867001128,8595801502066
1789032384434050403,8352899744092,8595834436800
1789032385447558434,8352932546707,8595867188887
1789032386461082083,8352963766065,8595898336061
1789032387474627991,8352996291486,8595930874175
1789032388488099726,8353029031357,8595963404080
1789032389501450987,8353060338772,8595994760400
1789032390514839378,8353092556296,8596026925709
1789032391528433791,8353125561263,8596059859812
1789032392542109599,8353156302189,8596090579696
1789032393555754757,8353189052979,8596123326457
1789032394569438797,8353222017803,8596156290336
1789032395582919173,8353253419695,8596187658445
1789032396596500095,8353286235904,8596220413636
1789032397609979636,8353319644615,8596254014144
1789032398623583626,8353350536196,8596284746184
1789032399637094670,8353383534567,8596317744333
1789032400650651281,8353416323543,8596350486086
1789032401664204156,8353447752592,8596381834658
1789032402677514831,8353479870851,8596413957969
1789032403691216366,8353513044353,8596447132404
1789032404704944704,8353543785693,8596477881461
1789032405718453446,8353576357721,8596510506359
1789032406731972854,8353609590970,8596543650535
1789032407745297251,8353640558773,8596574730423
1789032408758879804,8353673086251,8596607086360
1789032409772572054,8353703639505,8596637810950
1789032410786179623,8353736409828,8596670412983
1789032411799939258,8353768830726,8596702904538
1789032412813634199,8353800600640,8596734471136
1789032413827469657,8353833150274,8596767015355
1789032414841056276,8353865902950,8596799977233
1789032415854463948,8353896669205,8596830501841
1789032416867884692,8353929468037,8596863250842
1789032417881550663,8354204382838,8597119766939
1789032418895227323,8354415915828,8597487324909
1789032419908860739,8354719201338,8597791160143
1789032420922414381,8354876544052,8598169854458
1789032421935702213,8355167700761,8598441241271
1789032422949373133,8355415781034,8598708726413
1789032423962871430,8355763001864,8598987384927
1789032424976366722,8356109527712,8599275375006
1789032425989905270,8356402059124,8599576989335
1789032427003534054,8356687489285,8599901400307
1789032428017141683,8357002664426,8600219470169
1789032429030544424,8357241036522,8600574777024
1789032430044117520,8357686877600,8600767420271
1789032431057516131,8357863791315,8601160775417
1789032432070833218,8358112253366,8601510552644
1789032433084449587,8358372919667,8601864949458
1789032434098349479,8358734347889,8602123687862
1789032435111979578,8359022608256,8602434195405
1789032436125769277,8359210636482,8602752962745
1789032437139305709,8359494799202,8603086474710
1789032438152803914,8359763054834,8603404593817
1789032439166490370,8360054595908,8603730456901
1789032440180028253,8360428606335,8604021576748
1789032441194245924,8360724378210,8604288150874
1789032442207917169,8361025177516,8604580669629
1789032443221759899,8361319887245,8604920755206
1789032444236074401,8361558220114,8605275726352
1789032445249995600,8361936564800,8605527247577
1789032446265112853,8362174561577,8605793217254
1789032447278935488,8362393644926,8606136597824
1789032448293257287,8362711081441,8606461003233
1789032449307316117,8363069116237,8606625907935
1789032450321229627,8363270275538,8607017834174
1789032451334932779,8363565079261,8607338070609
1789032452348565241,8363860641151,8607655605726
1789032453362087323,8364139813843,8607928606206
1789032454375916069,8364460771551,8608212129166
1789032455389547239,8364647738937,8608546490698
1789032456403124596,8364973303148,8608845176236
1789032457416743467,8365232203846,8609193219465
1789032458430249272,8365548311848,8609519574519
1789032459443830406,8365720160538,8609848930234
1789032460457424890,8365954734678,8609877611409
1789032461471157793,8365987547632,8609910523207
1789032462485206219,8366018315486,8609941100360
1789032463498645688,8366051274705,8609974071264
1789032464512037855,8366083601606,8610006374048
1789032465525737983,8366114547130,8610037522841
1789032466539367524,8366147567100,8610070483751
1789032467553633946,8366179928030,8610102780404
1789032468567219659,8366210452314,8610133296310
1789032469581224296,8366243200075,8610165905954
1789032470597499984,8366273824183,8610198648967
1789032471611119743,8366306577894,8610229382989
1789032472624454261,8366339240683,8610261929536
1789032473638090318,8366369817391,8610292660873
1789032474651544190,8366402352334,8610324994050
1789032475665056024,8366434467396,8610357122679
1789032476678609069,8366465416116,8610388072187
1789032477692201769,8366497829666,8610420402169
1789032478705703653,8366530999338,8610453594635
1789032479719303467,8366561723212,8610484309337
1789032480732935155,8366594682889,8610517339811
1789032481746531717,8366625054735,8610547592084
1789032482759949036,8366657830976,8610580346411
1789032483773487595,8366690158318,8610612677857
1789032484786979386,8366721096399,8610643834452
1789032485800899289,8366753633645,8610676170656
1789032486815479761,8366786271495,8610708931282
1789032487829417981,8366817202587,8610739693020
1789032488842968011,8366849531023,8610771994376
1789032489857154492,8366882692196,8610805299597
1789032490871048997,8366913423338,8610836111769
1789032491884747792,8366946644631,8610869075631
1789032492898197160,8366979003964,8610901627936
1789032493911669215,8367009943683,8610932472342
1789032494925293763,8367042483105,8610964900280
1789032495939207166,8367075645873,8610998073506
1789032496952862628,8367106224566,8611028805999
1789032497966997175,8367139628359,8611062183546
1789032498981069123,8367281770921,8611377680051
1789032499994598335,8367565115946,8611557052491
1789032501008388214,8367724242352,8611905280557
1789032502022003988,8368042407799,8612173840777
1789032503035545334,8368210790953,8612284176643
1789032504049302247,8368428321764,8612581803019
1789032505064236401,8368726825542,8612775962455
1789032506077779783,8368961592889,8613117748722
1789032507092710085,8369302677627,8613350567702
1789032508106550624,8369396288538,8613752766467
1789032509120835143,8369712132815,8614040660983
1789032510134985060,8370027824208,8614320412311
1789032511150565671,8370291787629,8614640586837
1789032512164515062,8370564110408,8614835008435
1789032513178490878,8370810111380,8615091589657
1789032514192798761,8370971706307,8615386416066
1789032515206655522,8371340346526,8615629537666
1789032516220986066,8371477082818,8616037549776
1789032517235370618,8371860223744,8616280369080
1789032518252255250,8372109527618,8616619384314
1789032519266484698,8372408065270,8616918698841
1789032520280113603,8372731413020,8617203539500
1789032521293902473,8373007372751,8617520144714
1789032522307451386,8373180179303,8617685624814
1789032523321205434,8373407825624,8618041312897
1789032524334842327,8373772044003,8618270697214
1789032525348865976,8373990755681,8618498567159
1789032526362768000,8374146602391,8618938100409
1789032527376509433,8374448617470,8619171050799
1789032528389983861,8374773735658,8619468285552
1789032529403533930,8374976155515,8619867755074
1789032530417264344,8375271111254,8620172141421
1789032531431091248,8375538774483,8620534109439
1789032532444744058,8375880898088,8620812197492
1789032533458293214,8376218439747,8621078283246
1789032534472004773,8376437980323,8621437173342
1789032535485837925,8376755297303,8621734884989
1789032536499503417,8377089683399,8622022958732
1789032537513165146,8377427021816,8622301474287
1789032538526816928,8377654571307,8622523500434
1789032539540537310,8377885619723,8622873600891
1789032540554213789,8378179793573,8623193128229
1789032541568615803,8378521151737,8623468891324
1789032542582499787,8378650103035,8623653160950
1789032543596368176,8378968018150,8623938285059
1789032544610665043,8379071075122,8624134080764
1789032545624392714,8379101580499,8624164437026
1789032546638184555,8379134122173,8624196974137
1789032547651735896,8379166931772,8624229711237
1789032548665076971,8379197691456,8624260451350
1789032549678582525,8379229809279,8624292573817
1789032550692831217,8379259913521,8624322805589
1789032551706795796,8379292458109,8624355445496
1789032552720321299,8379325134571,8624387992743
1789032553733883359,8379356671873,8624419379602
1789032554747530539,8379388992606,8624451901728
1789032555761328053,8379421532562,8624484373997
1789032556774856497,8379452679960,8624515493495
1789032557788456630,8379485158323,8624547935654
1789032558801942923,8379518274408,8624580901062
1789032559816213441,8379549221430,8624611849158
1789032560829913122,8379582179836,8624644824925
1789032561843560335,8379612708475,8624675358742
1789032562857248661,8379645526327,8624708121128
1789032563870789590,8379677681381,8624740337205
1789032564884427927,8379708842437,8624771625956
1789032565898117526,8379741493995,8624804180530
1789032566911784902,8379774136477,8624836939782
1789032567925544863,8379805138835,8624867769901
1789032568939262062,8379838151899,8624900858519
1789032569952914459,8379870731665,8624933404382
1789032570966736608,8379901428446,8624964142278
1789032571980402134,8379933952304,8624996553861
1789032572994095276,8379966760646,8625029231385
1789032574007955306,8379997737258,8625060392429
1789032575021644549,8380030071312,8625092514297
1789032576036016661,8380061228161,8625125688345
1789032577049972202,8380094187723,8625156810032
1789032578063995960,8380127208285,8625189610273
1789032579077881011,8380157763324,8625220136750
1789032580091589807,8380190075301,8625252637772
1789032581105010070,8380205467357,8625267850107
