timestamp_ns,rx_bytes,tx_bytes
1789042926997048998,9689236951799,9993042969336
1789042928010906409,9689236955495,9993042971182
1789042929024692672,9689236992166,9993042974438
1789042930038353644,9689237057938,9993042976853
1789042931051829903,9689237062752,9993042979720
1789042932065276791,9689237067628,9993042982553
1789042933078603451,9689237071299,9993042984131
1789042934092027638,9689237106436,9993042987096
1789042935108565048,9689237172481,9993042989792
1789042936124611215,9689237176175,9993042991506
1789042937138318053,9689237180346,9993042993898
1789042938151884804,9689237202591,9993043000830
1789042939165595869,9689237252519,9993043004666
1789042940179546563,9689237329536,9993043008758
1789042941193438737,9689291555179,9993097022161
1789042942207213435,9689350509565,9993155929688
1789042943220981767,9689410390205,9993216057986
1789042944234792373,9689468998590,9993274152264
1789042945248475626,9689531048015,9993335877076
1789042946262135166,9689583766728,9993388600658
1789042947275741643,9689662856644,9993467662290
1789042948289522238,9689715631016,9993520381436
1789042949303398728,9689768387909,9993573109948
1789042950317464305,9689826701101,9993625975228
1789042951331358669,9689900374987,9993704915512
1789042952345114300,9689953512905,9993757645324
1789042953358755289,9690006252468,9993810368868
1789042954372475487,9690059013443,9993863089757
1789042955386352602,9690138778605,9993942194190
1789042956399888040,9690191507293,9993994910419
1789042957413739619,9690244247177,9994047623207
1789042958427492222,9690299354858,9994104736367
1789042959441303636,9690350049211,9994153063566
1789042960454900282,9690429235427,9994232146732
1789042961468617658,9690481981776,9994284869786
1789042962482230554,9690535233647,9994337598383
1789042963495950752,9690587970409,9994390320059
1789042964509789024,9690640799624,9994443053775
1789042965523594341,9690693584474,9994497978189
1789042966537359112,9690746361682,9994550702971
1789042967551060452,9690815960263,9994620793974
1789042968564730881,9690895112573,9994697136948
1789042969578915002,9690947866183,9994749855312
1789042970592606300,9691000667624,9994802578661
1789042971606228457,9691059975006,9994855302155
1789042972620180447,9691132739124,9994934363652
1789042973634413649,9691187657904,9994987086623
1789042974648185006,9691240425048,9995044191739
1789042975662083117,9691317379232,9995118878450
1789042976676071846,9691370146713,9995171593402
1789042977689966772,9691425079477,9995228702738
1789042978704020871,9691478090449,9995281416106
1789042979717825974,9691555012944,9995356097826
1789042980731554014,9691608057153,9995408818800
1789042981745423060,9691660793501,9995461531002
1789042982758938042,9691713611402,9995514249228
1789042983772653145,9691766347523,9995569156237
1789042984786392358,9691845518338,9995646027086
1789042985800325877,9691900509407,9995699365013
1789042986814189988,9691955430297,9995751471621
1789042987827847451,9692003796799,9995806376625
1789042988841685397,9692071298546,9995871697341
1789042989855519831,9692103625014,9995904848533
1789042990869311060,9692146672761,9995946962123
1789042991882934341,9692189692805,9995989972084
1789042992896573710,9692232858426,9996032980729
1789042993910192399,9692276768707,9996075988296
1789042994924023384,9692319859688,9996120787822
1789042995937929678,9692362066380,9996162003372
1789042996951806008,9692405151202,9996205010770
1789042997965601909,9692448458545,9996248026882
1789042998979504227,9692491479409,9996291036652
1789042999993569355,9692534538404,9996334040514
1789043001007580046,9692567042167,9996367195537
1789043002021552696,9692644871368,9996444361508
1789043003035178120,9692719139097,9996519364515
1789043004049427181,9692788229583,9996587762838
1789043005063158305,9692851172224,9996650498759
1789043006076893879,9692922245919,9996721537804
1789043007090626884,9693050739859,9996849810547
1789043008104362873,9693239630211,9997138519588
1789043009117989510,9693606575107,9997334953237
1789043010131769464,9693884612682,9997617677424
1789043011145671429,9694132909482,9997902521113
1789043012159522856,9694289294997,9998179955448
1789043013173337796,9694668754396,9998368900031
1789043014186984263,9694798436143,9998818033947
1789043015200887886,9695143080294,9999023503055
1789043016214705366,9695405658769,9999281689110
1789043017228316451,9695770635551,9999448460541
1789043018243534074,9695939904191,9999807213286
1789043019258520534,9696122239168,10000065994138
1789043020275126424,9696479149839,10000146047607
1789043021289627448,9696753699897,10000443746821
1789043022303817828,9696862952689,10000859887440
1789043023318887604,9697210510581,10000999339105
1789043024332770884,9697359955962,10001399901438
1789043025347133104,9697588350155,10001631510628
1789043026362020659,9698014543293,10001764525274
1789043027376302362,9698183506160,10002071411437
1789043028389989542,9698492128816,10002349411838
1789043029403866915,9698660412801,10002692283665
1789043030417690485,9698888914488,10003003940559
1789043031431456355,9699281836032,10003064186960
1789043032445129080,9699434594669,10003401340194
1789043033458860980,9699762922751,10003649673657
1789043034472674498,9699871759751,10003969561796
1789043035486432470,9700129931375,10004225614864
1789043036499971726,9700494867334,10004384348269
1789043037513937896,9700715195427,10004612671453
1789043038527680651,9700933743025,10004944236830
1789043039541472603,9701172033285,10005227674966
1789043040555294136,9701410337441,10005456002866
1789043041568856598,9701678385443,10005743766218
1789043042582617416,9701959218732,10005902866117
1789043043596398541,9702214088939,10006167931433
1789043044610125968,9702511690810,10006401739299
1789043045623662593,9702690900335,10006804776005
1789043046637514402,9703156072608,10006915570234
1789043047651288602,9703275299080,10007381315617
1789043048664983276,9703455414484,10007698588020
1789043049680291268,9703906277862,10007778845861
1789043050694370074,9704189119859,10008027157268
1789043051708296201,9704377891009,10008281141408
1789043052722219006,9704576552002,10008545197965
1789043053736174727,9704678734022,10008949387372
1789043054750463197,9704944642349,10009258616366
1789043055764169787,9705214880003,10009339492493
1789043056777960960,9705288831053,10009413678480
1789043057791578985,9705357110454,10009482012488
1789043058805368238,9705429594371,10009554213880
1789043059818997001,9705497580617,10009622217814
1789043060832877527,9705571812287,10009696368760
1789043061846565725,9705648125198,10009774283590
1789043062860306803,9705734114837,10009858871623
1789043063874169991,9705803198077,10009928098117
1789043064888104494,9705873143725,10009997655597
1789043065901992737,9705934128738,10010058957954
1789043066915924616,9705996682796,10010121515970
1789043067929509268,9706057163772,10010181585070
1789043068943308123,9706124655905,10010249084084
1789043069957134300,9706184731250,10010309259824
1789043070970779494,9706243883055,10010368374772
1789043071984485229,9706302026945,10010426751891
1789043072998389291,9706360016449,10010484312539
1789043074012617773,9706416316969,10010540930797
1789043075026415893,9706472198514,10010596885450
1789043076040111840,9706528566217,10010652825691
1789043077053964005,9706581986261,10010706198284
1789043078067743003,9706637476701,10010761664832
1789043079081594171,9706695458915,10010820082091
1789043080095209668,9706751961465,10010876422619
1789043081108956188,9706808589263,10010932802293
1789043082122725118,9706864556792,10010989100208
1789043083136464331,9706921259929,10011045434747
1789043084150161368,9706968361040,10011092805221
1789043085163836415,9707025100075,10011149515914
1789043086178142986,9707085234879,10011209472831
1789043087191873237,9707143242372,10011267402476
1789043088205491220,9707200288848,10011324572688
1789043089219428266,9707257545573,10011381745637
1789043090233357110,9707312194122,10011436457777
1789043091247047878,9707364818501,10011488997216
1789043092261023284,9707418246686,10011542474723
1789043093274914784,9707471650829,10011596088168
1789043094288679159,9707523796395,10011647981864
1789043095302523178,9707568092407,10011692280603
1789043096316279650,9707618625142,10011743109013
1789043097330143138,9707668286804,10011792403261
1789043098344456481,9707718336820,10011842467907
1789043099358371360,9707761370122,10011885511021
1789043100371922448,9707810575732,10011934877845
1789043101386440052,9707859219527,10011983549797
1789043102400365289,9707902508978,10012026602035
1789043103414057352,9707951411650,10012075826386
1789043104427784958,9707997907782,10012185605137
1789043105441847591,9708290787683,10012429595035
1789043106459570778,9708519756123,10012657914840
1789043107473427067,9708772341963,10012990239820
1789043108487612061,9709119446973,10013212066927
1789043109501365821,9709407180384,10013440044358
1789043110515205328,9709546595171,10013782620209
1789043111529080526,9709735652254,10014144680707
1789043112544031109,9710130254558,10014275877855
1789043113559098809,9710301693390,10014660964076
1789043114572698473,9710599457608,10014979978852
1789043115586084639,9710916818728,10015218262806
1789043116599841331,9711135273186,10015465921480
1789043117613541811,9711423086692,10015696953473
1789043118627353581,9711582342703,10016050119225
1789043119646964016,9711792787604,10016369166565
1789043120662938306,9712108522126,10016607495224
1789043121677033041,9712345159533,10016845798479
1789043122690863445,9712614746094,10017102815166
1789043123704768500,9712853057351,10017391163652
1789043124718684691,9713101369963,10017689627008
1789043125733182441,9713352046679,10017957327738
1789043126748474179,9713677127269,10018192915593
1789043127762747586,9713945210185,10018449708315
1789043128777138414,9714183562848,10018751513461
1789043129791446080,9714407787335,10019078903965
1789043130806065985,9714690059108,10019380398073
1789043131822553813,9715024906024,10019644724470
1789043132836417650,9715315206962,10019932544044
1789043133850191178,9715553501304,10020170826074
1789043134864114235,9715702912195,10020512690514
1789043135878068023,9716051829605,10020687097422
1789043136892145885,9716238994838,10021015737062
1789043137905931776,9716576237709,10021246314444
1789043138919871623,9716888320257,10021481270893
1789043139933906224,9717062775468,10021888173422
1789043140947842098,9717330907006,10022220097140
1789043141962132007,9717543982958,10022463285582
1789043142976173068,9717857113869,10022731507250
1789043143989829057,9718108933281,10022989451436
1789043145003742515,9718323859629,10023277237560
1789043146017801897,9718530087829,10023604560715
1789043147031752104,9718929071352,10023704507324
1789043148045572522,9719127230141,10024021781292
1789043149059687734,9719314711721,10024339175175
1789043150073720399,9719574865024,10024594459711
1789043151087529653,9719906817486,10024776357555
1789043152101328873,9720011500774,10025073390248
1789043153115217995,9720062400876,10025124428991
1789043154129015066,9720108377860,10025174614956
1789043155142980788,9720149608574,10025211774264
1789043156157155890,9720200434507,10025262572976
1789043157171028985,9720244529280,10025306426532
1789043158184665938,9720292943659,10025355283783
1789043159198556803,9720342939272,10025405013520
1789043160212275206,9720384699991,10025446675653
1789043161225964708,9720433475784,10025495459382
1789043162239576557,9720482307644,10025544281859
1789043163253324544,9720524414941,10025586400422
1789043164267039090,9720572487506,10025634351410
1789043165280698592,9720620841904,10025682744254
1789043166294490397,9720661765334,10025723696271
1789043167308184562,9720709760551,10025771666566
1789043168321775897,9720758141302,10025819932570
1789043169335498063,9720798237542,10025860015802
1789043170349114764,9720846175015,10025907952396
1789043171362846336,9720886254700,10025948226246
1789043172376299134,9720933006414,10025995765404
1789043173389904493,9720981392789,10026044129619
1789043174403675603,9721021908947,10026084643296
1789043175417482671,9721068588849,10026131403749
1789043176431196965,9721107528752,10026170586073
1789043177445448772,9721153748885,10026216696522
1789043178459341848,9721194285016,10026257119699
1789043179473158405,9721241231758,10026304059934
1789043180486734791,9721288899208,10026351581568
1789043181500166585,9721331913705,10026394597296
1789043182513719675,9721379534102,10026442124094
1789043183527396149,9721420079256,10026484384726
1789043184541070211,9721466764151,10026529322888
1789043185554959695,9721513862091,10026576461371
1789043186568856636,9721553947615,10026616998547
1789043187582523076,9721599847189,10026662426073
1789043188596224225,9721639122270,10026701663144
1789043189609949332,9721684964599,10026747536119
1789043190623774249,9721723791546,10026786324894
1789043191637452324,9721769221338,10026831746079
1789043192651302828,9721807696391,10026870151040
1789043193665109832,9721854825883,10026917670523
1789043194679948784,9721895336906,10026957748775
1789043195693858984,9721940339499,10027002761464
1789043196707847543,9721978744412,10027041168120
1789043197721923431,9722024646455,10027087149179
1789043198735916312,9722071772171,10027134152639
1789043199749971101,9722111308665,10027173844938
1789043200763774504,9722157714584,10027220216017
1789043201777841341,9722195287802,10027257741949
1789043202791609673,9722240347325,10027302777645
1789043203805495733,9722277545755,10027340130934
1789043204819325080,9722323399041,10027386145408
1789043205833027947,9722361821971,10027424860212
1789043206846743069,9722407855800,10027470724925
1789043207860448067,9722445722904,10027508330631
1789043208874196840,9722491174380,10027553816221
1789043209887631969,9722527916668,10027590684602
1789043210901484405,9722565913081,10027628598652
1789043211915131298,9722610495842,10027673277837
1789043212929383439,9722649099687,10027712073864
1789043213943092488,9722694853825,10027757558023
1789043214957454651,9722732854266,10027795811612
1789043215971482447,9722777862658,10027840588755
1789043216985291505,9723080113953,10027930660197
1789043217998906496,9723233012451,10028366750742
1789043219012808566,9723406760264,10028694053184
1789043220026494170,9723790782592,10028865538285
1789043221040229912,9724009399293,10029151022665
1789043222054145248,9724208547367,10029517807858
1789043223067931827,9724473709665,10029756011498
1789043224081805711,9724756031254,10030063642147
1789043225095643933,9725041893765,10030276697493
1789043226109547319,9725250483801,10030577769790
1789043227123807562,9725420301864,10030797936247
1789043228138475252,9725707157262,10031093374734
1789043229152690123,9725975257096,10031415941926
1789043230166435809,9726243177568,10031659542172
1789043231180904216,9726570482224,10031896223137
1789043232195113642,9726797535691,10032147725747
1789043233208963983,9727017230617,10032383296072
1789043234222866111,9727216548674,10032614076487
1789043235236757038,9727406327265,10032782925402
1789043236250742040,9727662376585,10032933993492
1789043237264511656,9727884749780,10033279332899
1789043238278266452,9728119483798,10033553754034
1789043239292007092,9728287116762,10033824874167
1789043240306123998,9728574518804,10034132501953
1789043241320487064,9728818857908,10034410373145
1789043242334617736,9729062795387,10034638618224
1789043243349218341,9729299430926,10034827400176
1789043244363367162,9729578987923,10035131323623
1789043245377655035,9729772786783,10035472141034
1789043246391620169,9730027453355,10035759929715
1789043247406109573,9730347268832,10035879524331
1789043248419984924,9730629853756,10036088219188
1789043249433775828,9730820046228,10036383997396
1789043250448358758,9730989206100,10036803371049
1789043251462310688,9731273336067,10037040342056
1789043252476007527,9731614038776,10037254566506
1789043253489806439,9731862372940,10037546712283
1789043254503623747,9732160124701,10037834524408
1789043255518083551,9732349018036,10038187783352
1789043256531714526,9732537873045,10038508736787
1789043257546257466,9732924424244,10038621564708
1789043258561372362,9733125638046,10038886444092
1789043259575474098,9733371494541,10039164402127
1789043260589048882,9733628838255,10039402712525
1789043261602729026,9733867064178,10039749818260
1789043262616502786,9734234574722,10039929824203
1789043263630887414,9734463317917,10040252106874
1789043264646544388,9734599443837,10040540492041
1789043265660486226,9734638303296,10040579352003
1789043266674341276,9734683325190,10040624461101
1789043267687997583,9734721791242,10040662832641
1789043268701605381,9734768108336,10040709127573
1789043269715398403,9734806580759,10040747634734
1789043270729455951,9734851647618,10040793024052
1789043271743311798,9734889637031,10040831043903
1789043272757225958,9734934708058,10040875663794
1789043273771115373,9734972492798,10040912952206
1789043274784975042,9735017775008,10040957908218
1789043275798937438,9735056058594,10040996245182
1789043276812675592,9735101732907,10041042093678
1789043277826294035,9735140088161,10041080122288
1789043278839859193,9735185145274,10041125119325
1789043279853491670,9735223677611,10041163984480
1789043280867191172,9735270722943,10041210703243
1789043281881153078,9735309569716,10041249560042
1789043282894830438,9735354630076,10041294592664
1789043283908438306,9735392677559,10041332618484
1789043284922186586,9735437736004,10041377759512
1789043285935976316,9735475748891,10041415778532
1789043286950031091,9735519933947,10041459983550
1789043287964059539,9735556305319,10041496330533
1789043288977958690,9735601501603,10041541787635
1789043289991724400,9735638989836,10041578976567
1789043291005880739,9735684851233,10041624857035
1789043292019689448,9735722458781,10041662468531
1789043293033421858,9735767126700,10041708689720
1789043294046861576,9735806408021,10041746376346
1789043295060511872,9735848000356,10041792258031
1789043296074836901,9735889907252,10041830289950
1789043297088860758,9735927919232,10041867898617
1789043298102530482,9735972561983,10041912939244
1789043299116195225,9736011028740,10041950972414
1789043300129939427,9736057756914,10041997685200
1789043301143890191,9736104446095,10042044378853
1789043302157874391,9736142854535,10042082835720
1789043303171565739,9736188315578,10042128669313
1789043304185204727,9736227503940,10042167521004
1789043305198887803,9736273084024,10042212982670
1789043306212516182,9736310258363,10042250588892
1789043307226324112,9736348156179,10042292353459
1789043308240197358,9736393323103,10042333222344
1789043309253658475,9736431787487,10042371658180
1789043310267703042,9736477236762,10042417107348
1789043311281551812,9736514853149,10042454714531
1789043312294918810,9736559462191,10042499372156
1789043313308601221,9736597908144,10042537761237
1789043314322247867,9736643376638,10042583219254
1789043315336045014,9736681418956,10042621237822
1789043316349471389,9736726032068,10042665864353
1789043317363368863,9736763623699,10042703474013
1789043318377126499,9736808258447,10042748100011
1789043319391340774,9736845670740,10042785693587
1789043320405508332,9736888725184,10042828527895
1789043321419321820,9736927548994,10042867362898
1789043322433064194,9736962997580,10042902820458
1789043323447406336,9736998466798,10042938277157
1789043324461210487,9737035492044,10042975391034
1789043325475741977,9737093154722,10043033112957
1789043326489522707,9737143197696,10043085214668
1789043327503205144,9737193226358,10043135238905
1789043328517518367,9737243284761,10043183178247
1789043329531289749,9737318362732,10043258196440
1789043330545217765,9737368427555,10043308202309
1789043331559365013,9737420964617,10043358239535
1789043332573406581,9737473089645,10043414505438
1789043333586995493,9737544042571,10043483288489
1789043334600832385,9737594108308,10043533314151
1789043335614637772,9737650392699,10043583348382
1789043336628487560,9737719159408,10043658375891
1789043337642479748,9737769188925,10043708400728
1789043338656299046,9737844258960,10043783427774
1789043339669912866,9737894324421,10043835541761
1789043340683706731,9737948545501,10043883498491
1789043341697497105,9738019422969,10043958526233
1789043342711217395,9738069454257,10044008546430
1789043343724935549,9738123686374,10044064823581
1789043344738673280,9738194592042,10044133610102
1789043345752457445,9738244654514,10044183640665
1789043346766132525,9738307204309,10044246244406
1789043347779995720,9738355863006,10044296839407
1789043348794399022,9738423995885,10044363004061
1789043349808275389,9738470732158,10044409704732
1789043350822062789,9738540824551,10044479763158
1789043351836381529,9738591417512,10044526481466
1789043352850179428,9738657600521,10044596526599
1789043353864512163,9738706284569,10044647130980
1789043354878097722,9738774798230,10044713303796
1789043355891907817,9738821533569,10044760004003
1789043356905916338,9738891585386,10044830051297
1789043357919948630,9738938292442,10044876751996
1789043358933812059,9739008379617,10044946798084
1789043359947843938,9739059008877,10044999330839
1789043360961977491,9739125209340,10045063546930
1789043361976158262,9739171915000,10045110244684
1789043362990007935,9739242240985,10045180294371
1789043364004193735,9739288982634,10045228941900
1789043365017807439,9739337783743,10045277592992
1789043366031697040,9739412341624,10045350218071
1789043367045774462,9739448125266,10045385991261
1789043368059622440,9739495866869,10045433688824
1789043369073497484,9739531753362,10045470458048
1789043370087256146,9739582495666,10045517167141
1789043371100854431,9739627289276,10045564859926
1789043372115045169,9739663066627,10045601622612
1789043373128978984,9739710770767,10045648325961
1789043374142875790,9739758629279,10045696022504
1789043375156743464,9739806390939,10045743719267
1789043376170499690,9739851310717,10045791413801
1789043377184291817,9739889878274,10045827185083
1789043378198295154,9739925707910,10045862960026
1789043379212095317,9739963509489,10045901709243
1789043380225896755,9740029254215,10045966451533
1789043381239719750,9740099533333,10046036818188
1789043382253482006,9740163638524,10046100883830
1789043383267302796,9740226585161,10046163795142
1789043384281041859,9740295761386,10046232770942
1789043385294660458,9740491088765,10046388737908
1789043386308393313,9740769251808,10046649006562
1789043387322302676,9741096622318,10046865467458
1789043388335998268,9741226202377,10047281607840
1789043389349920552,9741473277319,10047500031428
1789043390363833936,9741860891949,10047668323263
1789043391377617322,9742168491913,10047914692108
1789043392391308711,9742337687559,10048231903192
1789043393405229890,9742610498017,10048423748059
1789043394418779506,9742952805134,10048687958508
1789043395432581597,9743151795020,10049029090302
1789043396446323679,9743449338724,10049228346043
1789043397459940246,9743677858645,10049519348848
1789043398473965021,9743854219697,10049803337233
1789043399487871486,9744097977500,10050061442446
1789043400501833448,9744331052058,10050319490920
1789043401515449752,9744601788840,10050567729742
1789043402529183354,9744899242865,10050821095701
1789043403543027435,9745199086780,10051103825929
1789043404557386032,9745415661858,10051437099107
1789043405571190537,9745802341914,10051624648312
1789043406584860280,9745973715922,10052046307864
1789043407598658788,9746258923704,10052199298804
1789043408612501921,9746551086571,10052473389542
1789043409626357790,9746797570892,10052761211413
1789043410640061087,9747082874618,10052997002064
1789043411653933191,9747262052175,10053390644401
1789043412667880503,9747608756591,10053444839618
1789043413681638281,9747906473471,10053772543009
1789043414695477962,9748016163582,10054152274822
1789043415709451441,9748302317240,10054438008402
1789043416723392681,9748562030114,10054705954806
1789043417737100601,9748760779894,10054963988681
1789043418750783195,9749117682506,10055138346845
1789043419764712463,9749270225989,10055499968995
1789043420778597179,9749663866584,10055731256539
1789043421792275388,9749862434797,10055948944146
1789043422806121459,9750189731416,10056160096859
1789043423819898719,9750388348167,10056403627771
1789043424833358966,9750596958912,10056691007270
1789043425847204652,9750717661411,10057048000074
1789043426860987286,9750984684496,10057322881698
1789043427874635321,9751359205944,10057505063906
1789043428886878390,9751636169936,10057773074411
1789043429901367312,9751946869607,10058070734259
1789043430915481385,9752185159694,10058300188803
1789043431930312555,9752393731522,10058666010351
1789043432946022016,9752509617792,10058722557467
1789043433959907144,9752573710715,10058786801849
1789043434973673261,9752638110187,10058851351954
1789043435987500103,9752711693167,10058924801636
1789043437001334563,9752778286643,10058991555793
1789043438015134288,9752849854978,10059063035931
1789043439029486259,9752919090313,10059132029359
1789043440043148456,9752992867406,10059206211366
1789043441057227909,9753057614016,10059270873397
1789043442070828866,9753128969539,10059342116245
1789043443084421961,9753193881403,10059407189498
1789043444098179154,9753267019879,10059480103250
1789043445111805591,9753337233329,10059550192198
1789043446125616652,9753409017879,10059621885597
1789043447139339702,9753470750803,10059683647796
1789043448153001763,9753532889907,10059745895643
1789043449166806752,9753601198293,10059814079904
1789043450180381397,9753661314876,10059874349686
1789043451194260742,9753719815387,10059932953221
1789043452207978249,9753778523597,10059991719779
1789043453221744693,9753836484102,10060049397087
1789043454235383096,9753894070132,10060107304932
1789043455249067130,9753947959821,10060161160236
1789043456262720757,9754001803967,10060214587310
1789043457276459205,9754057269429,10060270096087
1789043458290224023,9754112798508,10060325912376
1789043459303936697,9754165551347,10060378450650
1789043460317810235,9754218181178,10060430994918
1789043461331306938,9754270420223,10060483192621
1789043462344735895,9754315945434,10060528645034
1789043463358281467,9754369521429,10060582437780
1789043464372188109,9754423650043,10060636651990
1789043465385915551,9754476066835,10060688802036
1789043466399647999,9754530000270,10060742980042
1789043467413443615,9754582026542,10060794675282
1789043468427320870,9754634143378,10060846799513
1789043469440970784,9754680279838,10060893170054
1789043470454713073,9754734390297,10060947231853
1789043471468302621,9754788662530,10061001434028
1789043472482201173,9754842796095,10061055472151
1789043473495931051,9754896584898,10061109636785
1789043474509839918,9754950793369,10061163458062
1789043475523660819,9755003004254,10061215768925
1789043476537380264,9755055113458,10061267765448
1789043477551293419,9755110125921,10061322739823
1789043478565834632,9755156085056,10061368685591
1789043479579638055,9755206524476,10061419195943
1789043480593726600,9755366843643,10061476528012
1789043481607489680,9755605052185,10061768576244
1789043482621618534,9755820505247,10062095538187
1789043483635591147,9756141054799,10062254678966
1789043484650903346,9756339667287,10062678008079
1789043485665920051,9756617532822,10062892822069
1789043486679721899,9756801559252,10063256226269
1789043487693719595,9757064534482,10063557191518
1789043488707551302,9757337395326,10063772432861
1789043489721125268,9757610370463,10064109700899
1789043490734838385,9757907958840,10064286304137
1789043491748502539,9758146151186,10064519769219
1789043492762271125,9758352958938,10064834175720
1789043493775972125,9758622706540,10065082348201
1789043494789598017,9758890803543,10065389964414
1789043495803441603,9759109425825,10065707344098
1789043496817294463,9759320903694,10066014746672
1789043497830840296,9759714463669,10066181075467
1789043498844410480,9759898967830,10066491281899
1789043499857986705,9760145937860,10066739405244
1789043500872135707,9760401447510,10067017264899
1789043501885890123,9760642918000,10067314917266
1789043502903833796,9760943562732,10067533411249
1789043503917646310,9761257174325,10067801505228
1789043504931613907,9761382547535,10068128602654
1789043505945495267,9761535696492,10068505229676
1789043506960447196,9761934881832,10068644660829
1789043507974291387,9762107102522,10068971744981
1789043508988981263,9762521327064,10069160748611
1789043510002850492,9762771665382,10069413315989
1789043511021623388,9762915537154,10069706451109
1789043512035205077,9763193283743,10069934789042
1789043513052764433,9763535993268,10070142902780
1789043514067445271,9763767948641,10070460936018
1789043515081571497,9764052123617,10070679370759
1789043516097025725,9764349954556,10071014645868
1789043517112119085,9764608074752,10071307647311
1789043518126680661,9764787081343,10071641566617
1789043519140832976,9765084786253,10071876189580
1789043520155149495,9765273807451,10072227135238
1789043521168930374,9765591371223,10072534715431
1789043522182783341,9766007774814,10072708009998
1789043523196785003,9766246230550,10073050145893
1789043524211284818,9766504428635,10073358767279
1789043525226662128,9766762677474,10073664125409
1789043526241249612,9767020775611,10073948609860
1789043527256821553,9767249723079,10074163366360
1789043528270093959,9767293310607,10074206817305
1789043529283971320,9767344369713,10074258096617
1789043530298031931,9767394592785,10074308118839
1789043531311762661,9767445517471,10074358986543
1789043532325968137,9767488627414,10074402415872
1789043533339898029,9767538987016,10074452439041
1789043534353871183,9767588166479,10074501804277
1789043535367559463,9767629500735,10074542964244
1789043536381639701,9767677958955,10074591758088
1789043537395533776,9767726726404,10074640119146
1789043538409432298,9767768685245,10074682304277
1789043539423165780,9767817204233,10074730664115
1789043540437060432,9767866854946,10074780268608
1789043541450886208,9767907515848,10074821186120
1789043542464675026,9767955359112,10074868765149
1789043543478339214,9768004297296,10074917878836
1789043544492080151,9768046711914,10074960061508
1789043545505789413,9768095064364,10075008530400
1789043546519728752,9768140740022,10075056940747
1789043547533854318,9768184017244,10075097300922
1789043548547458968,9768232359483,10075145662498
1789043549561324676,9768273009130,10075186562477
1789043550575248615,9768320486350,10075234035916
1789043551589343987,9768368895583,10075282064493
1789043552602920566,9768409860223,10075322996141
1789043553616616394,9768456953256,10075370101024
1789043554630231396,9768497949618,10075411514715
1789043555644011397,9768545812261,10075459407559
1789043556657889050,9768594003584,10075506999858
1789043557671496803,9768634539302,10075547506328
1789043558685262842,9768681632558,10075594992566
1789043559699099304,9768722968580,10075636049673
1789043560712853543,9768770967234,10075684375068
1789043561727124045,9768819315479,10075732320113
1789043562741026655,9768860697498,10075773670668
1789043563754870933,9768909886920,10075823109367
1789043564768363636,9768958494913,10075871806254
1789043565782086765,9768998719535,10075912164107
1789043566796028162,9769045865434,10075958978020
1789043567809582353,9769084721593,10075997865427
1789043568823194829,9769131803920,10076045466949
1789043569836887217,9769178468602,10076091728527
1789043570850924197,9769218543859,10076131808251
1789043571865413896,9769265687637,10076178900989
1789043572878953478,9769307046701,10076220234849
1789043573892477157,9769354954332,10076268371677
1789043574905896930,9769402494154,10076315885961
1789043575919677857,9769441912393,10076355345454
1789043576933497874,9769487701955,10076401192855
1789043577947178729,9769527335249,10076440866234
1789043578960966972,9769573762448,10076487132490
1789043579975034580,9769613854967,10076527227829
1789043580989067322,9769660306192,10076573555895
1789043582002838950,9769700034704,10076613520735
1789043583016637949,9769746742437,10076659849980
1789043584030325652,9769793380675,10076706532532
1789043585044096745,9769833507941,10076746625842
1789043586057864539,9769881860933,10076794987232
1789043587072056644,9769922849507,10076836000942
1789043588085877735,9769970009032,10076883434147
1789043589099421984,9770017488611,10076930543583
1789043590113156763,9770173609122,10077043784854
1789043591126885137,9770342992711,10077364445195
1789043592140801306,9770640313574,10077594890364
1789043593154436878,9770750157849,10077950562986
1789043594168163752,9771137560803,10078069399674
1789043595181963974,9771424608283,10078399921061
1789043596195665727,9771732290865,10078657768069
1789043597209668105,9771921215901,10078937219854
1789043598223527112,9772228570843,10079083981579
1789043599237376646,9772486594404,10079342451497
1789043600251195641,9772754735499,10079676906314
1789043601265202772,9772871964977,10080014472491
1789043602278918917,9773161023546,10080272613427
1789043603292928263,9773407649739,10080501079103
1789043604306786176,9773717900450,10080663061650
1789043605320690558,9773807844214,10081044218559
1789043606334656538,9774115756812,10081284941837
1789043607349010082,9774452516494,10081514584034
1789043608365319421,9774542224325,10081794079888
1789043609380840725,9774790279405,10082081649378
1789043610396614964,9775087839184,10082315452262
1789043611410474221,9775432638500,10082535383332
1789043612424928018,9775693190086,10082893555208
1789043613440108961,9775891747275,10083090057108
1789043614453899903,9776021397496,10083440975285
1789043615467737505,9776319065081,10083704866661
1789043616481630147,9776507747569,10083944102776
1789043617495519880,9776864757370,10084129999955
1789043618509305973,9777093355632,10084479962129
1789043619522939076,9777460218435,10084670267959
1789043620536447938,9777659122388,10084978727789
1789043621550248350,9777788218402,10085145528501
1789043622563955065,9777986807000,10085314339491
1789043623577918746,9778169884607,10085463311663
1789043624591777224,9778383792834,10085674657768
1789043625605508224,9778661727380,10085939801580
1789043626619168238,9778881309885,10086187931455
1789043627632954591,9778990372491,10086554630040
1789043628646661921,9779396453986,10086688405237
1789043629660463804,9779674310428,10086895323044
1789043630674240727,9779786098106,10087368603367
1789043631687943155,9780081872930,10087585193396
1789043632701297107,9780359748248,10087807778067
1789043633714930502,9780549620105,10088014061103
1789043634728831773,9780806363469,10088203445548
1789043635742561341,9781005212744,10088559739925
1789043636756186180,9781203806557,10088778119152
1789043637769711629,9781394904275,10089026230517
1789043638783764900,9781576207451,10089323859907
1789043639797578651,9781759331500,10089353403140
1789043640811041355,9781798088896,10089392231762
1789043641824762753,9781844276041,10089438498950
1789043642838347291,9781883518668,10089477744770
1789043643852093337,9781928901372,10089523585593
1789043644865756322,9781966706405,10089561154727
1789043645879596712,9782010919092,10089605322730
1789043646893403333,9782049693188,10089644158240
1789043647906929512,9782094762058,10089689599190
1789043648920634991,9782133488425,10089728018736
1789043649934536090,9782178006138,10089773034779
1789043650948233210,9782215526817,10089810204794
1789043651961982908,9782261297220,10089856063586
1789043652975732933,9782300977872,10089895747754
1789043653989444070,9782347193064,10089942013809
1789043655002995258,9782386790906,10089981690156
1789043656016757229,9782431720656,10090026705683
1789043657030485760,9782469642596,10090064709881
1789043658044195691,9782513840866,10090109312175
1789043659057994879,9782551767440,10090146898111
1789043660072100244,9782596688329,10090191908736
1789043661085999556,9782635858744,10090231158872
1789043662100093048,9782680783900,10090276170447
1789043663113956945,9782717513215,10090312912806
1789043664128188758,9782755052830,10090351814065
1789043665142382043,9782800408383,10090395926249
1789043666156147431,9782838751609,10090434346546
1789043667169887684,9782883269856,10090479191579
1789043668183422570,9782921340785,10090517370578
1789043669197279256,9782967901322,10090564057981
1789043670210995063,9783016175422,10090612003856
1789043671224807146,9783056190290,10090652090727
1789043672238574159,9783104055752,10090700032200
1789043673252705490,9783144133732,10090740128723
1789043674266452253,9783190806669,10090787236002
1789043675280736391,9783232090251,10090832808250
1789043676294494309,9783276740028,10090873184460
1789043677308341148,9783323601419,10090920120124
1789043678322128145,9783362494333,10090958921201
1789043679335920165,9783407130081,10091003996698
1789043680349912567,9783445540502,10091042551930
1789043681363547120,9783490543611,10091087554378
1789043682377490289,9783528950900,10091125844440
1789043683391197323,9783574440576,10091171281818
1789043684405171071,9783613305017,10091210120964
1789043685418727408,9783659566686,10091256639297
1789043686432565972,9783700075510,10091296909410
1789043687446619777,9783745914485,10091342795452
1789043688461192238,9783784390469,10091381245483
1789043689475239237,9783828168327,10091425163633
1789043690489059656,9783866164787,10091462992361
1789043691502803760,9783910656299,10091507551785
1789043692516625141,9783947516038,10091544707039
1789043693530477877,9783983867892,10091580683029
1789043694544432323,9784027222525,10091624052507
1789043695558394145,9784063058442,10091659786763
1789043696571870891,9784106966081,10091703713790
1789043697585179809,9784140432121,10091737132284
1789043698598941237,9784176263945,10091772931255
1789043699613112181,9784209910392,10091806356643
1789043700627202535,9784258465689,10091855402815
1789043701641375468,9784334485779,10091931422011
1789043702654829449,9784385332134,10091982112231
1789043703668655372,9784436043291,10092032804149
1789043704682447110,9784488882194,10092083901117
1789043705696361017,9784562823381,10092160363455
1789043706710324155,9784613520047,10092211053517
1789043707724054772,9784664261756,10092263842492
1789043708737798545,9784740319120,10092337790827
1789043709751839991,9784791044766,10092388480692
1789043710765616923,9784867077839,10092464726791
1789043711779624480,9784917777342,10092515672501
1789043712793512754,9784968505672,10092566353249
1789043713807234710,9785031898493,10092634127229
1789043714821077910,9785095333167,10092693257918
1789043715834878984,9785148148922,10092748245636
1789043716848668093,9785222071232,10092820311212
1789043717862469097,9785272791470,10092871159920
1789043718876309290,9785348860140,10092947200727
1789043719890089958,9785399584023,10092997880671
1789043720903926638,9785450270207,10093048564200
1789043721917560977,9785537263731,10093135804312
1789043722930799232,9785584615212,10093183541167
1789043723944487516,9785631975085,10093234561254
1789043724957663216,9785702983581,10093301831198
1789043725971444029,9785750307696,10093349146561
1789043726985237742,9785821293563,10093420206703
1789043727999069195,9785868650713,10093467520961
1789043729012801738,9785917725865,10093521301603
1789043730026593984,9785986379227,10093585869047
1789043731040326814,9786034684267,10093633184667
1789043732054102412,9786084003499,10093685195983
1789043733067794055,9786153190484,10093752222704
1789043734081801176,9786204483843,10093805448325
1789043735095476367,9786271543647,10093870510668
1789043736109276649,9786339320511,10093941477661
1789043737123093658,9786390108905,10093989121761
1789043738136710255,9786461116303,10094060146841
1789043739150720748,9786508463967,10094107464048
1789043740164559051,9786555829098,10094156853065
1789043741178485953,9786633253696,10094232325790
1789043742192865371,9786671495179,10094271552434
1789043743210690657,9786717818018,10094316865605
1789043744224507845,9786766153988,10094365164578
1789043745238507476,9786805341034,10094401400136
1789043746252490674,9786850730769,10094449703789
1789043747266240075,9786899038563,10094498024845
1789043748280176476,9786947375248,10094546380881
1789043749293917041,9786985642332,10094582615398
1789043750307553863,9787032972282,10094630929950
1789043751321434292,9787080274649,10094679227835
1789043752335268498,9787128576401,10094727531486
1789043753348842936,9787176915353,10094775832525
1789043754362557386,9787225156216,10094824119179
1789043755375805520,9787300708812,10094899977793
1789043756389961629,9787369541769,10094968826783
1789043757402871988,9787443656980,10095042704339
1789043758415888618,9787564110604,10095202345406
1789043759428984315,9787833514563,10095509969381
1789043760442511857,9788139577606,10095774955610
1789043761456288871,9788476747694,10095954141717
1789043762470165836,9788517507507,10096436717875
1789043763484394454,9788942052732,10096542565746
1789043764498260262,9789162220943,10096803883313
1789043765512182098,9789341294230,10097141325987
1789043766525986017,9789695337073,10097346479411
1789043767539683918,9789951446583,10097634264800
1789043768553518331,9790234415582,10097905565162
1789043769567256552,9790423129621,10098135046946
1789043770581184619,9790690409122,10098378730839
1789043771595034364,9790979038984,10098726510400
1789043772609011077,9791191280052,10099072993118
1789043773622841487,9791514946179,10099242224618
1789043774636669899,9791733610186,10099585950950
1789043775650150218,9792021249276,10099751174435
1789043776663967621,9792299128297,10100006424425
1789043777678065579,9792474081739,10100323726831
1789043778692519896,9792647355467,10100680713203
1789043779708065886,9792935128338,10100936132504
1789043780723556749,9793173564214,10101278232434
1789043781739048953,9793461376397,10101556822253
1789043782753282584,9793719653444,10101887498828
1789043783768404716,9794028558739,10102050392302
1789043784782243453,9794265375605,10102328273019
1789043785797106499,9794455241699,10102675303081
1789043786813978315,9794839801773,10102775222785
1789043787831193700,9795000648985,10103132203798
1789043788846690062,9795307593302,10103351290345
1789043789861866376,9795575740380,10103639821378
1789043790877517352,9795813917660,10103867078836
1789043791891290802,9795968194406,10104263493158
1789043792905583492,9796300588126,10104461913066
1789043793919889017,9796488267662,10104749949780
1789043794933850888,9796701587586,10105077281742
1789043795951997449,9797044953563,10105216828237
1789043796965748313,9797332932707,10105391869711
1789043797980035827,9797502123845,10105732969593
1789043798994407324,9797601978570,10106092970705
1789043800008885921,9798018275705,10106234725900
1789043801023118669,9798276401791,10106542815862
1789043802037181815,9798386290215,10107013387917
1789043803053123057,9798723337253,10107175930085
1789043804069659204,9799050561068,10107337488195
1789043805083533070,9799318690779,10107652639868
1789043806097842185,9799566919974,10107901664472
1789043807112409307,9799643119986,10108051989058
1789043808126477486,9799704845504,10108113749026
1789043809140041340,9799776122406,10108184581314
1789043810153824180,9799835374680,10108243808504
1789043811167557564,9799891774367,10108300541841
1789043812181569988,9799945919570,10108354383933
1789043813195331190,9800000964321,10108409436818
1789043814209824008,9800057293867,10108465847537
1789043815223701578,9800113615246,10108522345425
1789043816237638037,9800170795785,10108579206929
1789043817251402688,9800227102974,10108635539366
1789043818265320011,9800284059097,10108692691484
1789043819279059673,9800338476354,10108747103148
1789043820292834709,9800393483970,10108801960133
1789043821307020968,9800449867911,10108858255930
1789043822321724357,9800508252778,10108916657822
1789043823337090946,9800565326685,10108973820995
1789043824350651339,9800620701404,10109029285242
1789043825364202765,9800674432062,10109083083608
1789043826377941441,9800727100556,10109136050506
1789043827391776515,9800771098936,10109180327086
1789043828405625713,9800822293206,10109231203336
1789043829419965978,9800872705410,10109281702431
1789043830433779719,9800923941675,10109333068067
1789043831447340215,9800968355797,10109381949226
1789043832461805001,9801020243625,10109429440341
1789043833475422000,9801076033529,10109485265948
1789043834489084328,9801130163317,10109539477389
1789043835502707663,9801182690211,10109592107574
1789043836516331355,9801234418713,10109643739688
1789043837530100579,9801286533693,10109695863921
1789043838543625358,9801340338338,10109750079153
1789043839557324031,9801384971934,10109794771049
1789043840571051727,9801438668539,10109848146468
1789043841585048125,9801492911667,10109902368209
1789043842598674149,9801547954418,10109957448951
1789043843612157060,9801603074588,10110012845730
1789043844626441708,9801660995449,10110070490997
1789043845640829897,9801716696139,10110126342831
1789043846654562888,9801767830088,10110177626736
1789043847668495709,9801821167441,10110230587994
1789043848682260115,9801876661588,10110286475132
1789043849696041614,9801930026893,10110339438343
1789043850709666213,9801973071667,10110382743398
1789043851723960013,9802024374688,10110433725478
1789043852739001056,9802076069520,10110485499544
1789043853752753734,9802129468449,10110539215488
1789043854766495961,9802182477683,10110592173895
1789043855780261544,9802235386786,10110645134082
1789043856794348746,9802280098177,10110689436034
1789043857808199434,9802330958003,10110740275083
1789043858821608979,9802381395522,10110790722542
1789043859835434669,9802658480606,10110922025533
1789043860849540007,9802758317170,10111306617150
1789043861864466774,9803082674888,10111484660374
1789043862878475309,9803343711758,10111762595239
1789043863892186595,9803680836103,10111931705380
1789043864905810738,9803874660968,10112258821969
1789043865921471390,9804053420058,10112615838333
1789043866936205709,9804455628625,10112803783953
1789043867950013506,9804694032926,10113164381972
1789043868963780592,9804912546989,10113490508889
1789043869977716516,9805140995031,10113817627824
1789043870991329188,9805527300007,10113915785174
1789043872005225202,9805627232539,10114310275980
1789043873018867828,9805964321434,10114490783763
1789043874032814463,9806271829035,10114752886161
1789043875046549729,9806583601282,10114987154510
1789043876060405409,9806768479002,10115403406666
1789043877074646387,9807112822238,10115532733773
1789043878088512476,9807194322829,10115948676737
1789043879102366763,9807601831803,10116097928107
1789043880116144192,9807780824428,10116434830299
1789043881129910625,9808121129420,10116623582972
1789043882143651295,9808257351926,10116999981381
1789043883157602159,9808525173449,10117247881515
1789043884171156231,9808803023631,10117537002157
1789043885184902047,9809068995856,10117773564686
1789043886198591589,9809378515591,10118044849845
1789043887212572456,9809644534578,10118249761035
1789043888226489005,9809904498990,10118487839195
1789043889240282480,9810033925728,10118825126761
1789043890254081824,9810400908977,10119063962529
1789043891267915868,9810660844775,10119331031516
1789043892281880776,9811006090698,10119539625030
1789043893295581095,9811061394395,10119995441788
1789043894309345624,9811413635876,10120203971965
1789043895323040618,9811584291274,10120511145362
1789043896336871660,9811926773930,10120739647373
1789043897350845776,9812227481577,10121007265106
1789043898364808507,9812544853113,10121229692033
1789043899381519842,9812651704649,10121582389272
1789043900396101998,9812971553509,10121860236297
1789043901410042963,9813293858468,10122088704261
1789043902424051396,9813359697603,10122494983889
1789043903437881352,9813812851050,10122624697107
1789043904452612753,9814027101061,10122971682978
1789043905467968373,9814181055057,10123279073893
1789043906483476281,9814363551901,10123311435839
1789043907497501885,9814407411803,10123354984819
1789043908510523222,9814456598842,10123404187566
1789043909523556449,9814505859792,10123453802611
1789043910536555262,9814557560103,10123505095806
1789043911549483286,9814599775679,10123547318985
1789043912562420600,9814651884887,10123599423446
1789043913575726056,9814703604925,10123651135992
1789043914589604414,9814754882635,10123702422623
1789043915602503253,9814797958903,10123745857802
1789043916615478253,9814848851507,10123796311138
1789043917629105715,9814897476919,10123845092031
1789043918642895813,9814937621171,10123885182173
1789043919656783153,9814985137046,10123932705693
1789043920670461408,9815032712365,10123980650519
1789043921684260427,9815074929058,10124022418616
1789043922697935200,9815123705823,10124071408837
1789043923710967582,9815172060655,10124119569023
1789043924724148677,9815212559577,10124160491497
1789043925738083893,9815259296833,10124206761154
1789043926751833956,9815299837807,10124247270704
1789043927765707623,9815349028611,10124296469924
1789043928779594381,9815399051418,10124346563552
1789043929793568192,9815440171677,10124387922270
1789043930807411683,9815488403516,10124435900909
1789043931821107182,9815535332233,10124483049950
1789043932834724227,9815578154154,10124525652262
1789043933848282935,9815626513342,10124574009406
1789043934862060411,9815674871613,10124622366045
1789043935875523186,9815715028213,10124662647811
1789043936889243691,9815762364311,10124709974940
1789043937903428573,9815804330458,10124751867619
1789043938917179198,9815852254657,10124799651439
1789043939930698325,9815899764307,10124847160364
1789043940944451516,9815939558048,10124887234998
1789043941958194135,9815986320778,10124934002379
1789043942971792628,9816025500091,10124972827671
1789043943985584346,9816070914959,10125018453193
1789043944999337208,9816110163502,10125057485871
1789043946013127289,9816155216550,10125102484723
1789043947026893426,9816194910121,10125142180273
1789043948040699314,9816240320732,10125187593521
1789043949055086508,9816279574300,10125226806511
1789043950071440574,9816324993781,10125272644163
1789043951085664638,9816364300445,10125311462079
1789043952099495423,9816411421944,10125358550843
1789043953113253227,9816458507581,10125406058771
1789043954127000871,9816499421515,10125446617266
1789043955140882997,9816546510679,10125493643654
1789043956154564600,9816585840391,10125533296736
1789043957168633984,9816632096244,10125579138261
1789043958182299561,9816670504254,10125617540262
1789043959196136430,9816715503929,10125662614281
1789043960210258644,9816755169464,10125702517079
1789043961224687125,9816800888669,10125748044888
1789043962239625934,9816839087281,10125786031690
1789043963254238636,9816884090675,10125831098222
1789043964269544737,9816922076441,10125869044376
1789043965283303537,9816966651851,10125913623452
1789043966297196425,9817003864601,10125951011576
1789043967311558425,9817048469262,10125995342541
1789043968325898997,9817086874805,10126033739778
1789043969339798174,9817127606376,10126173580316
1789043970353682135,9817375756185,10126432224588
1789043971367964355,9817663723067,10126733547932
1789043972382277914,9817943852601,10126987082595
1789043973396492452,9818239401000,10127300826156
1789043974410621635,9818507414460,10127592956568
1789043975424360040,9818775464036,10127919175326
1789043976438240333,9819033609673,10128203021178
1789043977453614255,9819331194435,10128364100063
1789043978467968403,9819484981863,10128604255429
1789043979484433574,9819700182679,10128872254981
1789043980498333092,9819991853227,10129140240115
1789043981512122292,9820175799265,10129497750742
1789043982525669410,9820424021404,10129749778996
1789043983539335308,9820772840012,10129983700733
1789043984553561759,9821118220798,10130192393977
1789043985567481097,9821307738872,10130549368530
1789043986581513659,9821545744213,10130866757259
1789043987595322778,9821853002432,10130995988595
1789043988609117808,9822061592605,10131303383021
1789043989622813681,9822334098051,10131571036970
1789043990636721041,9822617526833,10131858645355
1789043991650778211,9822865362297,10132116430155
1789043992664639548,9823134199366,10132394100308
1789043993678482305,9823391270941,10132624792089
1789043994692150271,9823616268009,10132860270576
1789043995705835443,9823818331190,10133195052901
1789043996719602201,9824029547167,10133475022216
1789043997731768899,9824303297674,10133713051973
1789043998743563173,9824651777605,10133993380458
1789043999757431973,9824959076031,10134169532521
1789044000771349928,9825088645151,10134485741494
1789044001785223246,9825336942338,10134797937189
1789044002798981653,9825585194531,10135032982811
1789044003812779208,9825960582298,10135241024427
1789044004826517920,9826237573409,10135538585822
1789044005840280656,9826448402555,10135867100274
1789044006854256580,9826617619052,10136202978568
1789044007868056783,9826872062379,10136411583833
1789044008881824803,9827131296114,10136689494278
1789044009895523783,9827392188245,10136937657778
1789044010909416389,9827696629006,10137166018588
1789044011923267104,9827898133988,10137481323393
1789044012937056513,9828235333810,10137715212404
1789044013950593047,9828434110314,10138047767538
1789044014964366826,9828682212306,10138262032189
1789044015978194423,9828906753740,10138441868997
1789044016991989478,9828946056495,10138481177219
1789044018005887166,9828991509550,10138526535149
1789044019019883495,9829030796080,10138566154579
1789044020033920293,9829076603858,10138611669543
1789044021048322488,9829115436399,10138650497992
1789044022062400639,9829160076473,10138695076799
1789044023076306431,9829198173451,10138733482959
1789044024089948837,9829242693117,10138777656038
1789044025103632356,9829281109837,10138816349085
1789044026117465047,9829325273011,10138860393953
1789044027130963099,9829362905406,10138898382838
1789044028145366070,9829407515182,10138942623417
1789044029159202492,9829445089434,10138980124755
1789044030173079732,9829489669503,10139024706233
1789044031186906783,9829527237912,10139062688712
1789044032200857028,9829572302669,10139107307019
1789044033214590214,9829609488344,10139144459406
1789044034228497803,9829645420689,10139180698584
1789044035242264043,9829689728226,10139224939863
1789044036255927509,9829727118037,10139262078780
1789044037269636281,9829770086292,10139305754131
1789044038283307348,9829807273927,10139342661654
1789044039296941852,9829843172974,10139378572385
1789044040310878699,9829886492076,10139421775729
1789044041324806817,9829922003281,10139457660065
1789044042338694984,9829964657927,10139500150834
1789044043352943856,9830001318746,10139536462447
1789044044367241931,9830036798487,10139572041461
1789044045381243041,9830079311072,10139614835685
1789044046395335224,9830116006954,10139651218740
1789044047409032835,9830158253744,10139694060165
1789044048422779835,9830194273013,10139729536096
1789044049436303279,9830230378573,10139765425469
1789044050450137476,9830274118142,10139809170035
1789044051463789774,9830310012389,10139845097204
1789044052478199488,9830352557150,10139889650013
1789044053492517131,9830391425006,10139926386999
1789044054506306518,9830427325853,10139962706310
1789044055520088135,9830470644322,10140005636000
1789044056533647660,9830506994383,10140042362279
1789044057547455073,9830550471175,10140085692896
1789044058561287855,9830587548944,10140122419963
1789044059574994044,9830624281535,10140159146872
1789044060589179027,9830669277003,10140204145796
1789044061602891842,9830706428970,10140241294586
1789044062616605918,9830749823809,10140284627143
1789044063630342884,9830786665409,10140321779146
1789044064643938076,9830830803649,10140365597684
1789044065657543179,9830868763621,10140403535776
1789044066671167225,9830913555803,10140448586138
1789044067685084071,9830950983601,10140485914862
1789044068699333722,9830988169607,10140522944275
1789044069712985584,9831032402991,10140567532855
1789044070726461898,9831069902467,10140604680500
1789044071740195030,9831114067155,10140648848531
1789044072754080044,9831151280645,10140686004941
1789044073767869523,9831195892299,10140730585863
1789044074781705942,9831233054771,10140767742139
1789044075795286316,9831277609708,10140812714853
1789044076809718149,9831314467678,10140849521357
1789044077823540440,9831354732907,10140889264639
1789044078837498698,9831387889274,10140922340711
1789044079851246945,9831423364987,10140957802432
1789044080865026755,9831457412863,10140991815626
1789044081878031920,9831513143032,10141049734647
1789044082891420572,9831586144291,10141120590408
1789044083905397564,9831636207434,10141170703899
1789044084918628647,9831686240358,10141222794411
1789044085932956840,9831760641589,10141295853980
1789044086947544397,9831811365726,10141345879408
1789044087961379424,9831861446021,10141398066231
1789044088975374033,9831936501823,10141471007077
1789044089989151741,9831986529231,10141521030690
1789044091002811464,9832038629335,10141571073366
1789044092016618569,9832111582340,10141646198189
1789044093030452799,9832161682174,10141698479160
1789044094044219727,9832211732878,10141746424145
1789044095058103392,9832286788389,10141821456394
1789044096071772487,9832340990243,10141877719404
1789044097085717453,9832411904028,10141946548641
1789044098099690535,9832461995152,10141998645301
1789044099113612616,9832537066743,10142071855513
1789044100127402660,9832589166692,10142121871806
1789044101141141505,9832645733024,10142184394694
1789044102154929107,9832724665889,10142259514742
1789044103168785707,9832771445916,10142306222529
1789044104182540844,9832822916418,10142353340516
1789044105196093555,9832888250084,10142423380049
1789044106209941550,9832934957357,10142472038514
1789044107223623552,9833005013470,10142540193859
1789044108237434433,9833051776564,10142588840645
1789044109251233254,9833121849282,10142656947832
1789044110264927082,9833170546867,10142704009435
1789044111278662209,9833221091584,10142750707843
1789044112292483180,9833285361167,10142821421825
1789044113306248154,9833332132376,10142870063041
1789044114320095279,9833402238799,10142938331296
1789044115333837371,9833472303367,10143008568544
1789044116347579341,9833519006280,10143055267511
1789044117361495517,9833589232618,10143125617656
1789044118375591114,9833637969842,10143176208484
1789044119389581305,9833706246249,10143242397508
1789044120403381035,9833776296962,10143312443355
1789044121417298186,9833829457421,10143365859539
1789044122430848823,9833865234713,10143401638713
1789044123444393964,9833912994627,10143449331564
1789044124458106301,9833948797235,10143486094930
1789044125472124075,9833996494793,10143532963653
1789044126485935220,9834044189524,10143581646264
1789044127499757565,9834091890135,10143628345521
1789044128513552444,9834139708952,10143676044271
1789044129527574651,9834185669637,10143723739451
1789044130541501231,9834235296798,10143771427338
1789044131555293012,9834273056794,10143810070901
1789044132569277788,9834318934169,10143854963116
1789044133583061430,9834366699695,10143902741979
1789044134596760265,9834422230069,10143958584851
1789044135610520070,9834497557099,10144033780651
1789044136624323323,9834572985264,10144109391942
1789044137638278445,9834627950821,10144292041834
1789044138652136910,9834895891453,10144549190665
1789044139666139966,9835263207886,10144669873598
1789044140680019316,9835511447394,10144947843993
1789044141693989873,9835650554441,10145334412781
1789044142707721455,9835997824103,10145622908767
1789044143721642868,9836255999652,10145898314074
1789044144735466624,9836465970913,10146256986829
1789044145749306776,9836762351955,10146535961789
1789044146762969293,9837000619124,10146848095790
1789044147776809628,9837367306877,10147024946123
1789044148790702102,9837635295766,10147288536656
1789044149804473291,9837972441823,10147528292167
1789044150818731508,9838201017782,10147814350164
1789044151832878732,9838469045431,10148110707187
1789044152847156465,9838736977864,10148400627563
1789044153861077660,9838846122798,10148775894598
1789044154874962006,9839213437675,10148889212680
1789044155888695546,9839402082702,10149074214726
1789044156902554001,9839521823481,10149477464122
1789044157916126876,9839849071191,10149689077149
1789044158930037772,9840192926771,10149818687526
1789044159944065351,9840335489602,10150145821496
1789044160957838763,9840520079300,10150463227358
1789044161971560590,9840742910789,10150762467173
1789044162985437035,9841198583498,10150850542356
1789044163999326449,9841338016532,10151259347489
1789044165013196206,9841665305502,10151484360225
1789044166026989313,9842051863495,10151664461493
1789044167041073007,9842181341880,10151971468903
1789044168055202115,9842345883213,10152377917221
1789044169069360643,9842723902535,10152487732713
1789044170083692621,9842914755006,10152716053685
1789044171097442690,9843272156181,10152885096019
1789044172111551144,9843466513886,10153083428355
1789044173125368999,9843633250324,10153459960892
1789044174139055183,9843988752035,10153668459507
1789044175152947203,9844146761510,10153955474126
1789044176166477990,9844414889889,10154252566887
1789044177180153083,9844756210291,10154462643836
1789044178193863936,9845018442348,10154710627562
1789044179207759439,9845238715080,10155076001973
1789044180221875355,9845539820545,10155325566076
1789044181236047602,9845913012065,10155474914111
1789044182251112017,9846111869771,10155859810112
1789044183266345610,9846320735323,10156210080153
1789044184280523939,9846657913577,10156397531039
1789044185297366763,9846876418389,10156711929131
1789044186311107457,9847116155704,10156895429575
1789044187325348970,9847179136136,10156958147483
1789044188338965374,9847239654134,10157018880859
1789044189352806047,9847302189381,10157081163039
1789044190366556901,9847375153788,10157154406697
1789044191380233919,9847445505948,10157227838193
1789044192393958505,9847514382607,10157293279784
1789044193407627985,9847572019376,10157350856064
1789044194421476237,9847630669095,10157409565765
1789044195435118095,9847687835486,10157467010863
1789044196448669598,9847744332410,10157523302374
1789044197462308198,9847801697239,10157580855294
1789044198476173124,9847859919807,10157638819092
1789044199490479114,9847925759116,10157704629335
1789044200504406465,9847982506450,10157761345218
1789044201518316013,9848040046936,10157818886944
1789044202531937677,9848096339963,10157875182230
1789044203545782582,9848151926632,10157931050080
1789044204559712559,9848208563797,10157987766075
1789044205573345015,9848262382550,10158041210517
1789044206587166681,9848317020161,10158095749453
1789044207601030938,9848364857129,10158147484356
1789044208614662115,9848430990537,10158210005911
1789044209628474430,9848490135211,10158268805487
1789044210642434720,9848547322474,10158326503888
1789044211656109477,9848605660976,10158384888242
1789044212669971903,9848663199729,10158442005354
1789044213683915539,9848721328388,10158500384894
1789044214697638783,9848776261837,10158555222195
1789044215711529531,9848829654721,10158608382500
1789044216725232064,9848884338661,10158663315706
1789044217738880572,9848939852843,10158718873134
1789044218752988296,9848995443276,10158774332502
1789044219766879417,9849048181964,10158826876288
1789044220781080574,9849099105146,10158878170128
1789044221794570643,9849142490549,10158921172387
1789044222808125317,9849192998717,10158971711649
1789044223822075125,9849246568377,10159025360839
1789044224835925343,9849297968660,10159076663448
1789044225850398872,9849351675261,10159130097922
1789044226864164874,9849396840567,10159175538823
1789044227877641580,9849449780818,10159228070659
1789044228891686694,9849506311015,10159284389623
1789044229905193875,9849561381299,10159339437098
1789044230918884983,9849616051765,10159394148875
1789044231932415085,9849670215610,10159448666082
1789044232946030273,9849724934017,10159503277783
1789044233959721903,9849779481059,10159557483201
1789044234973539305,9849832569415,10159610861245
1789044235987488972,9849885444801,10159663429427
1789044237001314584,9850048719585,10159845888783
1789044238015160725,9850370977351,10160114404089
1789044239029047108,9850545167250,10160373040455
1789044240044534142,9850793452136,10160675699041
1789044241059138826,9851071243252,10160885359473
1789044242073502158,9851245128286,10161265354021
1789044243087370015,9851481085581,10161493628646
1789044244101335463,9851833460359,10161702136157
1789044245115163829,9852055903230,10161940076130
1789044246129051473,9852371377551,10162128491900
1789044247142708023,9852589902634,10162456120627
1789044248156451395,9852881574059,10162724241984
1789044249170276240,9853185691044,10162985524953
1789044250184076255,9853453600075,10163232720898
1789044251197970482,9853652573336,10163603189389
1789044252211851496,9853930323519,10163815655571
1789044253225785700,9854158672658,10164113561209
1789044254239448165,9854408036548,10164351300491
1789044255253523316,9854615291338,10164610278341
1789044256267433449,9854865670281,10164936199492
1789044257281283400,9855091891554,10165199027591
1789044258295210854,9855340121841,10165515133816
1789044259309061616,9855550781777,10165759163500
1789044260322870288,9855915487267,10165924897797
1789044261336746873,9856074706797,10166284802896
1789044262350574259,9856382181057,10166517288524
1789044263364356843,9856641977961,10166879796816
1789044264378097812,9856908507264,10167202886284
1789044265391706574,9857206268697,10167445440002
1789044266405470553,9857460149830,10167762644813
1789044267419406528,9857758660661,10168050218188
1789044268433344107,9858029932802,10168326545663
1789044269446981227,9858238459489,10168585637065
1789044270460502198,9858506422989,10168876285295
1789044271474106876,9858754501344,10169101323998
1789044272487953085,9858962975953,10169359073799
1789044273501638924,9859211012169,10169606972528
1789044274515519334,9859475897828,10169795525152
1789044275529375633,9859656823840,10170092903284
1789044276543181961,9859955483564,10170364613944
1789044277556934006,9860179340245,10170707965536
1789044278572516972,9860566215185,10170857217571
1789044279587732437,9860631836847,10171283028761
1789044280603920930,9860895334361,10171540896755
1789044281617726658,9861305193409,10171657297350
1789044282631400569,9861416843789,10172126131636
1789044283645435646,9861792648615,10172275457282
1789044284662262326,9861886549222,10172469402388
1789044285676336874,9861938227068,10172520577166
1789044286690112192,9861990275900,10172572587429
1789044287704028191,9862041671720,10172624193506
1789044288717689390,9862095416869,10172677452991
1789044289731394546,9862139291880,10172721208500
1789044290744940203,9862191014046,10172772922951
1789044291758750973,9862241894055,10172823588565
1789044292772542968,9862294002320,10172875624592
1789044293786395564,9862338274929,10172919814996
1789044294800069579,9862390014130,10172971446105
1789044295813803051,9862441739224,10173023077682
1789044296827380072,9862492634245,10173073935992
1789044297841039324,9862541505714,10173123950635
1789044298854652330,9862584954340,10173166521525
1789044299868383154,9862635473396,10173216957941
1789044300882099128,9862684111202,10173265298268
1789044301896071909,9862726732715,10173308297297
1789044302909833861,9862776328622,10173357471509
1789044303923750243,9862826367458,10173407477250
1789044304937580473,9862869412106,10173450735422
1789044305951380351,9862919882922,10173501325060
1789044306965142849,9862970350603,10173551333393
1789044307978832683,9863020785972,10173602054044
1789044308992452164,9863063790913,10173644753921
1789044310006085025,9863113420988,10173694352049
1789044311019751775,9863161826841,10173743104936
1789044312033562556,9863204026757,10173785266503
1789044313047278273,9863253213749,10173834023251
1789044314061555421,9863301556924,10173882363174
1789044315075517802,9863342958604,10173923680537
1789044316089470931,9863392581844,10173973269044
1789044317103186869,9863441003542,10174022026707
1789044318116936163,9863482303126,10174062926555
1789044319130623298,9863528969786,10174109626194
1789044320144292473,9863576926389,10174157548268
1789044321158242496,9863615397801,10174195945218
1789044322172285186,9863662074161,10174242612226
1789044323186563272,9863701321107,10174281845371
1789044324200262626,9863747161166,10174327977275
1789044325213862722,9863785175133,10174365648832
1789044326227479082,9863830229511,10174410881214
1789044327241262227,9863870414513,10174451371532
1789044328255772163,9863915792334,10174496399813
1789044329269835561,9863955032488,10174535592994
1789044330283695406,9864000899898,10174581426243
1789044331298758817,9864039784895,10174620271501
1789044332312436992,9864084783388,10174665258056
1789044333326186452,9864123188293,10174703616183
1789044334340351383,9864169016335,10174749855680
1789044335354158067,9864209132920,10174789502227
1789044336367734939,9864255923818,10174836575502
1789044337381680835,9864295511301,10174875800360
1789044338395560746,9864341344140,10174922050801
1789044339409220884,9864388424455,10174968711503
1789044340422922735,9864426888735,10175007097996
1789044341436756891,9864472327950,10175052923882
1789044342450644053,9864512402378,10175092565278
1789044343464365606,9864558783142,10175139228054
1789044344478224141,9864598383767,10175178464132
1789044345491982911,9864645215500,10175225187209
1789044346506428597,9864675617142,10175553870770
1789044347520232354,9865063705325,10175742982712
1789044348534201878,9865500254096,10175832093735
1789044349548460522,9865600192584,10176225807720
1789044350561973703,9865937300613,10176401366468
1789044351575776842,9866076674857,10176758018956
1789044352589638697,9866300304942,10177161165747
1789044353603324150,9866600540298,10177369782081
1789044354616950707,9866927085150,10177598274695
1789044355630511532,9867098838546,10177984737486
1789044356644239264,9867476290155,10178163752651
1789044357658263817,9867645433871,10178510270298
1789044358672222920,9867837108043,10178828143718
1789044359685838556,9868220255568,10179017128970
1789044360699915720,9868430638578,10179304873585
1789044361713776396,9868687951068,10179601145522
1789044362727502431,9869005458209,10179844653189
1789044363741003841,9869186323617,10180158131292
1789044364755034973,9869464182471,10180445693819
1789044365768880148,9869759689793,10180618620134
1789044366782715736,9870014436144,10180872329976
1789044367796451195,9870231774655,10181219222412
1789044368810723909,9870523741289,10181353560439
1789044369824925823,9870643658055,10181794396537
1789044370838871972,9871099488895,10181879784138
1789044371853566618,9871228397556,10182261261129
1789044372867590218,9871417795939,10182528863183
1789044373881375154,9871685554063,10182711089769
1789044374895132470,9871943658004,10183003320025
1789044375908820683,9872260984310,10183164023251
1789044376922693152,9872509196003,10183466751114
1789044377936834276,9872767435403,10183823547384
1789044378950794603,9872917774598,10184125919492
1789044379964455728,9873171754478,10184334243604
1789044380978265925,9873472066788,10184522866446
1789044381992036088,9873769634593,10184751038569
1789044383005793204,9873935432416,10185137383260
1789044384020261860,9874295611220,10185344216768
1789044385035281386,9874465311670,10185663223537
1789044386050799000,9874663361989,10185916042646
1789044387064758501,9874931314049,10186147091722
1789044388079087962,9875148840058,10186476461146
1789044389093365161,9875476718998,10186536474232
1789044390107143464,9875764559252,10186790962662
1789044391120856515,9875911306116,10187210355993
1789044392134761082,9876270988964,10187445920719
1789044393149654888,9876469477407,10187637483587
1789044394163906765,9876707773678,10187875845873
1789044395177720880,9876740907834,10187987940101
1789044396191431039,9876781063170,10188028433625
1789044397205434961,9876826938401,10188073852401
1789044398218983075,9876865765863,10188112658296
1789044399232550530,9876910347492,10188157654141
1789044400246377802,9876949042950,10188196047813
1789044401260232326,9876995113452,10188242385986
1789044402273916147,9877033528493,10188280395969
1789044403288012247,9877079365181,10188326190599
1789044404302194993,9877117768487,10188364577552
1789044405317376045,9877162346332,10188409147835
1789044406331013170,9877199633916,10188446289091
1789044407345221544,9877243819577,10188490444267
1789044408359264642,9877281033426,10188527994236
1789044409372931897,9877325535029,10188572145215
1789044410386661997,9877363110848,10188609701416
1789044411400441815,9877408292910,10188655120829
1789044412414361756,9877446204885,10188692683467
1789044413427999856,9877491195345,10188737675947
1789044414441880370,9877529605826,10188776067090
1789044415455588621,9877575432869,10188821888241
1789044416469616485,9877612646320,10188859548920
1789044417483897368,9877650671957,10188897101081
1789044418497647490,9877694414481,10188941199465
1789044419511467780,9877732826279,10188979119858
1789044420525221174,9877777404142,10189023617912
1789044421538867060,9877814649770,10189061125395
1789044422552508148,9877859262607,10189105643032
1789044423566154526,9877897218991,10189143226102
1789044424579989778,9877941468415,10189187677067
1789044425593880609,9877980627024,10189226437535
1789044426607755985,9878026945548,10189273049955
1789044427621950537,9878065838058,10189311823266
1789044428635657159,9878111217788,10189356754253
1789044429649344662,9878148793279,10189394688980
1789044430663391658,9878193788376,10189439246539
1789044431677251268,9878232738302,10189478057798
1789044432690978710,9878277340075,10189522730665
1789044433704838901,9878315539233,10189561022422
1789044434718432875,9878360321008,10189606011632
1789044435732988001,9878399140129,10189644402464
1789044436746998109,9878443774572,10189688982963
1789044437760627461,9878481100965,10189726539660
1789044438774313714,9878526365001,10189771532782
1789044439787922072,9878564345744,10189809506239
1789044440801935886,9878609818078,10189854948908
1789044441815781031,9878647864540,10189892920878
1789044442829673587,9878694143949,10189939165959
1789044443843611543,9878732231050,10189977555972
1789044444857584359,9878777535431,10190022540924
1789044445871393041,9878815101494,10190060164230
1789044446885228437,9878852724459,10190097645125
1789044447898859085,9878898178992,10190143094437
1789044448912626448,9878936584858,10190181450332
1789044449926659338,9878981656774,10190226864200
1789044450940417064,9879020412429,10190265363092
1789044451954113409,9879065882556,10190310671132
1789044452967879655,9879103897637,10190348649987
1789044453981654796,9879149027901,10190393775174
1789044454995329865,9879185834944,10190430952419
1789044456009101438,9879228737359,10190473436493
1789044457023119565,9879268224966,10190512839441
1789044458037389061,9879305211724,10190550002759
1789044459051725261,9879355240801,10190600365892
1789044460065930197,9879434275926,10190679420160
1789044461079554371,9879486967577,10190732088847
1789044462093526374,9879539724090,10190784764151
1789044463107528357,9879592623278,10190839673525
1789044464121470056,9879671865320,10190916540755
1789044465135574488,9879724783290,10190971504251
1789044466149393353,9879779686977,10191026395740
1789044467163429127,9879856604060,10191101059531
1789044468177160479,9879909306111,10191153757122
1789044469190758433,9879988324957,10191232800136
1789044470204796376,9880043217810,10191290082446
1789044471218725989,9880098103610,10191344063669
1789044472232640731,9880172802976,10191417425229
1789044473246281763,9880225518998,10191470087170
1789044474260072863,9880278206539,10191522817266
1789044475273748739,9880333093058,10191575521798
1789044476287667532,9880409938690,10191654518548
1789044477301385399,9880462691536,10191707196512
1789044478315206901,9880515412432,10191759857036
1789044479328857199,9880568107990,10191814715000
1789044480342660859,9880660172750,10191905289496
1789044481356287804,9880709685584,10191954456672
1789044482370026029,9880758923916,10192005666969
1789044483383893315,9880832697717,10192077398521
1789044484397603948,9880882025287,10192126571573
1789044485411296229,9880955787118,10192200373617
1789044486425233200,9881005257934,10192249722152
1789044487439074900,9881054618138,10192300931975
1789044488452897120,9881128397094,10192372841787
1789044489466771423,9881202532963,10192446982649
1789044490480746735,9881251847266,10192496196293
1789044491494850727,9881325710843,10192569952963
1789044492508496371,9881374943278,10192619125407
1789044493522243465,9881424488437,10192668298319
1789044494535946205,9881473654252,10192717474629
1789044495549759224,9881547686852,10192791804245
1789044496563706165,9881596867245,10192840974585
1789044497577426476,9881671197348,10192914735124
1789044498591181781,9881720408840,10192963904524
1789044499604839642,9881769586766,10193015120250
1789044500618609196,9881837827552,10193081253876
1789044501632347073,9881876492660,10193120962856
1789044502646465509,9881925681016,10193169029898
1789044503660237256,9881975931560,10193219190403
1789044504673840228,9882014590328,10193256812695
1789044505687566420,9882063823045,10193307009143
1789044506701493397,9882113978805,10193357164486
1789044507715593165,9882164264068,10193407327059
1789044508729527215,9882214451706,10193457494001
1789044509743282096,9882252118760,10193495113351
1789044510757174679,9882302279180,10193545303443
1789044511770964668,9882352707846,10193595495317
1789044512784888825,9882390461087,10193633123330
1789044513798599250,9882448722229,10193691349803
1789044514812275122,9882522481317,10193765163798
1789044515826193819,9882597162022,10193839812468
1789044516839919306,9882825534024,10194136987250
1789044517854251675,9883195315279,10194385356603
1789044518868266927,9883371387770,10194765718301
1789044519881861384,9883639144113,10194943296040
1789044520895492924,9883893560554,10195178585214
1789044521909228959,9884126635274,10195426518348
1789044522923164522,9884383401770,10195648204774
1789044523936972083,9884586467974,10195872942473
1789044524950681017,9884816055804,10196130893176
1789044525964846792,9885088111251,10196393958053
1789044526978964611,9885326417936,10196678705375
1789044527992846493,9885577794087,10196835510806
1789044529006887421,9885812887106,10197132738249
1789044530021297816,9886047551826,10197341733736
1789044531035272510,9886358465825,10197461267308
1789044532049150160,9886507619754,10197756438407
1789044533063041285,9886785523546,10198047816507
1789044534077034870,9886924917602,10198353870473
1789044535090809892,9887182945775,10198575093734
1789044536106099257,9887518469596,10198859597554
1789044537119698136,9887719077926,10199238632090
1789044538133712945,9887997091604,10199447746832
1789044539149026977,9888156239709,10199739737750
1789044540163702187,9888630718127,10199832532671
1789044541178181219,9888770002481,10200229111719
1789044542192031864,9889072592252,10200378257423
1789044543205898392,9889305213827,10200626188093
1789044544219623510,9889545465003,10200874084693
1789044545233478527,9889724227864,10201131786595
1789044546247231959,9890031678953,10201330431477
1789044547260991812,9890259943108,10201598131509
1789044548274773361,9890428750119,10201826136095
1789044549288539174,9890616398860,10202113849086
1789044550302349149,9890875753200,10202336153907
1789044551316020509,9891065203525,10202610179243
1789044552330108758,9891391895546,10202838604176
1789044553343992027,9891669666758,10203008805170
1789044554357760958,9891927620402,10203235618304
1789044555371520533,9892138371865,10203622151840
1789044556385286286,9892442009332,10203781377029
1789044557399199731,9892644748826,10204098821286
1789044558412787724,9892827644692,10204267583298
1789044559426516589,9893144494236,10204545320824
1789044560440385537,9893397998756,10204773427709
1789044561453868915,9893575940897,10205130111267
1789044562467683265,9894011767270,10205311739683
1789044563481613114,9894121850406,10205744587330
1789044564495347520,9894538055617,10205825539013
1789044565509211332,9894634270141,10206310965342
1789044566522811675,9894810408570,10206355045738
1789044567536952059,9894879457031,10206424228308
1789044568550996426,9894942537421,10206487514071
1789044569565055693,9895006659196,10206551373431
1789044570579193218,9895082901475,10206627635781
1789044571592935413,9895150064980,10206694819290
1789044572606635446,9895221377627,10206766509907
1789044573620425040,9895288520125,10206833303783
1789044574634138034,9895362306223,10206907144485
1789044575647776727,9895438574539,10206983780534
1789044576661808714,9895522844816,10207068016243
1789044577676113915,9895593246427,10207138168371
1789044578689915273,9895663726077,10207208997051
1789044579703818453,9895725171062,10207270340157
1789044580717715648,9895789306663,10207334204079
1789044581731309763,9895858459189,10207403500473
1789044582745187179,9895920823643,10207465989869
1789044583759073872,9895982511206,10207527752729
1789044584772797556,9896042922844,10207587887319
1789044585786534417,9896109162446,10207654189424
1789044586800336790,9896166723745,10207711877558
1789044587814202328,9896222193969,10207767210511
1789044588828364284,9896277084996,10207822258780
1789044589842385352,9896332363543,10207877314260
1789044590855965329,9896388681344,10207934013764
1789044591870340924,9896443697217,10207988671131
1789044592884227645,9896490514664,10208035556833
1789044593897942804,9896544761520,10208089732609
1789044594911666066,9896597755640,10208142725840
1789044595925490766,9896649881678,10208194889430
1789044596939392666,9896703045184,10208248306104
1789044597953162671,9896756356604,10208301732026
1789044598966769708,9896808402089,10208353529826
1789044599980579246,9896854001884,10208399508580
1789044600994424140,9896907344622,10208452640884
1789044602008081735,9896959470692,10208504744370
1789044603022394942,9897011875154,10208557316307
1789044604036297897,9897063786420,10208609057465
1789044605050195368,9897115949050,10208661291733
1789044606063987681,9897159394991,10208704697429
1789044607078110162,9897208596286,10208754029399
1789044608092063959,9897258656722,10208804244035
1789044609105590459,9897299617616,10208844935986
1789044610119389012,9897348850076,10208894210823
1789044611133734151,9897398463681,10208943818378
1789044612147543939,9897440485258,10208986031385
1789044613161600331,9897488617677,10209034018364
1789044614175175924,9897537335740,10209083234530
1789044615188907673,9897750035062,10209207822685
1789044616202893191,9898047537522,10209393658672
1789044617216765506,9898244983820,10209811307435
1789044618229873107,9898451794165,10210168092524
1789044619243674099,9898712709819,10210426095044
1789044620257510780,9898950442855,10210723831309
1789044621271345100,9899289035224,10210981964038
1789044622285145117,9899552967314,10211279794087
1789044623298992909,9899783227562,10211537848054
1789044624312972432,9899973496901,10211785950987
1789044625326784538,9900231883095,10211945077889
1789044626340760687,9900496838101,10212302095319
1789044627354523565,9900740707879,10212599778414
1789044628368262570,9901026769396,10212887648175
1789044629382333524,9901354111930,10213111014091
1789044630396077539,9901622245031,10213459670562
1789044631409883948,9901930116803,10213721289897
1789044632423609188,9902138393566,10214035695948
1789044633437520889,9902376667630,10214266727823
1789044634451199248,9902578619634,10214594012931
1789044635464960506,9902912737775,10214781565923
1789044636478750145,9903180847373,10215074494679
1789044637492740263,9903369806821,10215447441234
1789044638506367271,9903575413072,10215685462695
1789044639520258050,9903846112554,10215868204084
1789044640533939451,9904173229590,10216029168545
1789044641547658403,9904411457954,10216310559948
1789044642561312430,9904649741810,10216657481565
1789044643575224808,9904907851451,10216906400927
1789044644589088231,9905146225021,10217166703931
1789044645602764096,9905404396374,10217441622117
1789044646616567402,9905632736399,10217699466280
1789044647630360872,9905890564391,10217863848755
1789044648644116714,9906148761357,10218224903405
1789044649658104893,9906446490782,10218569559260
1789044650671987879,9906753950783,10218834138984
1789044651685974304,9907037797293,10219157122861
1789044652701025434,9907255314114,10219494183313
1789044653714997238,9907459078581,10219831172956
1789044654728786627,9907813438743,10219990176333
1789044655742745250,9908051132614,10220317473207
1789044656756472059,9908352043914,10220621243637
1789044657770357190,9908629822270,10220892690818
1789044658784293989,9908904374352,10221150633868
1789044659798112957,9909115100049,10221398528030
1789044660812024237,9909413935655,10221674027055
1789044661825806826,9909606604278,10221983513172
1789044662839444855,9909714939396,10222017024209
1789044663853988860,9909754216843,10222056069854
1789044664868244411,9909799952465,10222102117697
1789044665882417530,9909839985072,10222141791162
1789044666896450878,9909887859160,10222189868185
1789044667910180116,9909936554889,10222238503232
1789044668924066707,9909977862620,10222279850570
1789044669937870905,9910026587087,10222328628508
1789044670951631400,9910075863095,10222377830021
1789044671965347794,9910116379376,10222418334900
1789044672979155614,9910164748153,10222466698061
1789044673993177831,9910214743012,10222516730136
1789044675006542897,9910256198990,10222558076614
1789044676020236327,9910303749642,10222605597446
1789044677034158683,9910352946551,10222654787569
1789044678048620895,9910394297226,10222696549037
1789044679062916718,9910443227786,10222744910191
1789044680076627411,9910484608204,10222786242384
1789044681090454653,9910532167001,10222834432373
1789044682104694621,9910579808772,10222881952399
1789044683118399678,9910619455373,10222921199949
1789044684131972435,9910666580029,10222968293606
1789044685145759788,9910704505292,10223006281856
1789044686159406378,9910748393429,10223050031477
1789044687173178353,9910785978001,10223087613662
1789044688187002571,9910831824785,10223133462890
1789044689200734861,9910870280085,10223171876071
1789044690214564129,9910914476302,10223216045493
1789044691228272827,9910951880498,10223253620964
1789044692241899795,9910997515437,10223299040414
1789044693255732027,9911035937021,10223337455554
1789044694269489789,9911081396894,10223382881146
1789044695283268815,9911120271565,10223421718863
1789044696297135349,9911167837162,10223469630167
1789044697311181693,9911207937009,10223509411524
1789044698324664439,9911255217377,10223556870195
1789044699338383413,9911295280307,10223596545968
1789044700352322955,9911341154732,10223642390884
1789044701366044515,9911378774114,10223680043082
1789044702379880806,9911424206873,10223725404063
1789044703394158948,9911461790872,10223763103849
1789044704408257881,9911506418176,10223807578938
1789044705422092211,9911544032398,10223845580756
1789044706435745476,9911589064209,10223890198354
1789044707450233910,9911627063228,10223928154552
1789044708464203745,9911672072559,10223973214188
1789044709479930991,9911709684453,10224010786336
1789044710494295448,9911754301694,10224055377024
1789044711507984763,9911791082200,10224092118193
1789044712522195713,9911835668526,10224136711228
1789044713536068039,9911873251931,10224174292808
1789044714550205584,9911913505270,10224218906784
1789044715563959546,9911956362472,10224257719092
1789044716577628278,9911994987722,10224299639368
1789044717591341011,9912039780907,10224340911332
1789044718604895762,9912076944203,10224377879400
1789044719618631102,9912121186774,10224422471858
1789044720632495106,9912159189958,10224460059769
1789044721646360352,9912203808593,10224504647004
1789044722660026825,9912240979924,10224541809416
1789044723674109348,9912284310417,10224585140275
1789044724687799473,9912320764596,10224621882185
1789044725702705061,9912358282846,10224659097478
1789044726716530954,9912403324952,10224704101902
1789044727730076862,9912440069245,10224740841033
1789044728743692779,9912584041340,10224779054825
1789044729757496378,9912726562057,10225203321009
1789044730771328977,9912974694746,10225476270871
1789044731785249004,9913361338849,10225629475152
1789044732798938913,9913520625347,10226080102869
1789044733812695330,9913976448835,10226205989198
1789044734826468591,9914039509662,10226672973350
1789044735840241578,9914443348729,10226792657796
1789044736853882778,9914772952723,10227021243391
1789044737867694791,9914928948400,10227427696348
1789044738881453817,9915131963036,10227616198450
1789044739895280038,9915382528048,10227844276558
1789044740909058161,9915664328670,10228078860867
1789044741922750191,9915932949864,10228300626240
1789044742936678063,9916131170852,10228695805959
1789044743950304659,9916438642882,10228876181414
1789044744964034442,9916650232233,10229104390083
1789044745977794883,9916891242292,10229421775965
1789044746991592284,9917163423116,10229689039114
1789044748005493045,9917339625229,10229986989367
1789044749019548866,9917649660670,10230274634932
1789044750033607821,9917886290647,10230512667535
1789044751047630348,9918248863673,10230770681641
1789044752061471993,9918436764298,10231058142488
1789044753075437053,9918751173588,10231248042203
1789044754089586762,9918959648155,10231567301106
1789044755103478329,9919168306509,10231930501514
1789044756117361164,9919440114639,10232109443438
1789044757131094236,9919640517534,10232387267487
1789044758145038748,9919813953617,10232757955469
1789044759159028281,9920220001660,10232799155550
1789044760173063472,9920322348840,10233031871759
1789044761186888370,9920537701705,10233200191108
1789044762200692447,9920821648980,10233418792534
1789044763214867428,9920984549903,10233824996672
1789044764228471060,9921173283236,10234128089744
1789044765242343628,9921484529540,10234350624192
1789044766256327051,9921788179043,10234519605145
1789044767270292271,9922006766139,10234776124275
1789044768284003170,9922186048416,10235095071444
1789044769297834325,9922569342059,10235264225320
1789044770311726032,9922722103242,10235635520699
1789044771325597650,9923019517254,10235859599670
1789044772339411505,9923238481858,10236116195792
1789044773353485971,9923447080125,10236316304095
1789044774367537817,9923596504655,10236584212924
1789044775381596237,9923923689096,10236710586392
1789044776395495648,9924102873457,10237031886138
1789044777409879694,9924311409604,10237210302772
1789044778423770571,9924422200088,10237389880625
1789044779438074522,9924458988103,10237428590206
1789044780451729632,9924502323370,10237470381086
1789044781465330843,9924539939351,10237507640802
1789044782479079269,9924584147283,10237551871883
1789044783492847941,9924620902403,10237589071946
1789044784506965399,9924664653891,10237632433126
1789044785520837678,9924701429178,10237669410626
1789044786534605409,9924746547809,10237714673630
1789044787548390558,9924782422633,10237750186621
1789044788562201503,9924819583854,10237787365535
1789044789575900785,9924864177698,10237832338839
1789044790589716162,9924901791077,10237869606565
1789044791603702416,9924946029223,10237913846759
1789044792617834541,9924982777230,10237950711096
1789044793631790434,9925026951143,10237994898960
1789044794650395843,9925064947152,10238032892287
1789044795664309714,9925110812448,10238078722340
1789044796678507834,9925148032330,10238115878058
1789044797692366167,9925184769228,10238152614906
1789044798706133784,9925228099607,10238196058121
1789044799719968485,9925265266000,10238233157897
1789044800733901834,9925309888982,10238278196417
1789044801747620929,9925348372460,10238316228173
1789044802761344224,9925392545340,10238360498942
1789044803774924616,9925429289342,10238397204547
1789044804788679253,9925473876756,10238441828093
1789044805802624500,9925510274776,10238478194299
1789044806816348282,9925546219562,10238514548446
1789044807830010957,9925589967619,10238558007172
1789044808843722113,9925627535508,10238595462498
1789044809857563085,9925672572308,10238640448709
1789044810871150740,9925709781795,10238677581952
1789044811884964772,9925754813423,10238722570778
1789044812899025190,9925791127332,10238759293590
1789044813912962738,9925828687193,10238796428901
1789044814926636489,9925874094101,10238841884463
1789044815940801206,9925912138276,10238880008909
1789044816954944964,9925956483451,10238923951434
1789044817968693364,9925993640852,10238961083740
1789044818982199916,9926038653170,10239006070617
1789044819995897271,9926075804787,10239043205981
1789044821009993704,9926120442583,10239087775676
1789044822023851798,9926157626760,10239124919867
1789044823037946761,9926202618646,10239169916178
1789044824051677920,9926241027531,10239208729680
1789044825065593035,9926286023768,10239253350072
1789044826079326005,9926323273597,10239290497170
1789044827092970023,9926359618253,10239327138070
1789044828106837822,9926403988063,10239371389916
1789044829120370417,9926440507476,10239407973268
1789044830134252384,9926485090277,10239452286009
1789044831148146469,9926523561866,10239490688424
1789044832162029113,9926568589383,10239536020268
1789044833176028957,9926605317169,10239572618947
1789044834189683412,9926649484035,10239616583032
1789044835203576374,9926687473591,10239654560096
1789044836217466416,9926733373971,10239700403710
1789044837231238257,9926769719063,10239736719998
1789044838245080486,9926807708452,10239774704366
1789044839258945154,9926851907901,10239819293647
1789044840272804114,9926889130999,10239856445079
1789044841286433545,9926933415329,10239900500244
1789044842300204682,9926972532113,10239939479275
1789044843314286345,9927008012939,10239974907736
1789044844328323580,9927043459618,10240010336636
1789044845342180612,9927078633618,10240045642908
1789044846356750931,9927145897043,10240116301991
1789044847370512292,9927208451564,10240175427955
1789044848384993339,9927258470838,10240225449024
1789044849398883278,9927308495273,10240276035018
1789044850412668775,9927358514984,10240326271993
1789044851426575662,9927433626726,10240401782343
1789044852440233493,9927483669604,10240451806918
1789044853454116151,9927535785253,10240501838587
1789044854467918610,9927583779206,10240553930641
1789044855481688962,9927640030957,10240601878627
1789044856495436120,9927708841298,10240676901016
1789044857509478740,9927763951519,10240726928329
1789044858523274000,9927815182550,10240782619229
1789044859537172649,9927883928530,10240851966921
1789044860550837155,9927933917517,10240901991990
1789044861564498211,9927983970496,10240952017340
1789044862578373435,9928058994125,10241027040187
1789044863592194296,9928109038423,10241077318908
1789044864605878391,9928163237338,10241127357634
1789044865619664629,9928211197250,10241182052452
1789044866633475360,9928284245153,10241253111486
1789044867647537986,9928346840398,10241315706654
1789044868661554108,9928397431622,10241367855193
1789044869675545887,9928463600391,10241432678971
1789044870689655149,9928510536112,10241479382368
1789044871703502926,9928580800791,10241549785166
1789044872717337697,9928629499454,10241596505280
1789044873731249053,9928697654543,10241666554945
1789044874745108522,9928744349254,10241713253929
1789044875758804782,9928795781867,10241759960761
1789044876772926243,9928861378439,10241830646328
1789044877786612600,9928908115712,10241879320207
1789044878800358867,9928954873027,10241924132291
1789044879813948577,9929005475391,10241976632525
1789044880827777197,9929071713748,10242040875600
1789044881841419703,9929118474244,10242087583305
1789044882855231387,9929182804769,10242155570815
1789044883869056609,9929235481196,10242204862268
1789044884883005997,9929298555686,10242268976148
1789044885897096794,9929352477258,10242321627436
1789044886910794766,9929399265728,10242370284246
1789044887924452190,9929464376134,10242436400516
1789044888938093601,9929512276394,10242481223487
1789044889951714928,9929551168794,10242522949411
1789044890965391129,9929595742514,10242564677192
1789044891979213122,9929643641458,10242612425198
1789044892992959994,9929691360462,10242660139335
1789044894006867605,9929729214276,10242698815600
1789044895020774424,9929774988401,10242743612576
1789044896034543965,9929822724069,10242791305836
1789044897048365411,9929858555941,10242828071565
1789044898062293573,9929906277840,10242874771664
1789044899076097385,9929953969172,10242922459281
1789044900089782489,9929992678109,10242958234703
1789044901103635994,9930057302236,10243026111302
1789044902117469215,9930122827754,10243091459964
1789044903131470408,9930407086029,10243329246421
1789044904145326098,9930675125314,10243656848397
1789044905159272108,9930960384935,10243931484119
1789044906173120788,9931256088671,10244189609924
1789044907186852627,9931469332344,10244546575537
1789044908200648955,9931717348067,10244717855124
1789044909214493348,9931999280984,10244973651210
1789044910228463880,9932223630063,10245280062271
1789044911242472364,9932452044425,10245537163451
1789044912256277725,9932670568553,10245777355271
1789044913270028549,9933045909513,10245986156694
1789044914283915027,9933196359121,10246422189167
1789044915299185015,9933505797319,10246650742197
1789044916313056847,9933811934229,10246868888193
1789044917326928071,9934044823473,10247107480919
1789044918340615706,9934258836997,10247363566567
1789044919354519997,9934497153954,10247631534461
1789044920368306029,9934715665742,10247923310398
1789044921382222885,9934983670486,10248177060089
1789044922396092321,9935251746564,10248447271410
1789044923409921194,9935514084761,10248774677530
1789044924423700289,9935817559693,10248994244302
1789044925437525865,9935986672126,10249350212969
1789044926451397119,9936244808434,10249659355240
1789044927465332035,9936591998472,10249856624484
1789044928479267876,9936741340068,10250160511980
1789044929492925349,9937080656124,10250412414615
1789044930506545845,9937319837454,10250700194815
1789044931520338622,9937416936356,10251152551057
1789044932534093429,9937912221343,10251196805892
1789044933547775936,9938041916197,10251622370956
1789044934561730907,9938369280313,10251890692557
1789044935575417201,9938666788422,10252100108856
1789044936589234390,9938887766259,10252505755474
1789044937602930537,9939252577402,10252763992064
1789044938616722112,9939560106446,10253012194488
1789044939630437605,9939811901370,10253290154227
1789044940644243955,9940096355433,10253568022032
1789044941659238946,9940339729488,10253826014249
1789044942673209357,9940543031384,10254061450288
1789044943686706813,9940801156323,10254332211218
1789044944700707985,9941049942883,10254570451168
1789044945714924106,9941329941976,10254798836191
1789044946732994749,9941614899835,10255066884604
1789044947747060883,9941843354547,10255328711360
1789044948761356849,9942053937061,10255573107719
1789044949775646451,9942290398695,10255871940776
1789044950790308465,9942451617142,10256091632466
1789044951804027645,9942524511960,10256164520878
1789044952818195439,9942588723237,10256228315401
1789044953832241059,9942647229169,10256287093238
1789044954845906714,9942711040934,10256354045553
1789044955859919909,9942785043309,10256424598386
1789044956873931262,9942850080225,10256489628225
1789044957887530446,9942925519471,10256565425406
1789044958901726488,9943000585551,10256640384523
1789044959915507898,9943068783452,10256708442493
1789044960929398919,9943148467560,10256788036164
1789044961943496358,9943223015117,10256862830047
1789044962957202329,9943288236968,10256927625383
1789044963970773732,9943352955928,10256992357419
1789044964984616887,9943425770143,10257065007409
1789044965998270269,9943491641475,10257130935577
1789044967012009791,9943569122399,10257208329906
1789044968025716163,9943640816694,10257279990227
1789044969039317100,9943703386078,10257342483932
1789044970053262371,9943765928068,10257405030458
1789044971067054937,9943837549741,10257476662328
1789044972080777933,9943900087982,10257539623564
1789044973094600594,9943963531649,10257602583120
1789044974108300928,9944032290735,10257671320757
1789044975122130530,9944094032603,10257733137310
1789044976135897205,9944152480388,10257791716380
1789044977149882254,9944209574383,10257848515754
1789044978163704394,9944269676636,10257908561090
1789044979178301764,9944328075945,10257967295006
1789044980192260220,9944383936809,10258022782728
1789044981207198424,9944438550314,10258077382396
1789044982220872855,9944493591552,10258132413865
1789044983234747666,9944549517737,10258188684010
1789044984248873854,9944606666572,10258245370500
1789044985262647025,9944662121319,10258300889909
1789044986276216002,9944717157988,10258355845331
1789044987290478579,9944769473507,10258408282943
1789044988304042869,9944820156510,10258458804685
1789044989317811876,9944871284894,10258509659635
1789044990331733751,9944914727525,10258553117828
1789044991345438773,9944965170889,10258603516640
1789044992359026397,9945015608314,10258654153722
1789044993372603387,9945066948788,10258705252737
1789044994386423303,9945110653220,10258748631348
1789044995400075035,9945159835057,10258797869196
1789044996413798386,9945211106777,10258849058292
1789044997427502429,9945234541337,10259174626179
1789044998441232908,9945694861339,10259268993930
1789044999454962110,9945920402991,10259675460758
1789045000468762723,9946157643178,10260013356838
1789045001482540606,9946405983311,10260320523796
1789045002496366886,9946664092183,10260578639225
1789045003510196885,9947090314949,10260766606151
1789045004523883048,9947338751007,10261156799128
1789045005538033798,9947606730333,10261422329956
1789045006551973629,9947825296739,10261749243965
1789045007565920089,9948162525145,10261977268395
1789045008580027014,9948367929899,10262245932485
1789045009593994875,9948619016156,10262533679284
1789045010609569312,9948867802679,10262841318108
1789045011623528487,9949076188838,10263049697430
1789045012637422982,9949353990194,10263272231744
1789045013651458564,9949595135395,10263555970114
1789045014665612524,9949880140747,10263762104798
1789045015679271470,9950173933161,10264042613760
1789045016693199537,9950394734122,10264399589948
1789045017707001517,9950733748996,10264611614690
1789045018720829574,9951026036924,10264906049787
1789045019735622590,9951130043419,10265431110249
1789045020749618437,9951567759211,10265557448107
1789045021763238229,9951731002202,10265947542761
1789045022777139488,9952044581846,10266178668462
1789045023790851599,9952292960140,10266487118134
1789045024804863803,9952532154571,10266761316110
1789045025818692900,9952710209927,10267047040628
1789045026832617057,9953017669067,10267225946866
1789045027846521269,9953221073727,10267575140669
1789045028860425543,9953518033660,10267862925884
1789045029874200568,9953782219346,10268082422144
1789045030888019962,9954042369541,10268389054442
1789045031901859791,9954407373008,10268635568046
1789045032915717276,9954586524258,10269025151025
1789045033929720306,9954814983879,10269256343200
1789045034943552217,9955169962197,10269411733521
1789045035957296756,9955360957112,10269746669226
1789045036971178289,9955569567297,10270046214213
1789045037984946227,9955861007481,10270314519971
1789045038998850812,9956095817277,10270604022521
1789045040012489949,9956453310285,10270771541432
1789045041026324418,9956538515925,10271187825441
1789045042040423939,9956761733312,10271511899588
1789045043054050526,9957149957586,10271585396737
1789045044067850940,9957248054454,10271931137637
1789045045081523438,9957468536302,10272063798130
1789045046095108163,9957521086351,10272116329707
1789045047108712909,9957572821416,10272168242006
1789045048122503020,9957616030314,10272211462919
1789045049136354393,9957668052143,10272263162014
1789045050150295419,9957718125242,10272313355055
1789045051165005662,9957766900129,10272361961110
1789045052179026449,9957809926960,10272404964695
1789045053192643622,9957859578856,10272454781989
1789045054206393226,9957908811865,10272503818450
1789045055220126422,9957950203504,10272545500647
1789045056233934013,9957999404687,10272594312851
1789045057248026135,9958048196413,10272643046032
1789045058262181302,9958089801019,10272684801619
1789045059276399900,9958137566208,10272732318015
1789045060290198414,9958185957446,10272780670043
1789045061303747077,9958226058098,10272820740840
1789045062317518330,9958273167207,10272867831719
1789045063331360304,9958313713782,10272908323019
1789045064345106952,9958360430331,10272955000504
1789045065358873069,9958408832355,10273003355568
1789045066372829355,9958449769352,10273044692798
1789045067386578432,9958498414633,10273093047162
1789045068400258457,9958543717808,10273141531738
1789045069413813652,9958588343386,10273182730725
1789045070427634182,9958636322406,10273231077473
1789045071441490570,9958677676863,10273272140856
1789045072455762877,9958725658675,10273320355405
1789045073469843416,9958774017456,10273368299827
1789045074483731407,9958814613523,10273409222910
1789045075497852923,9958862127874,10273456525484
1789045076511609581,9958902646391,10273496822254
1789045077525620171,9958949748748,10273543921772
1789045078539508270,9958996883194,10273591015935
1789045079553900175,9959037018664,10273631517926
1789045080567920601,9959083994531,10273678198397
1789045081581770693,9959123154981,10273717446264
1789045082595559847,9959169737709,10273763705101
1789045083609353298,9959213979772,10273812054831
1789045084623230495,9959259127202,10273853045686
1789045085637381025,9959307520302,10273901319700
1789045086650886398,9959347647938,10273941804020
1789045087664771096,9959395126241,10273988895666
1789045088678522281,9959443098336,10274036825905
1789045089692847951,9959482816375,10274076491721
1789045090706966876,9959529530100,10274123381063
1789045091721037926,9959569226193,10274162838518
1789045092735150167,9959617180861,10274210771858
1789045093748831128,9959657316242,10274251220068
1789045094762407109,9959706567275,10274300054508
1789045095776278248,9959754961581,10274348411378
1789045096790166980,9959795534195,10274389340345
1789045097805338793,9959842716767,10274436020148
1789045098819238341,9959887788940,10274483116339
1789045099833658864,9959928810609,10274521933324
1789045100847810836,9959974699674,10274568191732
1789045101862222304,9960013537576,10274606585751
1789045102876112319,9960059389877,10274652418664
1789045103889728833,9960098666171,10274691643076
1789045104903413490,9960144554074,10274737479055
1789045105917213450,9960183846150,10274776713389
1789045106931093610,9960230319759,10274823381837
1789045107945009493,9960411835094,10274914778854
1789045108958982768,9960606418886,10275163834613
1789045109972771866,9960876896017,10275342733843
1789045110986577066,9961037556349,10275607769503
1789045112000284647,9961285849066,10275896078796
1789045113014523744,9961464666257,10276143013385
1789045114028225939,9961673317340,10276434052169
1789045115042011519,9961990286842,10276632902418
1789045116055740688,9962183524841,10276930547479
1789045117069770183,9962419319071,10277149006208
1789045118083767507,9962629863006,10277337658109
1789045119097464634,9962789335988,10277645088960
1789045120108668268,9962980314566,10277982371316
1789045121121927944,9963340505454,10278220901359
1789045122136088559,9963592924871,10278607640495
1789045123150750162,9963976758171,10278774516398
1789045124164615179,9964238781268,10278985473960
1789045125178619062,9964365875286,10279431376712
1789045126192337295,9964642472935,10279679629204
1789045127206398094,9964955102269,10279848724355
1789045128220320456,9965198164243,10280133847916
1789045129234201666,9965406968447,10280471465604
1789045130247948085,9965566159234,10280753970463
1789045131261670997,9965970108497,10280920749671
1789045132275756934,9966175344593,10281228264052
1789045133289830538,9966409783414,10281516028257
1789045134303783323,9966664260049,10281774003387
1789045135317735902,9966876489075,10282111376176
1789045136331371814,9967156825991,10282408838217
1789045137345210636,9967400392584,10282647125561
1789045138358993023,9967631132993,10283003764567
1789045139372922696,9967898597497,10283012961263
1789045140386832847,9968087482326,10283325088186
1789045141400672205,9968345405567,10283525347319
1789045142414554479,9968498267860,10283837875541
1789045143428479153,9968752706987,10284105841032
1789045144442487370,9968892213415,10284434992443
1789045145456252990,9969274394560,10284631989678
1789045146469919854,9969607552183,10284781280714
1789045147483745957,9969626955385,10285321312960
1789045148497661056,9969983912499,10285497286748
1789045149511439045,9970382898986,10285703971613
1789045150525073244,9970649092406,10285972092411
1789045151538417417,9970798188681,10286368390012
1789045152552610745,9971091508271,10286587111755
1789045153567288596,9971375448727,10286914447511
1789045154581709483,9971577265330,10287261596930
1789045155595503450,9971850522395,10287497529052
1789045156609101456,9972108600555,10287755516080
1789045157622749432,9972269257848,10287938379094
1789045158636762802,9972315952822,10287985084025
1789045159650673507,9972356918991,10288025957556
1789045160664481659,9972403215920,10288072626666
1789045161678277218,9972442499840,10288111440100
1789045162692112780,9972488353021,10288157518201
1789045163705782608,9972529288335,10288198193291
1789045164719470606,9972576014525,10288244867741
1789045165733248591,9972623590906,10288292392231
1789045166746820599,9972664567926,10288333725612
1789045167760842417,9972711679219,10288380413835
1789045168774431185,9972752205439,10288420911936
1789045169788348257,9972800607610,10288469269595
1789045170802206150,9972848596951,10288517630555
1789045171815954257,9972889141184,10288558127096
1789045172829670193,9972935829405,10288604390047
1789045173843055999,9972975551900,10288644472251
1789045174856865784,9973022240711,10288690804462
1789045175870736697,9973069395878,10288737877632
1789045176884533050,9973109527838,10288777930961
1789045177898324965,9973157057875,10288825696246
1789045178912025352,9973196743952,10288865433642
1789045179925715305,9973243919183,10288912636165
1789045180939508864,9973290172411,10288960780882
1789045181953106510,9973331588890,10288999863441
1789045182966915733,9973378284567,10289046505083
1789045183980844065,9973416714656,10289085333095
1789045184994995151,9973463014684,10289131170821
1789045186009120807,9973502730035,10289170826770
1789045187022850531,9973548612061,10289216669996
1789045188036748218,9973587043405,10289255375221
1789045189050534156,9973631640927,10289300081949
1789045190064315499,9973670944165,10289338918141
1789045191077998685,9973718091563,10289386022586
1789045192091896709,9973757830977,10289426114355
1789045193105809689,9973804093612,10289471959251
1789045194119485819,9973843366212,10289511209465
1789045195133200739,9973890097288,10289557887725
1789045196147123897,9973935673410,10289603728792
1789045197161046090,9973973184124,10289640876452
1789045198174756510,9974010421650,10289678449852
1789045199188471242,9974056255418,10289723869245
1789045200202294237,9974095554785,10289763101971
1789045201216124567,9974140593681,10289808515664
1789045202229882371,9974179467905,10289846913717
1789045203243713701,9974225322403,10289893174407
1789045204257679527,9974272853016,10289940265634
1789045205271325818,9974311386157,10289979090023
1789045206285827370,9974357622169,10290024927309
1789045207299883024,9974396924448,10290064166671
1789045208314144842,9974441528969,10290108758082
1789045209327948317,9974478685892,10290145907377
1789045210341815086,9974515068356,10290182229389
1789045211355519030,9974558021974,10290225556020
1789045212369445269,9974594386938,10290261449066
1789045213383452256,9974637306983,10290304360604
1789045214397337654,9974673645304,10290340679896
1789045215410894650,9974709658925,10290376993448
1789045216424563208,9974753794775,10290420742894
1789045217438041904,9974790611782,10290457609142
1789045218451844775,9974834980109,10290501862891
1789045219465622887,9974875934515,10290542748591
1789045220479552013,9974912054378,10290580933859
1789045221493371951,9974950068589,10290616731206
1789045222507034609,9974984488908,10290651159415
1789045223520726446,9975056282634,10290724308797
1789045224534578618,9975114784181,10290781389225
1789045225548250896,9975165514078,10290832080375
1789045226561966455,9975216292080,10290883358115
1789045227575470986,9975292379380,10290958796204
1789045228589361359,9975343083525,10291009484129
1789045229603654137,9975398008055,10291066503573
1789045230617624235,9975469855211,10291136205108
1789045231631267314,9975524813442,10291193229993
1789045232644825413,9975596654995,10291262926755
1789045233658444259,9975647351189,10291313622006
1789045234672035794,9975723552811,10291389651208
1789045235685974606,9975774286941,10291440339524
1789045236699923822,9975850364967,10291516363386
1789045237713869694,9975901157258,10291567061066
1789045238727560352,9975953971950,10291621967313
1789045239741536893,9976027918372,10291693784644
1789045240755425960,9976078648579,10291744466309
1789045241769111742,9976142062107,10291810986778
1789045242782843173,9976205475116,10291871182793
1789045243796818158,9976268848647,10291934568081
1789045244810605305,9976340063184,10292005548227
1789045245824333355,9976380199033,10292041043096
1789045246838074810,9976434827875,10292100180278
1789045247852082784,9976505854645,10292171152521
1789045248865815130,9976553184438,10292218475078
1789045249879497588,9976604458108,10292271709552
1789045250893378699,9976671564435,10292336786656
1789045251907025024,9976742553230,10292407766094
1789045252920935339,9976789912110,10292455087327
1789045253934654931,9976860903692,10292526067512
1789045254948338081,9976910429196,10292577327322
1789045255962438160,9976979506063,10292644358730
1789045256976256611,9977026840302,10292693642572
1789045257990110364,9977097922427,10292762661492
1789045259003974598,9977149198643,10292815893477
1789045260017652460,9977216322882,10292880962071
1789045261031554930,9977263723304,10292930251016
1789045262045558382,9977334715502,10292999265045
1789045263059321530,9977400846460,10293065128754
1789045264073088272,9977437121311,10293101362499
1789045265086703729,9977485625943,10293149666119
1789045266100491947,9977534163331,10293197970858
1789045267114165704,9977570409978,10293235204419
1789045268128230319,9977618782352,10293282508352
1789045269141966955,9977667210438,10293330822747
1789045270155712416,9977715535977,10293379129340
1789045271169740780,9977759708749,10293425759479
1789045272183539323,9977800278622,10293464675476
1789045273197201903,9977849648623,10293513991208
1789045274211400527,9977896973184,10293560292577
1789045275225044563,9977945614597,10293608599203
1789045276238966820,9978008740076,10293671483806
1789045277253043850,9978236155955,10293957264008
1789045278266770660,9978482266263,10294156810141
1789045279280683256,9978679927570,10294543410335
1789045280294433479,9978980616435,10294761852277
1789045281308809783,9979130088095,10295097056916
1789045282322936462,9979423246906,10295386799664
1789045283336941635,9979705810415,10295661484646
1789045284350731886,9979967480438,10295893304940
1789045285364505377,9980281488771,10296141637503
1789045286378443388,9980524319850,10296419434112
1789045287392274182,9980662608956,10296726740179
1789045288406231587,9981144724380,10296887831596
1789045289420484404,9981363234650,10297187071148
1789045290434205711,9981522442506,10297533825247
1789045291449224836,9981801016878,10297867974376
1789045292463124340,9982137630997,10298049149010
1789045293476926777,9982366167233,10298398299116
1789045294490798272,9982535241545,10298737376947
1789045295504765425,9982892189367,10298926650977
1789045296518645960,9983130435341,10299168192980
1789045297532263582,9983457656437,10299337299630
1789045298546027156,9983528106330,10299840877016
1789045299559957077,9983924599505,10300009387685
1789045300574925543,9984202991259,10300299633698
1789045301589485828,9984460885829,10300617138405
1789045302603094597,9984669446505,10300845822737
1789045303617515781,9984957203814,10301079846547
1789045304631441956,9985185642596,10301363943641
1789045305645322840,9985409910446,10301649312443
1789045306659118160,9985516267599,10302055528445
1789045307673270964,9985880838424,10302151728857
1789045308687176958,9986109332912,10302487872744
1789045309700992009,9986486114281,10302692828287
1789045310715534521,9986665189752,10303074291245
1789045311730072437,9986963025852,10303345150487
1789045312743849871,9987072771498,10303663400874
1789045313757625800,9987326971121,10303951139117
1789045314771435584,9987747070212,10304030503813
1789045315785390760,9987844712882,10304457339871
1789045316801762903,9988095411329,10304745202204
1789045317815689883,9988353386510,10304933973695
1789045318829306247,9988631230041,10305182153570
1789045319843762682,9989003233027,10305311833321
1789045320857753233,9989256336775,10305643408369
1789045321872211168,9989356424928,10306083042178
1789045322886661802,9989746595480,10306293943786
1789045323903849016,9990087643909,10306512538183
1789045324918845840,9990130325749,10306700812387
1789045325932663708,9990204601384,10306775364700
1789045326946800681,9990271718820,10306842241793
1789045327960573685,9990343831622,10306914216149
1789045328974376337,9990405141922,10306975485778
1789045329988161134,9990466869463,10307037375247
1789045331001717338,9990526933228,10307097259286
1789045332015409874,9990582258146,10307152722564
1789045333029181360,9990634623738,10307204841294
1789045334043352672,9990688006036,10307258213254
1789045335057163960,9990743062243,10307313326266
1789045336070951498,9990799364911,10307369586262
1789045337084613798,9990856140880,10307426363912
1789045338098357034,9990913319836,10307483394019
1789045339112266923,9990968780787,10307539270440
1789045340126121430,9991022151584,10307592216086
1789045341139644894,9991075534794,10307646009528
1789045342153635997,9991130226727,10307700609406
1789045343167817147,9991185303120,10307755279376
1789045344182069151,9991240347481,10307810291252
1789045345195801948,9991295295751,10307865322216
1789045346209573983,9991348747531,10307918764548
1789045347223300884,9991394650691,10307964601594
1789045348237216155,9991446065806,10308015876784
1789045349250825256,9991496929916,10308066767157
1789045350264662666,9991546543075,10308116330040
1789045351278487892,9991588731382,10308158571148
1789045352292610162,9991638819108,10308208525953
1789045353306514560,9991688898189,10308258555615
1789045354320546292,9991740176377,10308309832633
1789045355334227553,9991784062903,10308354090166
1789045356347975570,9991836596338,10308406624141
1789045357362882625,9991888776076,10308458743794
1789045358377069441,9991940143224,10308510033478
1789045359390663695,9991992182028,10308561736272
1789045360404330052,9992037287122,10308606837218
1789045361418085316,9992089816855,10308659366771
1789045362432346549,9992142411824,10308711902054
1789045363446459021,9992194163405,10308764008406
1789045364460691673,9992248331607,10308817792392
1789045365474691262,9992302530102,10308872025396
1789045366488324366,9992355512498,10308925043810
1789045367502107380,9992400730033,10308970040730
1789045368515994572,9992452006390,10309021313398
1789045369529743980,9992503305273,10309072583115
1789045370543585657,9992555417841,10309124798693
1789045371557355763,9992609663035,10309179008234
1789045372570983250,9992653994062,10309223354240
1789045373584766769,9992704045607,10309273656440
1789045374598722498,9992755769964,10309325193178
1789045375612294974,9992807000380,10309376282420
1789045376625786971,9992859104790,10309428422990
1789045377639682305,9992972521288,10309613922760
1789045378653608879,9993322701957,10309820586325
1789045379667278196,9993600447153,10310054312651
1789045380681302193,9993828947159,10310398171182
1789045381695011261,9994086932452,10310606167957
1789045382708917581,9994325312768,10310904329381
1789045383722798195,9994569263759,10311221806537
1789045384736450602,9994811878710,10311492947763
1789045385750261526,9995079923873,10311765727653
1789045386764031573,9995331025967,10312055430984
1789045387777634648,9995596345008,10312356679851
1789045388792982014,9995779169100,10312620937625
1789045389806722487,9996112488091,10312844147427
1789045390820489666,9996360789863,10313163246577
1789045391834319268,9996559216137,10313424898267
1789045392848083902,9996797774164,10313673024414
1789045393861705816,9997125172821,10313877907695
1789045394875416818,9997283114405,10314238765508
1789045395889335034,9997553814251,10314457316306
1789045396903106053,9997869969437,10314749515776
1789045397916997632,9998130644997,10315023114248
1789045398930686619,9998488896811,10315251642346
1789045399944431208,9998743369852,10315581370057
1789045400958279371,9998863080651,10315930211471
1789045401972008166,9999141022637,10316165520444
1789045402986047441,9999471048605,10316343444909
1789045403999909596,9999746283804,10316583073564
1789045405013868382,9999905499103,10316932504103
1789045406027775450,10000262534036,10317150033459
1789045407041640301,10000543849289,10317365876204
1789045408055572242,10000709040678,10317653498930
1789045409069450593,10001056461134,10317822597868
1789045410083478177,10001186644687,10318149743142
1789045411097242279,10001345172285,10318479837733
1789045412111001506,10001672457055,10318656565850
1789045413124789138,10001882021256,10318874440555
1789045414138557273,10002175469167,10319162279070
1789045415152359771,10002463486285,10319430339495
1789045416166102967,10002823717828,10319660200070
1789045417180037151,10002983071418,10320066624150
1789045418193879506,10003275876548,10320303646378
1789045419207728454,10003667437501,10320488352963
1789045420221642520,10003751302392,10320908884072
1789045421235375398,10004065249585,10321132955345
1789045422249192299,10004422285301,10321339044682
1789045423263067974,10004581568528,10321713033889
1789045424276917877,10004819913027,10322014286196
1789045425290506649,10004950875937,10322082189607
1789045426303421841,10004993906131,10322125347892
1789045427316423731,10005044264327,10322175661230
1789045428329216148,10005092788725,10322224025850
1789045429342500165,10005135005607,10322266208186
1789045430355435909,10005185870619,10322317106972
1789045431368554092,10005235479232,10322366687441
1789045432381651629,10005285080606,10322416289283
1789045433394590093,10005329006668,10322460144781
1789045434407549686,10005379074382,10322510177498
1789045435420530700,10005427846435,10322558955025
1789045436434021175,10005478715591,10322609814217
1789045437447056628,10005522996669,10322654087500
1789045438460219154,10005572249926,10322703278027
1789045439473071577,10005621066654,10322752481879
1789045440486075337,10005664156829,10322795489633
1789045441499218058,10005712863483,10322843850327
1789045442512270197,10005759965665,10322891373766
1789045443525259671,10005800548620,10322931466206
1789045444538207831,10005848101295,10322978993855
1789045445551215495,10005889871104,10323020755017
1789045446564271093,10005939908653,10323070791003
1789045447578175495,10005988875318,10323119983040
1789045448592764634,10006035603675,10323168614904
1789045449606511069,10006077654169,10323208505981
1789045450619395598,10006123923679,10323254917433
1789045451632294888,10006165693243,10323296471492
1789045452645235290,10006214476866,10323345674020
1789045453659066370,10006262478219,10323393615215
1789045454672820612,10006303865420,10323434964739
1789045455686918444,10006350786420,10323481645064
1789045456700911373,10006391897368,10323522989627
1789045457716283003,10006438998258,10323569679176
1789045458730234665,10006486168937,10323616789667
1789045459743572786,10006525457962,10323656038488
1789045460757761862,10006572565474,10323703150810
1789045461770950310,10006612660551,10323743234101
1789045462784114427,10006659341644,10323789915376
1789045463797078677,10006700340970,10323830840557
1789045464810031241,10006747089688,10323877940229
1789045465823251857,10006794153699,10323924623648
1789045466836325759,10006833409962,10323963876461
1789045467849368722,10006878458129,10324008989999
1789045468862627630,10006916482081,10324046982769
1789045469875633680,10006961106388,10324091476638
1789045470889402380,10006999106130,10324129469433
1789045471902571395,10007036271178,10324169600574
1789045472917013795,10007081285345,10324211645950
1789045473930972552,10007118932492,10324249226282
1789045474944748516,10007163137823,10324293528221
1789045475958759608,10007201968919,10324332386977
1789045476972444325,10007247395831,10324377706219
1789045477986469728,10007286660306,10324416965151
1789045479000243868,10007333423754,10324463663183
1789045480014115649,10007380555031,10324510761903
1789045481027917325,10007417722594,10324547958143
1789045482041557134,10007455509109,10324585911636
1789045483055445532,10007499889871,10324630189727
1789045484069281553,10007537951948,10324668150651
1789045485083286753,10007583859752,10324714343895
1789045486096934346,10007623087285,10324753182469
1789045487111563430,10007668512655,10324799030293
1789045488125644410,10007706508910,10324836605798
1789045489139373566,10007983376727,10325128360349
1789045490153285993,10008231533688,10325406590159
1789045491167089585,10008539639283,10325708679966
1789045492180770616,10008866468836,10325938452876
1789045493194489891,10009037203548,10326363252544
1789045494208280026,10009254064479,10326591412399
1789045495222154765,10009654860475,10326819988881
1789045496236040824,10009895633270,10327097756488
1789045497249771096,10010138189342,10327434941220
1789045498263551387,10010444707540,10327564318715
1789045499277264147,10010689493619,10327842155253
1789045500291072140,10010772933943,10328218737128
1789045501304735610,10011159459908,10328350442913
1789045502318419392,10011377967216,10328641634295
1789045503332166005,10011606258238,10328884215922
1789045504346020222,10011864412807,10329166760265
1789045505360541319,10012106890175,10329420009184
1789045506374682338,10012361269545,10329767116097
1789045507388658745,10012550156896,10329955645775
1789045508402462666,10012728090179,10330134308284
1789045509416316829,10012934075637,10330441725876
1789045510430542464,10013283812400,10330667235463
1789045511444362363,10013541852740,10331066726141
1789045512458184556,10013859396395,10331254617333
1789045513471938052,10014087916519,10331565230014
1789045514485700499,10014266882570,10331860222386
1789045515499509324,10014636448245,10332039587299
1789045516513243686,10014802834927,10332374198623
1789045517527044043,10015160581864,10332624975959
1789045518540804211,10015319076429,10332945071638
1789045519554482566,10015646487928,10333219685775
1789045520568239087,10015963973626,10333468854157
1789045521582242329,10016123365708,10333896423078
1789045522595977375,10016529619508,10333984605648
1789045523609921734,10016629408534,10334331392004
1789045524623660783,10016986401707,10334495191983
1789045525639422856,10017214810387,10334722631287
1789045526653414879,10017340773284,10335125363095
1789045527667111059,10017681692598,10335348179340
1789045528680871275,10017910170500,10335663593580
1789045529694585813,10018098948973,10335887688103
1789045530708383306,10018347085633,10336108272564
1789045531722250022,10018654727321,10336393199725
1789045532736030189,10018915450376,10336673650666
1789045533749880196,10019131135101,10336918761802
1789045534763768823,10019290889246,10337051695081
1789045535777633583,10019336373767,10337097127441
1789045536791759361,10019373968199,10337134902497
1789045537805445751,10019411558741,10337172266695
1789045538820016715,10019456614922,10337217279195
1789045539833760940,10019495064262,10337255682936
1789045540847641446,10019541054180,10337301941543
1789045541861998514,10019578951721,10337339511327
1789045542875803494,10019622969562,10337383682209
1789045543889972069,10019660461071,10337420832668
1789045544903674822,10019704670252,10337465007818
1789045545917296705,10019742287610,10337502784073
1789045546930890475,10019786251809,10337546744704
1789045547944774859,10019825299145,10337585562414
1789045548958266248,10019869921827,10337630155074
1789045549972049485,10019906702423,10337666890289
1789045550985692879,10019942235101,10337702369757
1789045551999409650,10019985678590,10337746113378
1789045553013132912,10020023091364,10337783268138
1789045554026987692,10020066540745,10337827017585
1789045555040681492,10020104161798,10337864114929
1789045556054466305,10020148382094,10337908226719
1789045557068536495,10020185147114,10337944904385
1789045558082513036,10020221908833,10337981591801
1789045559096666439,10020265295292,10338024866549
1789045560110615348,10020302088398,10338061949598
1789045561124546552,10020345885375,10338105343339
1789045562138507329,10020382224781,10338141661130
1789045563152425820,10020418208806,10338177976589
1789045564166270520,10020461203953,10338220884099
1789045565180741820,10020497887309,10338257197521
1789045566194628682,10020541264726,10338300532377
1789045567208375092,10020577601115,10338336926237
1789045568222025591,10020613093088,10338372336213
1789045569235681091,10020656038785,10338415249034
1789045570249575827,10020693246685,10338452818493
1789045571263544340,10020736197071,10338495674925
1789045572277677778,10020771693116,10338531203320
1789045573291820298,10020807178100,10338566676631
1789045574305706440,10020850542783,10338609587366
1789045575319322645,10020886904961,10338645898289
1789045576333163120,10020930698365,10338689753638
1789045577346930396,10020966192786,10338725125722
1789045578360816476,10021003120468,10338761860790
1789045579374961409,10021046913434,10338805610888
1789045580388866473,10021083279763,10338841929435
1789045581402977028,10021118601432,10338881289906
1789045582416742338,10021161939642,10338920739956
1789045583430405857,10021197264216,10338955953499
1789045584444136328,10021240598109,10338999122934
1789045585457884692,10021277821060,10339036279863
1789045586471988429,10021314345354,10339072666265
1789045587486202687,10021358929551,10339117170938
1789045588499800861,10021394846497,10339153172358
1789045589513528585,10021438635429,10339196879994
1789045590527143853,10021474578486,10339233117514
1789045591541022189,10021518372949,10339276481260
1789045592554815844,10021553858832,10339312335924
1789045593568514335,10021591021215,10339349203759
1789045594582153770,10021634837591,10339393225408
1789045595596011235,10021672846305,10339430794959
1789045596609847360,10021716631248,10339474804975
1789045597623589251,10021754219613,10339512232732
1789045598637528195,10021799435592,10339557523929
1789045599651508070,10021836424254,10339594255466
1789045600665439772,10021873624406,10339631413384
1789045601679267313,10021916695791,10339674859024
1789045602693295222,10021954565867,10339712309190
1789045603707030277,10021990073359,10339747738942
1789045604720695018,10022023194266,10339780806542
1789045605734433575,10022059273188,10339816987557
1789045606748138960,10022115533226,10339875328326
1789045607761756495,10022178060834,10339938674268
1789045608775471893,10022240585167,10339998293012
1789045609789137110,10022290641397,10340049975667
1789045610802688767,10022365707680,10340123339515
1789045611816392142,10022415760696,10340173350432
1789045612830195102,10022490797919,10340248376273
1789045613843944124,10022540817816,10340298397209
1789045614857421459,10022592962947,10340352580959
1789045615871115820,10022665937673,10340423435811
1789045616884747413,10022720163755,10340479702631
1789045617898569562,10022766021563,10340525548732
1789045618912326108,10022841067494,10340598498521
1789045619926145345,10022892621085,10340655358311
1789045620939893823,10022966184896,10340723540478
1789045621953762022,10023018376103,10340773572387
1789045622968057856,10023091327142,10340848595067
1789045623981960888,10023141360218,10340898618351
1789045624995942300,10023191415797,10340950717941
1789045626010321683,10023266484006,10341023658249
1789045627024359580,10023329071000,10341086263260
1789045628038199301,10023399360969,10341156318209
1789045629051624198,10023446067287,10341203019670
1789045630065306816,10023492842287,10341251665869
1789045631079085063,10023562914406,10341319769703
1789045632092848829,10023633071555,10341389817413
1789045633106947217,10023679849437,10341436523885
1789045634120759934,10023749911335,10341506574481
1789045635134993608,10023798595933,10341553278425
1789045636148940511,10023866737186,10341623328961
1789045637162791596,10023913478369,10341671973671
1789045638176618544,10023983531492,10341740079106
1789045639190562836,10024032192561,10341790668657
1789045640204217673,10024100315930,10341856836458
1789045641217695630,10024170518007,10341926891428
1789045642231411313,10024217257799,10341973588618
1789045643245216121,10024287318431,10342043632000
1789045644259134923,10024334170388,10342090334978
1789045645272991958,10024404257459,10342160390428
1789045646286721926,10024458176193,10342214054229
1789045647300521936,10024496939099,10342249833105
1789045648314322130,10024541780904,10342297524596
1789045649328194192,10024589488216,10342345219272
1789045650342109029,10024637227249,10342392924560
1789045651355935341,10024684988912,10342440620898
1789045652369868690,10024732726194,10342488318711
1789045653383542879,10024773368755,10342530058431
1789045654397588972,10024828181163,10342583711783
1789045655411851326,10024876015665,10342631411287
1789045656425878833,10024911833815,10342668174903
1789045657439765518,10024967844753,10342726300955
1789045658453530504,10025026690266,10342843695093
1789045659467447560,10025284082392,10343111600251
1789045660481197308,10025583029512,10343389567256
1789045661494943598,10025951766376,10343551959746
1789045662508791932,10026161703348,10343886189121
1789045663522415975,10026379107799,10344201966733
1789045664536371859,10026666910790,10344488210315
1789045665550215159,10026901688359,10344868306138
1789045666563927451,10027202579332,10345106629490
1789045667577845919,10027431558261,10345404050771
1789045668591663398,10027689798596,10345723446959
1789045669605589557,10027928051779,10345998680360
1789045670619298919,10028176300636,10346286348049
1789045671633045739,10028528643238,10346486171411
1789045672646745170,10028813039123,10346744310151
1789045673660399666,10029010118609,10347077368872
1789045674674087710,10029315070160,10347300009307
1789045675688065430,10029513833625,10347617318685
1789045676702000284,10029822734984,10347816067207
1789045677716019855,10030062302625,10348101202525
1789045678729817371,10030320304391,10348312446831
1789045679743869214,10030538947469,10348649283646
1789045680757845539,10030797182032,10348947131765
1789045681772147728,10031045431849,10349212150027
1789045682786363903,10031330513044,10349463559348
1789045683800571241,10031502398581,10349790682618
1789045684814407898,10031898711873,10349917770131
1789045685828432139,10032146985277,10350205894322
1789045686842491885,10032351939183,10350555194195
1789045687856485315,10032663264683,10350780628284
1789045688870196366,10032872019767,10351151856138
1789045689883996846,10033140097449,10351489463300
1789045690897978302,10033536735015,10351710793249
1789045691911871843,10033804638002,10351905091316
1789045692926980272,10033956084604,10352153084641
1789045693941616965,10034192076805,10352408295873
1789045694955589068,10034361258525,10352777851836
1789045695969638094,10034836730302,10352790339557
1789045696984136668,10034971939666,10353214930642
1789045697998694720,10035382704275,10353412162419
1789045699012638765,10035561690610,10353770696931
1789045700026702982,10035859355862,10354041597674
1789045701041833784,10036092679764,10354316478779
1789045702056962672,10036351165679,10354544832498
1789045703073812917,10036663147262,10354800820498
1789045704087712327,10036857337230,10355120299014
1789045705101570887,10037189327609,10355370779280
1789045706115250567,10037249140666,10355468325789
1789045707129218537,10037315085529,10355534259969
1789045708143152505,10037388360115,10355607199865
1789045709157352338,10037452197169,10355671112597
1789045710171002348,10037512746397,10355731973618
1789045711184664509,10037582396009,10355801602122
1789045712198391717,10037648262345,10355867540332
1789045713212067259,10037722367492,10355941310391
1789045714225645625,10037787441872,10356006840735
1789045715239696740,10037845537499,10356064861316
1789045716253527924,10037902370956,10356121633295
1789045717267153245,10037959831928,10356179232491
1789045718280740414,10038015361158,10356234323302
1789045719294533274,10038070018181,10356289004458
1789045720308191085,10038126242072,10356345259333
1789045721322016793,10038182277955,10356401378472
1789045722335836804,10038237337863,10356456175143
1789045723349676386,10038290328181,10356509129542
1789045724363366167,10038344552977,10356563551708
1789045725377465924,10038396260923,10356615274785
1789045726391166069,10038449290968,10356667988418
1789045727405065062,10038493167144,10356712127511
1789045728418745618,10038543235673,10356762009376
1789045729432455059,10038593685971,10356812284596
1789045730446218725,10038643309100,10356862313481
1789045731459956038,10038687649978,10356906226851
1789045732473765097,10038739800527,10356958684489
1789045733487430270,10038792411112,10357010867859
1789045734501270219,10038844473079,10357062788799
1789045735515640725,10038898708750,10357116954206
1789045736530049307,10038953788778,10357171868867
1789045737544062882,10039003886071,10357224528362
1789045738557944342,10039051304944,10357269342697
1789045739571988029,10039102850907,10357320545983
1789045740586175527,10039153735107,10357371367747
1789045741600158936,10039203428178,10357421251013
1789045742614099481,10039247724065,10357465480977
1789045743628390600,10039298319542,10357515923904
1789045744642393029,10039347891362,10357565103976
1789045745656156471,10039389729397,10357606858184
1789045746670145708,10039439001193,10357656048502
1789045747684161550,10039488621887,10357705932448
1789045748697901570,10039539951920,10357756943373
1789045749711607336,10039583460460,10357800785169
1789045750725475075,10039635097764,10357852054769
1789045751739381969,10039684811559,10357901728183
1789045752753179042,10039736068161,10357952977049
1789045753766748486,10039789683812,10358006725689
1789045754780463203,10039834166987,10358051014666
1789045755794358028,10039885883616,10358102681393
1789045756808087608,10039938903867,10358155684849
1789045757821487478,10040049535647,10358202159519
1789045758835260374,10040322770174,10358491404707
1789045759848766768,10040571075493,10358821200547
1789045760862459125,10040765139215,10359184182847
1789045761876106561,10040978722217,10359521586126
1789045762889845137,10041296201246,10359749866103
1789045763903659384,10041700765425,10359830088593
1789045764917435829,10041911243880,10360152568602
1789045765931227443,10042221753041,10360385770300
1789045766945146987,10042427610969,10360779791612
1789045767958784440,10042613511741,10361079960412
1789045768972411886,10043013213544,10361265258696
1789045769986087436,10043223213990,10361596388640
1789045770999681536,10043450410301,10361840175488
1789045772013601221,10043698851541,10362140961978
1789045773027576842,10044034580118,10362341073919
1789045774041449308,10044248871697,10362559406093
1789045775054775857,10044418700224,10362965740768
1789045776068565972,10044642321421,10363264690931
1789045777082209582,10044960852989,10363402865726
1789045778095960109,10045202778887,10363720266319
1789045779109897809,10045534124306,10363958714939
1789045780124015522,10045773818326,10364269232367
1789045781138609134,10046051477940,10364514597744
1789045782152155946,10046348814716,10364762760549
1789045783169270566,10046500235933,10365188908651
1789045784185588001,10046826382229,10365506468245
1789045785200285659,10047081250041,10365754652349
1789045786214405606,10047319669558,10366012628724
1789045787228693001,10047630246589,10366221953709
1789045788243538759,10047888474797,10366514050718
1789045789258946858,10048146562962,10366792484950
1789045790273032282,10048355163500,10367104283604
1789045791286942143,10048581054492,10367392085452
1789045792301133362,10048950668877,10367598089242
1789045793316271059,10049208909867,10367886345021
1789045794330145107,10049407523068,10368134847008
1789045795344975928,10049657914588,10368424509572
1789045796358668369,10049844593373,10368672504394
1789045797372520623,10050043399351,10368953670713
1789045798386433903,10050410267601,10369129418785
1789045799400310891,10050581695860,10369387254328
1789045800414486190,10050668925372,10369654907485
1789045801428349692,10050986340614,10369857536242
1789045802441982176,10051175377850,10370264325557
1789045803455888412,10051383907716,10370511280266
1789045804469630461,10051618293308,10370663810786
1789045805483427838,10051668297726,10370713420696
1789045806497080258,10051710074168,10370755177261
1789045807510970898,10051759334301,10370804359851
1789045808524871371,10051808567229,10370853552466
1789045809538452227,10051851220971,10370896570607
1789045810551975010,10051902899083,10370947844421
1789045811565764704,10051952891370,10370997872996
1789045812579666836,10051994782746,10371040043899
1789045813594043696,10052044051161,10371089222133
1789045814607925746,10052094051039,10371139035633
1789045815621699232,10052144932018,10371190111700
1789045816635471425,10052189211009,10371233962451
1789045817649282722,10052238893709,10371283566397
1789045818662927543,10052288650957,10371333590402
1789045819676542930,10052340258912,10371384877531
1789045820690311671,10052383284381,10371427882693
1789045821704127897,10052432488781,10371477178045
1789045822718041788,10052481756153,10371526263219
1789045823732196470,10052523144903,10371567592700
1789045824746329767,10052572761476,10371617201741
1789045825760054896,10052621976809,10371666396871
1789045826773862025,10052662114545,10371706901326
1789045827787534508,10052711346793,10371755672814
1789045828801828999,10052759778122,10371804442573
1789045829815627806,10052801520660,10371845782273
1789045830829327196,10052849117514,10371893717454
1789045831842995707,10052895283391,10371942618962
1789045832856731143,10052938826159,10371983393077
1789045833870432866,10052987644574,10372031835816
1789045834884068080,10053029422010,10372073731310
1789045835897761055,10053076530074,10372120618258
1789045836911573221,10053124060856,10372168556214
1789045837925499477,10053165894103,10372209890628
1789045838939244254,10053213872788,10372257879695
1789045839952945288,10053262239464,10372306182473
1789045840966644237,10053301507972,10372345843380
1789045841980300014,10053345719757,10372389657191
1789045842994132961,10053382527876,10372426669869
1789045844008052440,10053430468345,10372474247725
1789045845021999887,10053471826186,10372515620107
1789045846036125281,10053521060659,10372565190609
1789045847050117863,10053569807433,10372613550264
1789045848065421152,10053610389843,10372654054638
1789045849079541919,10053657522646,10372701148441
1789045850093527343,10053696364218,10372740384631
1789045851107381912,10053742630729,10372786221365
1789045852121356011,10053780784606,10372824628601
1789045853135087195,10053826968096,10372870889575
1789045854148941133,10053866678334,10372910133738
1789045855162538350,10053912316373,10372955974593
1789045856176190735,10053950948331,10372994415224
1789045857190101242,10053996406296,10373040215870
1789045858204012009,10054034863553,10373078622776
1789045859218972864,10054080327281,10373123617887
1789045860232691841,10054119169721,10373162439609
1789045861246401268,10054165441425,10373208703348
1789045862260099370,10054204700272,10373247946798
1789045863274004814,10054250187956,10373293785427
1789045864287694541,10054288697269,10373335004042
1789045865301547611,10054335411856,10373378863254
1789045866315607794,10054380808043,10373424284951
1789045867329807803,10054517581987,10373525886673
1789045868343567285,10054736160442,10373830529079
1789045869357246031,10055063534116,10374069158988
1789045870371005428,10055341433371,10374353324529
1789045871384615619,10055655029113,10374613011711
1789045872398379917,10055729059804,10374999379511
1789045873412279822,10056056489160,10375247763599
1789045874426101143,10056314547644,10375554974871
1789045875439812378,10056661619686,10375803593485
1789045876453655293,10056911077657,10376180294809
1789045877467680743,10057216785366,10376428558254
1789045878481500658,10057525039768,10376697349416
1789045879496229640,10057730920506,10377053484866
1789045880511525998,10058031344299,10377252843215
1789045881526675525,10058124172215,10377638704253
1789045882541781037,10058495739941,10377788121533
1789045883556784129,10058696897375,10378127113525
1789045884572400959,10059044962965,10378235077040
1789045885587132608,10059173657109,10378658063645
1789045886600875471,10059431656175,10378840253397
1789045887614698753,10059648465868,10379127947188
1789045888628449414,10059867756169,10379395825831
1789045889642233359,10060097034070,10379634020616
1789045890656104541,10060375013394,10379942267262
1789045891669924117,10060623233447,10380265307818
1789045892683807422,10060851627292,10380417982501
1789045893697677268,10061040495585,10380842875039
1789045894711383081,10061436838412,10380884747383
1789045895725192029,10061546656140,10381316526776
1789045896740355998,10061873954262,10381552782051
1789045897755370058,10062043075859,10381850312817
1789045898769727496,10062396974590,10381916820060
1789045899783925985,10062499654246,10382204219584
1789045900799424339,10062737816883,10382398980436
1789045901814119841,10062946262022,10382591521528
1789045902827981783,10063103899801,10382849486974
1789045903841757377,10063333830677,10383080820864
1789045904856343053,10063598809459,10383375728595
1789045905872469790,10063860042130,10383615356750
1789045906887350574,10064114084444,10383822522223
1789045907905196122,10064381044118,10384041040927
1789045908919342393,10064525343608,10384326255022
1789045909934360013,10064748974851,10384487634734
1789045910949018368,10065001666400,10384696237699
1789045911962745140,10065170757179,10385024738166
1789045912977172019,10065467703985,10385172710224
1789045913991327825,10065716422784,10385391196078
1789045915005020728,10065869300434,10385653183158
1789045916019766971,10065907314050,10385690752988
1789045917033676352,10065951912376,10385735437892
1789045918047535403,10065990336460,10385773743369
1789045919061400781,10066035839262,10385819398990
1789045920075250212,10066075137999,10385858419323
1789045921089072305,10066120567960,10385903841843
1789045922102877491,10066159943801,10385943512273
1789045923116728185,10066206949624,10385990197415
1789045924130867916,10066247354366,10386030695385
1789045925144784375,10066293401189,10386076672822
1789045926158513377,10066332253304,10386115391874
1789045927172298614,10066378521143,10386161610448
1789045928185980205,10066425315347,10386208711990
1789045929199690268,10066465381702,10386248379350
1789045930213327852,10066512105602,10386295051407
1789045931226991330,10066551205246,10386334294084
1789045932240666161,10066596875130,10386380146157
1789045933254273569,10066635909778,10386418970606
1789045934268130873,10066682441607,10386465232929
1789045935281947559,10066721319948,10386504250017
1789045936295847944,10066766367524,10386549476209
1789045937309577325,10066804770687,10386587470258
1789045938323522198,10066849796006,10386632514961
1789045939337396793,10066887447887,10386670049834
1789045940351341581,10066931693619,10386714637514
1789045941365465182,10066969669558,10386752452704
1789045942379160863,10067014270061,10386796795797
1789045943392834144,10067051616651,10386834380456
1789045944406742755,10067096953883,10386879427117
1789045945420404728,10067134581889,10386917030754
1789045946434300937,10067171774945,10386954646679
1789045947448085049,10067216804359,10386999553208
1789045948462083846,10067254473912,10387037306581
1789045949475640894,10067298666130,10387081306170
1789045950489530026,10067336306296,10387118719335
1789045951503351290,10067380930590,10387163774190
1789045952517787126,10067419795126,10387202229157
1789045953531448033,10067465278661,10387247695419
1789045954545177863,10067503757082,10387286486894
1789045955558748620,10067549237374,10387331611559
1789045956572663177,10067588293002,10387370895103
1789045957586891722,10067634392633,10387416778573
1789045958600979376,10067673710369,10387456071264
1789045959614900123,10067718034719,10387500697001
1789045960628814405,10067757239053,10387539564542
1789045961642490834,10067803107393,10387585740834
1789045962656172315,10067841591160,10387624313397
1789045963670276078,10067886833741,10387669367944
1789045964683983525,10067924747096,10387707397272
1789045965697644113,10067969736581,10387752028274
1789045966711446849,10068008187292,10387790479558
1789045967725399765,10068054062367,10387836365479
1789045968739211374,10068093368853,10387875652946
1789045969753019654,10068138011485,10387920287786
1789045970766713114,10068176485945,10387959013199
1789045971780750386,10068221510946,10388003775662
1789045972794363611,10068259547854,10388041821381
1789045973808012852,10068304200878,10388086457765
1789045974821892575,10068342540012,10388124905305
1789045975835680303,10068388979110,10388171208069
1789045976849503337,10068427840269,10388210081571
1789045977863088760,10068473284661,10388255541815
1789045978876628904,10068511763549,10388294001230
1789045979890237896,10068555772272,10388338194151
1789045980903997483,10068597957494,10388380450821
1789045981918308390,10068613248420,10388395439349
