timestamp_ns,rx_bytes,tx_bytes
1789039572969109967,9266146916575,9551439719596
1789039573979799017,9266146920788,9551439721351
1789039574993061947,9266146924399,9551439722929
1789039576006500013,9266146990859,9551439726386
1789039577019526752,9266147025510,9551439728871
1789039578033509068,9266147029473,9551439730644
1789039579047217318,9266147033346,9551439732912
1789039580060974980,9266147037464,9551439734937
1789039581074597100,9266147103721,9551439737831
1789039582088266372,9266147138942,9551439741011
1789039583101510054,9266147142702,9551439742738
1789039584115113109,9266147175354,9551439752223
1789039585129438654,9266147190168,9551439755746
1789039586143597235,9266147261548,9551439759010
1789039587157401372,9266206690922,9551498682772
1789039588170752574,9266265666310,9551557585051
1789039589184444252,9266324771493,9551616495552
1789039590198205910,9266383744338,9551675414602
1789039591211917020,9266440835160,9551732641415
1789039592225178779,9266493610035,9551789281314
1789039593238992199,9266546348293,9551838102080
1789039594252803085,9266601295413,9551895235857
1789039595266442247,9266651830519,9551945774694
1789039596280173708,9266730989019,9552022656956
1789039597293962029,9266783759546,9552075392133
1789039598307870712,9266836495233,9552128118699
1789039599321670272,9266893633316,9552187442710
1789039600335418939,9266968334584,9552259950879
1789039601349226079,9267021124927,9552312694443
1789039602363248253,9267073891341,9552367618138
1789039603377085011,9267133041044,9552418169263
1789039604391005650,9267205732726,9552497242877
1789039605404710204,9267258474179,9552552167116
1789039606418322343,9267315666362,9552608939533
1789039607432037360,9267390402703,9552681809527
1789039608445826548,9267443139770,9552734533086
1789039609459541872,9267495875517,9552787265531
1789039610473263720,9267550881450,9552839991729
1789039611487142753,9267605890482,9552898942940
1789039612500967676,9267660838307,9552945442587
1789039613514795243,9267728160343,9553014973155
1789039614528626620,9267777003120,9553067692954
1789039615542369658,9267832242118,9553120427070
1789039616556614887,9267909247373,9553199515997
1789039617570421630,9267962033327,9553252240841
1789039618584732246,9268014770704,9553304959253
1789039619598407515,9268067692027,9553357684458
1789039620612103489,9268129515498,9553423580747
1789039621626461532,9268199570899,9553489491426
1789039622640348958,9268253376975,9553542247468
1789039623654009697,9268306107411,9553594964881
1789039624667815072,9268358839395,9553649881699
1789039625681674565,9268438440521,9553726782080
1789039626695419438,9268491265759,9553779515162
1789039627709401145,9268546200041,9553836632488
1789039628723709530,9268623372471,9553911333403
1789039629737708291,9268676187916,9553964052041
1789039630752179785,9268729052047,9554016774440
1789039631765837046,9268808232508,9554095863265
1789039632779962788,9268860961159,9554148587981
1789039633793896636,9268913704804,9554201311589
1789039634807584403,9268971352550,9554258061859
1789039635821428977,9269013841975,9554301070419
1789039636835191175,9269056961850,9554344083820
1789039637848981763,9269090451046,9554376346713
1789039638862747674,9269132597830,9554419368946
1789039639877000708,9269175629331,9554462410651
1789039640891020238,9269218660826,9554505436985
1789039641905035833,9269261783558,9554548467098
1789039642919092886,9269304815468,9554591500154
1789039643932920408,9269347848432,9554634535536
1789039644946531303,9269384433089,9554674092669
1789039645960203701,9269433910968,9554720588002
1789039646974058012,9269466277448,9554752873225
1789039647987751933,9269529273696,9554815960965
1789039649002495012,9269603438184,9554890118805
1789039650016577307,9269671124735,9554958065886
1789039651030647498,9269743935410,9555030584207
1789039652044361541,9269806294441,9555092775130
1789039653058106618,9269871863022,9555158636527
1789039654071866478,9270145746287,9555475229190
1789039655085535592,9270437346168,9555758123049
1789039656099389497,9270784161615,9555990014166
1789039657113175829,9270882425378,9556407386047
1789039658126729193,9271149417348,9556744388845
1789039659140737757,9271437129079,9557060658283
1789039660154220032,9271766094992,9557351302777
1789039661167837177,9272107234780,9557629218603
1789039662181513043,9272424126764,9557837728431
1789039663195262731,9272622611375,9558046279354
1789039664209518216,9272874467961,9558369587957
1789039665223260620,9273203998037,9558659666674
1789039666237022875,9273486972184,9558979822331
1789039667250616391,9273751598995,9559317254423
1789039668264235575,9274066892801,9559609891550
1789039669278019893,9274365830805,9559921042766
1789039670291630656,9274654143933,9560244044536
1789039671305368743,9274957254581,9560548237329
1789039672318872780,9275205408031,9560857506935
1789039673332376963,9275526213213,9561154759035
1789039674346339832,9275830855211,9561459229433
1789039675360090178,9276087262687,9561810250770
1789039676373848885,9276515387759,9561995799819
1789039677387520692,9276823135314,9562278696933
1789039678401259018,9277101300747,9562605045166
1789039679414833316,9277348847777,9562946748111
1789039680428391761,9277665050626,9563213807782
1789039681442027528,9277945037222,9563532447671
1789039682455760312,9278266409936,9563833275891
1789039683469691978,9278527543177,9564071410463
1789039684483502834,9278730835001,9564465552079
1789039685497426617,9279067017598,9564746342588
1789039686511125003,9279376416699,9564958597473
1789039687525106349,9279599082631,9565331635723
1789039688539576218,9279891375155,9565630632221
1789039689553762747,9280099883429,9565930699912
1789039690568290685,9280427310365,9566223457269
1789039691582625725,9280712779033,9566550455370
1789039692597168340,9280973092952,9566898914962
1789039693611080455,9281257418691,9567218799186
1789039694625417064,9281581316067,9567505412003
1789039695639699167,9281932575283,9567764321002
1789039696654205844,9282114781226,9568164924308
1789039697668446013,9282520314396,9568402068143
1789039698682806957,9282644559730,9568510331913
1789039699697329756,9282720374871,9568585958748
1789039700711207673,9282787539039,9568653512250
1789039701725764104,9282860483366,9568726023190
1789039702739668342,9282928542169,9568794036761
1789039703753801710,9283004359557,9568869858622
1789039704767819303,9283088574858,9568954105599
1789039705781805213,9283161900540,9569027465896
1789039706795464279,9283227405881,9569092909049
1789039707809075183,9283289238163,9569155057748
1789039708822907037,9283359301470,9569225041905
1789039709836482493,9283422370551,9569288025038
1789039710850241470,9283484801720,9569350164363
1789039711864050820,9283554961708,9569420579053
1789039712878054684,9283616896004,9569482310056
1789039713891712820,9283679992603,9569545283791
1789039714905500860,9283751749211,9569617051528
1789039715919247165,9283813895439,9569679511336
1789039716932744955,9283873950286,9569739177793
1789039717946249599,9283932403443,9569797527305
1789039718960011676,9283988280679,9569853433545
1789039719973859739,9284043767318,9569909009474
1789039720987636738,9284098399571,9569963604329
1789039722001565957,9284153481363,9570018684802
1789039723015824327,9284206953669,9570072282440
1789039724029786050,9284263012653,9570128411028
1789039725043574142,9284320792250,9570186013517
1789039726057571053,9284375848780,9570241068437
1789039727071166493,9284433435981,9570298619886
1789039728084688864,9284491973801,9570357424285
1789039729098448408,9284551572697,9570416672378
1789039730112300747,9284617585074,9570482484954
1789039731126089789,9284678058565,9570543029659
1789039732140060944,9284735689525,9570600940451
1789039733153994173,9284789657688,9570654728145
1789039734167769608,9284845109910,9570709770321
1789039735181518160,9284899595606,9570764398079
1789039736195249608,9284952109033,9570816932074
1789039737209056131,9284996383912,9570860856447
1789039738222746535,9285047110740,9570911464847
1789039739237006446,9285097979988,9570962291397
1789039740251157680,9285148859137,9571012950073
1789039741265494663,9285191883470,9571056027110
1789039742279525155,9285242791138,9571106824262
1789039743293299403,9285292486958,9571156432154
1789039744307206783,9285334679403,9571198613094
1789039745320879401,9285385975213,9571249898338
1789039746335184411,9285636002946,9571540512564
1789039747349227278,9285935726460,9571852063000
1789039748362929926,9286209019436,9572152010167
1789039749376847929,9286442669658,9572515732149
1789039750391367755,9286752883127,9572821457815
1789039751405605167,9286984305633,9573187919609
1789039752420003107,9287346868828,9573456107281
1789039753433733983,9287643014598,9573724140307
1789039754447609173,9287950422815,9574012662553
1789039755461575045,9288231770452,9574341765325
1789039756475537664,9288396123594,9574673480285
1789039757490567999,9288679781081,9574999669022
1789039758506364786,9288940991859,9575349933318
1789039759521393774,9289288193223,9575619891593
1789039760535178030,9289614067002,9575884832054
1789039761548981081,9289880639535,9576189195502
1789039762566743239,9290163154192,9576513343039
1789039763581087669,9290474286376,9576817004376
1789039764595636771,9290743060952,9577154395145
1789039765609883670,9291005212834,9577495338341
1789039766623742418,9291338759006,9577784719942
1789039767637558467,9291633244129,9578032138557
1789039768651834076,9291837888411,9578389372700
1789039769666414325,9292182423574,9578657796157
1789039770680875993,9292464423675,9578935594198
1789039771694634546,9292807796946,9579203334108
1789039772708979819,9292968980885,9579625199013
1789039773723226268,9293285936566,9579927633206
1789039774737334463,9293608097264,9580099960517
1789039775751562384,9293768977635,9580524585523
1789039776766115985,9294112179226,9580802350176
1789039777780313432,9294416788165,9581110528004
1789039778794471910,9294726169744,9581408237107
1789039779808225023,9294976867054,9581729515240
1789039780821885456,9295223276445,9582026375634
1789039781836099127,9295565578178,9582310744859
1789039782849818681,9295774796545,9582708211531
1789039783863917064,9296146462076,9582956352776
1789039784877798237,9296511169531,9583220197443
1789039785891548915,9296699083936,9583573392373
1789039786905496575,9296977422398,9583859670961
1789039787918618882,9297221369543,9584212039585
1789039788932324868,9297391418647,9584250904671
1789039789946168801,9297442810676,9584302646894
1789039790959981175,9297486273720,9584345738313
1789039791973702589,9297536746726,9584396608274
1789039792987525606,9297586437353,9584445817817
1789039794001481775,9297628682114,9584488194657
1789039795015248761,9297678261338,9584537602538
1789039796029043647,9297727046846,9584586467434
1789039797042727628,9297778509594,9584637666346
1789039798055210633,9297820415561,9584679436426
1789039799068982026,9297868805406,9584728217594
1789039800082668684,9297918442062,9584777414514
1789039801096246581,9297960219193,9584819178476
1789039802110088061,9298008582774,9584867537625
1789039803124313417,9298057676222,9584916739266
1789039804138479406,9298098819018,9584957940918
1789039805152058502,9298145513662,9585004385269
1789039806165784142,9298184777254,9585043602439
1789039807179540825,9298231447657,9585090288043
1789039808193488023,9298272463165,9585131284279
1789039809207725605,9298319599937,9585178311919
1789039810221337211,9298366236685,9585225000427
1789039811235087086,9298406418644,9585265502871
1789039812248857060,9298453487871,9585312189496
1789039813262459790,9298494068694,9585352699135
1789039814276297451,9298542165839,9585401069637
1789039815290075176,9298589144199,9585447751956
1789039816304130535,9298629234563,9585487829753
1789039817317918933,9298677182944,9585535786259
1789039818331981636,9298717012120,9585575904551
1789039819345614609,9298763251897,9585621760484
1789039820359257817,9298801741558,9585660589119
1789039821372861294,9298847520320,9585706013111
1789039822386765864,9298885976444,9585744842891
1789039823400703369,9298931856008,9585790303137
1789039824414386386,9298971144113,9585829515357
1789039825428037051,9299016110315,9585874524709
1789039826441839543,9299053803778,9585912516780
1789039827455651361,9299100024767,9585958366219
1789039828469584140,9299137705474,9585996361310
1789039829483131524,9299184095105,9586042207594
1789039830496958212,9299222095892,9586080401849
1789039831510481518,9299267935611,9586126107236
1789039832524257054,9299305933531,9586164035197
1789039833537873041,9299351008169,9586209048532
1789039834551648857,9299389412036,9586247457602
1789039835565421553,9299434897198,9586292888204
1789039836579045573,9299472496669,9586330564855
1789039837592835696,9299517094311,9586375107542
1789039838606697251,9299555595124,9586413608733
1789039839620540756,9299601071476,9586458995998
1789039840634350026,9299639084476,9586497112771
1789039841648057720,9299684105669,9586542048718
1789039842662029367,9299722703059,9586580901391
1789039843676033898,9299768466309,9586626354664
1789039844689770967,9299806932214,9586665119071
1789039845703337405,9299852370689,9586710231949
1789039846717194055,9299890805811,9586748661519
1789039847730960536,9299936266993,9586794509428
1789039848745087592,9299974302731,9586832085991
1789039849759103665,9300020189856,9586877938916
1789039850772929167,9300059457297,9586917191660
1789039851786516694,9300104896730,9586962764506
1789039852800228550,9300142894482,9587000611693
1789039853814164484,9300395392925,9587260797361
1789039854827944699,9300677972837,9587590367889
1789039855841695112,9300989643395,9587893172460
1789039856855556125,9301244998722,9588235356009
1789039857869974920,9301516041521,9588572620660
1789039858883825033,9301864520383,9588849594558
1789039859897810322,9302152724922,9589089263323
1789039860911727586,9302470866044,9589380833407
1789039861925607689,9302709356570,9589698062780
1789039862939584025,9303035863579,9589935723960
1789039863953685620,9303272929999,9590280738325
1789039864968055839,9303572780290,9590578003845
1789039865982105058,9303847517458,9590844436209
1789039866996294401,9304050674271,9591193974880
1789039868010173917,9304289438810,9591498601791
1789039869024097978,9304692158808,9591732686169
1789039870037776510,9304977655368,9592003247923
1789039871051687179,9305232289238,9592264091804
1789039872065573889,9305495940762,9592516791833
1789039873079338209,9305764154820,9592849261285
1789039874094672551,9306057094265,9593146759905
1789039875108510750,9306317638627,9593454339690
1789039876122477780,9306651648824,9593742392080
1789039877136298459,9306837651153,9594037359257
1789039878150605595,9307190520699,9594308139474
1789039879164542044,9307399286405,9594691063772
1789039880179556800,9307807701955,9594817611783
1789039881193624961,9308017441445,9595172394883
1789039882207736308,9308117837986,9595529562483
1789039883222647057,9308475033825,9595755780939
1789039884237257839,9308789013958,9596045753266
1789039885251004556,9309077240884,9596373949530
1789039886265409482,9309349748402,9596641474173
1789039887279307382,9309604802801,9596991302594
1789039888293207669,9309903991625,9597306876169
1789039889307102152,9310204197963,9597624485283
1789039890320789149,9310549216732,9597879724758
1789039891334424112,9310811962236,9598185188768
1789039892349261343,9311189550554,9598439290387
1789039893363156210,9311432330673,9598788228990
1789039894377720455,9311765010760,9599078093238
1789039895392082398,9311963025510,9599474396993
1789039896406058352,9312146430505,9599518503126
1789039897420011237,9312184859685,9599556921561
1789039898434174419,9312230536854,9599602769948
1789039899448891963,9312268786357,9599640778150
1789039900462573964,9312314823831,9599687043470
1789039901476246119,9312352680596,9599724707300
1789039902490215988,9312398112760,9599770052012
1789039903503868843,9312436122094,9599808047561
1789039904517759845,9312480815065,9599853899888
1789039905531610966,9312519693097,9599891895467
1789039906545721975,9312565933660,9599937743020
1789039907559646899,9312603814354,9599975745912
1789039908573254677,9312649792248,9600021589433
1789039909586952420,9312687864504,9600059651858
1789039910600909851,9312733751348,9600105424227
1789039911614741187,9312770917442,9600142589416
1789039912629219639,9312808093903,9600179754132
1789039913642911343,9312853198991,9600225187126
1789039914657212306,9312891611772,9600263325262
1789039915670843767,9312938339853,9600309886390
1789039916684600546,9312985448215,9600356991896
1789039917698599130,9313024505648,9600396239896
1789039918712113528,9313070994971,9600442499763
1789039919726286320,9313109526405,9600481330899
1789039920740376105,9313155858306,9600527176782
1789039921754119491,9313193550002,9600565175100
1789039922767841312,9313238033070,9600609383413
1789039923781658070,9313275195566,9600646542210
1789039924795437404,9313312830584,9600684077977
1789039925809089752,9313357451803,9600728670758
1789039926822982897,9313395246754,9600766669342
1789039927836961828,9313440467138,9600812098486
1789039928850968512,9313479306730,9600850511960
1789039929864733621,9313523539045,9600894724853
1789039930878582016,9313561990625,9600933101799
1789039931892285247,9313607427080,9600978563587
1789039932906156224,9313645008988,9601016524650
1789039933919952810,9313689599734,9601060686321
1789039934934098692,9313727784616,9601098679080
1789039935947974113,9313771182830,9601142013187
1789039936961839654,9313808476780,9601179593114
1789039937975508937,9313854475337,9601225019604
1789039938989295817,9313893311942,9601264048497
1789039940003013332,9313938395236,9601308853873
1789039941016821906,9313976009456,9601346426906
1789039942030837064,9314021025027,9601391437170
1789039943044616756,9314059026348,9601429426562
1789039944058443311,9314104876439,9601475271601
1789039945072311474,9314143365539,9601513715907
1789039946086233535,9314189246858,9601559528132
1789039947100058934,9314228099442,9601598368113
1789039948114001267,9314274919506,9601645468929
1789039949127703466,9314313637346,9601683880590
1789039950141474158,9314358713439,9601729062440
1789039951155129083,9314396288647,9601766481858
1789039952169033426,9314440281896,9601810424986
1789039953182883233,9314475758227,9601845860120
1789039954196559214,9314511217073,9601881298951
1789039955210081485,9314546926712,9601916732589
1789039956224113125,9314617560451,9601987909175
1789039957238389597,9314667882909,9602037935278
1789039958251969554,9314718577902,9602090058048
1789039959265820680,9314793621491,9602163023405
1789039960279647508,9314843718155,9602213044837
1789039961293439460,9314893781947,9602263069984
1789039962307124251,9314968828701,9602338099767
1789039963320924568,9315018865068,9602388123977
1789039964334664317,9315070992023,9602442314566
1789039965348418278,9315144011112,9602513175188
1789039966362188708,9315194082321,9602565281109
1789039967376498874,9315269123516,9602638229902
1789039968390495959,9315321677946,9602688261389
1789039969404407523,9315394665819,9602763283477
1789039970417983504,9315444814583,9602813307993
1789039971431915639,9315520034728,9602888339012
1789039972445861257,9315570080549,9602940441465
1789039973459563449,9315645129260,9603013389936
1789039974473316783,9315695165345,9603063414916
1789039975487019512,9315747679982,9603119684567
1789039976501399197,9315831024297,9603196675705
1789039977515416098,9315879593880,9603247750783
1789039978529086277,9315926476218,9603294455524
1789039979543523051,9315996564372,9603364516468
1789039980557242936,9316043346788,9603411227309
1789039981573332098,9316098062095,9603469616715
1789039982587643877,9316160160838,9603529935280
1789039983601637946,9316230237554,9603598039119
1789039984615535638,9316276965326,9603646685643
1789039985629365988,9316347325317,9603714798945
1789039986643114467,9316400368210,9603772215122
1789039987656790588,9316463584207,9603828167989
1789039988670836715,9316511148062,9603880207769
1789039989684653406,9316581217853,9603948319635
1789039990698239172,9316631886465,9603995033803
1789039991712114767,9316698098981,9604065082175
1789039992725884108,9316768175797,9604135134525
1789039993739623024,9316814891425,9604181837419
1789039994753600642,9316884952135,9604251886141
1789039995766872450,9316938186865,9604305053290
1789039996780628261,9316985933629,9604352745196
1789039997794469606,9317025982499,9604395322764
1789039998808721046,9317069428619,9604436217198
1789039999822466062,9317117279589,9604484904197
1789040000836218639,9317166080908,9604531614524
1789040001849746347,9317212831493,9604579315426
1789040002863779892,9317260540148,9604627016061
1789040003878027920,9317308250750,9604674714274
1789040004892007155,9317355968112,9604722415267
1789040005905744229,9317403737796,9604770116759
1789040006919519121,9317439607936,9604806889844
1789040007933465444,9317487315099,9604853589740
1789040008947207534,9317549600796,9604916159924
1789040009960890630,9317612571533,9604978896209
1789040010974621040,9317684289782,9605050484156
1789040011988406980,9317748109875,9605114279484
1789040013002296066,9317809854396,9605176371118
1789040014016192731,9317858521250,9605464268041
1789040015029909611,9318265723457,9605700209784
1789040016043787671,9318530819363,9606038702471
1789040017057656062,9318821285601,9606336612504
1789040018071540404,9319121111952,9606602270644
1789040019085267993,9319448919403,9606789907979
1789040020099062295,9319706238756,9607074313828
1789040021112915920,9319848634057,9607418642348
1789040022126742992,9320206345335,9607686739537
1789040023140729657,9320433813788,9607937014735
1789040024154505578,9320697277093,9608211884993
1789040025169167539,9320978002979,9608531449012
1789040026182771523,9321186886366,9608912982982
1789040027196509336,9321513904852,9609208924539
1789040028210301468,9321771133023,9609561683798
1789040029224013841,9322074893512,9609869565467
1789040030237900214,9322402471584,9610138000667
1789040031251769718,9322716140736,9610426428314
1789040032265531578,9323020352335,9610705949272
1789040033279324639,9323252237713,9611070627055
1789040034293059462,9323491593487,9611432100557
1789040035306697768,9323912167691,9611573269788
1789040036320426577,9324127745257,9611954469339
1789040037334097323,9324351525270,9612322333686
1789040038347931132,9324675539423,9612610174718
1789040039361927873,9324921336108,9612877874932
1789040040375756678,9325173452025,9613151854509
1789040041389566569,9325395622019,9613463583236
1789040042403383599,9325795151248,9613696316335
1789040043417221320,9326053917578,9614025939342
1789040044430968728,9326455097374,9614244696414
1789040045444981740,9326600040332,9614656171724
1789040046458880952,9326860050957,9614988671405
1789040047472573398,9327227053844,9615226518834
1789040048486874654,9327474978971,9615510272897
1789040049501572697,9327772444731,9615772114556
1789040050515321246,9328038871442,9616046294851
1789040051529227991,9328321560848,9616367640261
1789040052543351657,9328593520743,9616690096705
1789040053557460055,9328819719041,9617017082189
1789040054571943723,9329123014071,9617329545823
1789040055585961374,9329446336681,9617590453027
1789040056600064764,9329749554546,9617826302231
1789040057614340839,9329822233516,9618012712527
1789040058628055651,9329884742433,9618074958809
1789040059641807658,9329953836888,9618146000213
1789040060655562220,9330020303750,9618210360101
1789040061670266428,9330085852574,9618275850643
1789040062684136132,9330155504048,9618345435242
1789040063697833225,9330218855111,9618409037353
1789040064711662680,9330292783756,9618483003676
1789040065725752782,9330357256554,9618547336640
1789040066740187552,9330419977625,9618610119789
1789040067754346989,9330489553931,9618679394223
1789040068767921094,9330552145431,9618742372187
1789040069783204056,9330616763278,9618807028253
1789040070797309310,9330691808259,9618881928878
1789040071811047238,9330755027837,9618945036105
1789040072825304690,9330823380670,9619013015582
1789040073839732426,9330884313276,9619074088368
1789040074853467636,9330944004792,9619133902210
1789040075867375738,9331002694984,9619192396268
1789040076881471174,9331060736967,9619250440638
1789040077895306344,9331117628841,9619307394368
1789040078909038794,9331175464393,9619364982699
1789040079922766855,9331233423126,9619422941966
1789040080936765706,9331288536176,9619478164001
1789040081950288911,9331344856101,9619534251151
1789040082964018194,9331401153672,9619590557371
1789040083980344849,9331457038925,9619646437456
1789040084994494483,9331512095423,9619701523694
1789040086008477346,9331566733236,9619756124282
1789040087022259846,9331621030439,9619810751185
1789040088035999926,9331677339731,9619867054351
1789040089049815135,9331733207684,9619922550721
1789040090064685512,9331787836028,9619977556110
1789040091079489511,9331842923691,9620032187038
1789040092093410213,9331897626316,9620087153976
1789040093106954778,9331950200634,9620139774469
1789040094120652105,9332004874673,9620193986358
1789040095134380385,9332059011168,9620248196250
1789040096148167613,9332113254560,9620302407966
1789040097161884162,9332166695927,9620355778514
1789040098175659144,9332221752920,9620410821626
1789040099189895882,9332276746532,9620465865152
1789040100203691836,9332322819421,9620512226497
1789040101217525284,9332376683463,9620566022744
1789040102231121109,9332431271017,9620620233812
1789040103244957610,9332483813233,9620673187460
1789040104258720310,9332534260485,9620723211523
1789040105272455644,9332583224942,9620790146379
1789040106285476620,9332880468722,9621125094553
1789040107299736277,9333179457743,9621430403283
1789040108313997251,9333449285987,9621760219807
1789040109328127014,9333648569497,9622110280413
1789040110342391600,9333973527797,9622418072692
1789040111356865261,9334306470011,9622694135556
1789040112370887385,9334620015071,9622962237922
1789040113384890007,9334949504755,9623238234935
1789040114399020598,9335178722966,9623609314007
1789040115412915781,9335436100314,9623950658236
1789040116426778932,9335706744991,9624288165860
1789040117440525132,9336008938936,9624602209355
1789040118454242535,9336361018480,9624815653003
1789040119468381842,9336578157943,9625118442245
1789040120482566911,9336818734009,9625369760312
1789040121497352482,9337083958480,9625713181522
1789040122511480483,9337397706991,9625923077846
1789040123525328102,9337672364165,9626230295842
1789040124539874827,9337908065149,9626508013199
1789040125554445418,9338106026618,9626846784843
1789040126568783294,9338398162636,9627166782131
1789040127582762694,9338658774436,9627448197277
1789040128597977834,9338884046895,9627746263920
1789040129611999471,9339158842542,9628087976125
1789040130625848661,9339484653309,9628306048680
1789040131639660295,9339803234090,9628613847792
1789040132653433777,9340096053647,9628885481858
1789040133667107871,9340378229972,9629215758521
1789040134680920573,9340612518629,9629581315756
1789040135694681644,9340947509646,9629870427156
1789040136708256138,9341317763628,9630027564645
1789040137722135943,9341553441759,9630402228553
1789040138736222236,9341922826441,9630641080055
1789040139750232395,9342129594934,9631020106484
1789040140764283256,9342380976856,9631374940625
1789040141778061743,9342792004459,9631593440183
1789040142792111509,9343021626863,9631843186694
1789040143806014572,9343274811476,9632150309203
1789040144820218415,9343515850462,9632469058104
1789040145834245942,9343865233897,9632740521251
1789040146847894728,9344171479282,9633040153572
1789040147861749720,9344377491240,9633289575351
1789040148875517977,9344427953037,9633339925081
1789040149889130482,9344472243663,9633384198796
1789040150902812074,9344522480623,9633434651169
1789040151916603940,9344572353473,9633484270022
1789040152930425104,9344622820257,9633534726731
1789040153944226176,9344664641313,9633576486119
1789040154958000682,9344712164291,9633624219256
1789040155971812692,9344753938750,9633665847120
1789040156986023828,9344803167006,9633715002859
1789040157999960980,9344852120264,9633763976987
1789040159013938150,9344893056986,9633805090074
1789040160027937115,9344940164396,9633851771712
1789040161041721096,9344988753056,9633900546241
1789040162055516361,9345029720840,9633941056849
1789040163069303261,9345077287144,9633988577469
1789040164083697494,9345116974063,9634028663838
1789040165097613875,9345164083282,9634075763027
1789040166111640851,9345210804939,9634122434500
1789040167126016159,9345250096272,9634161680401
1789040168140186055,9345296385415,9634207520865
1789040169153854752,9345336482971,9634247601696
1789040170167759294,9345384241113,9634295123093
1789040171182046872,9345428719848,9634343676681
1789040172195844777,9345473989538,9634384822910
1789040173209598769,9345521463151,9634432348017
1789040174223455018,9345561248741,9634472018247
1789040175237449886,9345608449534,9634519547318
1789040176251792891,9345648851586,9634559988778
1789040177266159137,9345695985552,9634606759042
1789040178279976660,9345743146176,9634654288111
1789040179293560105,9345783236535,9634694383372
1789040180307713806,9345831586946,9634742320449
1789040181321569152,9345872522778,9634783618021
1789040182335358611,9345920908725,9634831620111
1789040183349178543,9345968339457,9634879138260
1789040184362934911,9346008566330,9634919223452
1789040185376853591,9346055875192,9634966767001
1789040186390956613,9346096244877,9635007276891
1789040187404804766,9346143717201,9635054387331
1789040188418561481,9346190871099,9635101498542
1789040189432374087,9346230611034,9635141590350
1789040190446253538,9346278058649,9635188700273
1789040191460149188,9346317485501,9635228371451
1789040192474084091,9346365694063,9635276431039
1789040193487867332,9346412858818,9635323734461
1789040194501899245,9346450527618,9635361795319
1789040195515682216,9346496362681,9635407465164
1789040196529764668,9346534361313,9635445461128
1789040197543608378,9346580238789,9635491435350
1789040198557452405,9346618443488,9635529852450
1789040199571136195,9346664550611,9635575704732
1789040200584796190,9346703385136,9635614536938
1789040201598393569,9346751320230,9635662480523
1789040202612150447,9346791444524,9635702576795
1789040203625825217,9346838181942,9635749677689
1789040204639666637,9346878689035,9635789765653
1789040205653443569,9346926278235,9635837713632
1789040206667198854,9346973720222,9635884919243
1789040207680934642,9347014256118,9635925323240
1789040208694714484,9347061414695,9635972435574
1789040209708354624,9347101083179,9636012212909
1789040210722133235,9347148180612,9636059283996
1789040211736494768,9347332830835,9636298927533
1789040212750717967,9347627841474,9636614539794
1789040213764627225,9347955888473,9636887544814
1789040214779051812,9348183698306,9637255995079
1789040215793248920,9348485401054,9637569606042
1789040216807047929,9348778626365,9637893861631
1789040217821010381,9349044160672,9638205466241
1789040218834847173,9349389642179,9638488054642
1789040219848783491,9349647208455,9638793392324
1789040220862394065,9349958398346,9639094899229
1789040221876045011,9350199898928,9639465113961
1789040222889874978,9350568736505,9639711911454
1789040223903776447,9350765875212,9640098862240
1789040224917852054,9351164990379,9640327779199
1789040225931669151,9351459711483,9640635207522
1789040226945709239,9351709065549,9640958759661
1789040227959555977,9352012084453,9641245989468
1789040228973482419,9352205601742,9641561890942
1789040229987417992,9352574718788,9641814876842
1789040231001178345,9352769032712,9642160944737
1789040232014977223,9352995068959,9642488107350
1789040233028909224,9353316359137,9642780248309
1789040234042679389,9353627941840,9643076534342
1789040235056509075,9353988509177,9643281972737
1789040236070221838,9354272382818,9643604958214
1789040237084091709,9354500343214,9643872624215
1789040238097940750,9354818841056,9644132650042
1789040239111764955,9355115453109,9644453552999
1789040240125442341,9355289602724,9644807522065
1789040241139284172,9355604994134,9645106415869
1789040242153246363,9355999308754,9645321902225
1789040243166954263,9356276955890,9645625209041
1789040244180657002,9356412398062,9646055250105
1789040245194346922,9356661379251,9646401453718
1789040246208267862,9357060576782,9646633429152
1789040247222054035,9357306140094,9646809601595
1789040248235940787,9357534534485,9647026738958
1789040249249593366,9357809728876,9647268758769
1789040250263529678,9357931995197,9647669871188
1789040251278149652,9358278866178,9647937400831
1789040252292126601,9358522978911,9648239580406
1789040253306159747,9358816470755,9648549607305
1789040254319997582,9359075277659,9648896637832
1789040255333894217,9359233661540,9648927333270
1789040256347685960,9359274089646,9648967424662
1789040257361393156,9359321185083,9649014526903
1789040258375108765,9359359729251,9649053361398
1789040259389041259,9359405118755,9649098383372
1789040260402919886,9359443120039,9649136593148
1789040261416616963,9359487285850,9649180562435
1789040262430456126,9359525279606,9649218771361
1789040263444127590,9359571188043,9649264821400
1789040264457753697,9359608794629,9649301999017
1789040265471528064,9359652541762,9649345861192
1789040266485412108,9359689701191,9649382922817
1789040267499173904,9359726441512,9649419667800
1789040268513095338,9359769840505,9649463133046
1789040269526678306,9359806188713,9649499456997
1789040270540341692,9359850773392,9649544045504
1789040271554185316,9359890023743,9649583307376
1789040272568124687,9359936287096,9649629691523
1789040273581890570,9359976646733,9649670097607
1789040274596816180,9360023996434,9649717779814
1789040275610790989,9360070323291,9649764463461
1789040276625063480,9360108256993,9649802051944
1789040277639102239,9360145512113,9649839219554
1789040278652859495,9360189393772,9649883400232
1789040279666659740,9360226934781,9649920566601
1789040280680456921,9360271948769,9649965585161
1789040281694248131,9360310016623,9650003996437
1789040282707810717,9360354526877,9650048382635
1789040283721685023,9360391749043,9650085374954
1789040284736006655,9360436368861,9650129974120
1789040285750060224,9360475620644,9650169189120
1789040286763957704,9360521050503,9650214624826
1789040287777482410,9360560304458,9650253881496
1789040288791932376,9360605821233,9650299731798
1789040289806031555,9360644655875,9650338187846
1789040290819657655,9360689240435,9650382783065
1789040291833417772,9360728491937,9650422112767
1789040292847174002,9360773082722,9650466709291
1789040293860882001,9360810725228,9650504327890
1789040294874607039,9360855764113,9650549699024
1789040295888494981,9360894183963,9650587733362
1789040296902358984,9360940451767,9650634011366
1789040297916251003,9360980160582,9650674107640
1789040298929896145,9361026868238,9650720430706
1789040299943620174,9361064475451,9650758075746
1789040300957477753,9361109065356,9650803023373
1789040301971125358,9361147066932,9650840882723
1789040302985001109,9361192919248,9650886450208
1789040303999392965,9361231604744,9650925282778
1789040305013693276,9361276850147,9650970331427
1789040306027624753,9361314532665,9651008299290
1789040307042424936,9361358600600,9651052479227
1789040308056521460,9361395760882,9651089219503
1789040309070423987,9361432565761,9651126312545
1789040310084259518,9361476768091,9651170149899
1789040311098163711,9361513749827,9651207307068
1789040312112103859,9361557447444,9651251048653
1789040313125846864,9361595539918,9651289160926
1789040314139586606,9361631112292,9651324516545
1789040315153369662,9361666949668,9651360319607
1789040316167168267,9361703328948,9651396965419
1789040317181042469,9361760207294,9651454132857
1789040318194736952,9361836315899,9651530163314
1789040319208353349,9361887068709,9651580915956
1789040320222001933,9361937790869,9651633710400
1789040321236004340,9361990595614,9651686537387
1789040322250397689,9362064513546,9651758342339
1789040323264462723,9362115204019,9651809044877
1789040324278322765,9362191413568,9651885186626
1789040325292007801,9362242130658,9651935882515
1789040326306118885,9362292840607,9651989751107
1789040327319976131,9362368948090,9652063681846
1789040328333666813,9362419639173,9652116474877
1789040329347574091,9362495731228,9652190764778
1789040330361530121,9362546451631,9652241454321
1789040331375479230,9362597143523,9652292144125
1789040332389326732,9362673181302,9652368170141
1789040333403164746,9362723871987,9652418906445
1789040334417008883,9362774621967,9652469884889
1789040335430742529,9362827466008,9652524791076
1789040336444557190,9362901379890,9652596601396
1789040337458823544,9362966398799,9652661685908
1789040338473067218,9363037370719,9652732656343
1789040339487022609,9363084754202,9652779983078
1789040340501037583,9363132104054,9652829270657
1789040341514978479,9363202863177,9652898276497
1789040342528802499,9363250423986,9652945597121
1789040343542317808,9363301670627,9652992924425
1789040344556027494,9363368778243,9653064354250
1789040345569745754,9363420077660,9653117581927
1789040346583661487,9363487115163,9653182865869
1789040347597574041,9363538374723,9653230189993
1789040348611433725,9363605411377,9653301161669
1789040349625085745,9363654770093,9653352610032
1789040350638950059,9363723823617,9653419744761
1789040351652873732,9363771143934,9653467062782
1789040352666556836,9363842119081,9653538089628
1789040353680503231,9363889695949,9653585529674
1789040354694403928,9363960762128,9653656509604
1789040355708407999,9364008116165,9653703850351
1789040356722129590,9364055441183,9653753134929
1789040357735805530,9364121357662,9653817103803
1789040358749445212,9364170016122,9653865409170
1789040359763189140,9364206335387,9653902647789
1789040360777004611,9364254699961,9653949951128
1789040361790810450,9364303005281,9653998260884
1789040362804458435,9364341245908,9654037510336
1789040363818261764,9364387617547,9654082942684
1789040364832071235,9364436115244,9654131254778
1789040365845734631,9364484608735,9654179784535
1789040366859679374,9364522063389,9654216015079
1789040367873595143,9364569364955,9654264317682
1789040368887373072,9364617668978,9654312664865
1789040369901188306,9364656977563,9654351099352
1789040370915020377,9364721004678,9654415949002
1789040371928933377,9364786932058,9654482236783
1789040372942729182,9364859805580,9654554727706
1789040373957114701,9364926573595,9654621533692
1789040374971122948,9364981523052,9654873047184
1789040375985082394,9365340537415,9655159303928
1789040376999333545,9365668521804,9655432586011
1789040378013703580,9365908948618,9655781087356
1789040379028264844,9366222553828,9656087208227
1789040380042303019,9366441008765,9656449835368
1789040381056404269,9366817073986,9656690112582
1789040382070634700,9366978913722,9657043320720
1789040383084817038,9367301361523,9657339836419
1789040384099100865,9367702343756,9657586712253
1789040385113436046,9367971650443,9657864715870
1789040386127276289,9368251621753,9658164623233
1789040387141591767,9368527741993,9658407705045
1789040388155421713,9368842823469,9658711285565
1789040389169494130,9369110441571,9658966826915
1789040390183825963,9369415172549,9659269525891
1789040391197697880,9369616865072,9659658796385
1789040392211538458,9369928049272,9659959074260
1789040393225316473,9370282192595,9660178174768
1789040394239179384,9370513679872,9660544991545
1789040395252983338,9370854937358,9660823057250
1789040396266818760,9371186959895,9661041683762
1789040397280900442,9371393907139,9661415515172
1789040398294628549,9371652562284,9661759926578
1789040399308451034,9371930373385,9662093106518
1789040400322172535,9372229535105,9662421857995
1789040401336021729,9372585320499,9662689856957
1789040402350357908,9372922689060,9662938340829
1789040403364309270,9373230068249,9663231107454
1789040404379034400,9373449210371,9663603955005
1789040405393941679,9373800500916,9663880130750
1789040406408552621,9374034353719,9664243104564
1789040407422852546,9374378687672,9664527115760
1789040408439375321,9374696820126,9664775427229
1789040409454330370,9374987633101,9665043781744
1789040410473133876,9375312202705,9665335996606
1789040411487063837,9375602247979,9665629388699
1789040412501316419,9375902823890,9665778045475
1789040413515304191,9375969382945,9666225935757
1789040414529290481,9376296535199,9666382194847
1789040415542951004,9376466835169,9666727242528
1789040416557589092,9376853410198,9666906433220
1789040417571721137,9377041492059,9667297950546
1789040418585809258,9377267697043,9667373113310
1789040419599675553,9377328993210,9667435014773
1789040420613656793,9377391227607,9667499670847
1789040421627479077,9377457875231,9667563996965
1789040422641295845,9377514278731,9667620160008
1789040423655055510,9377568889305,9667675148957
1789040424668935498,9377625150974,9667731155831
1789040425682701208,9377683573932,9667789662236
1789040426696568803,9377741193195,9667847436008
1789040427710400951,9377799975593,9667905838885
1789040428724030934,9377857115356,9667963025946
1789040429738026858,9377915609917,9668021909177
1789040430751903162,9377970611188,9668076538160
1789040431765934875,9378026962796,9668132842219
1789040432779991042,9378083668880,9668189563022
1789040433793864595,9378141216587,9668247119886
1789040434807554227,9378196670795,9668302582878
1789040435821377283,9378251811329,9668357851997
1789040436835025922,9378306843866,9668412693484
1789040437848822670,9378360632845,9668466907419
1789040438862728023,9378413160336,9668519222893
1789040439876264075,9378464014466,9668569899763
1789040440890009005,9378507096342,9668612928117
1789040441903556425,9378557981914,9668663795132
1789040442921457061,9378608859027,9668715069508
1789040443935242783,9378661353769,9668767361782
1789040444949127522,9378715591965,9668821668817
1789040445963666146,9378769025671,9668874944116
1789040446977707298,9378815351716,9668920902475
1789040447992108176,9378867151219,9668972642625
1789040449006154237,9378919260069,9669025076867
1789040450020067718,9378972206994,9669077680068
1789040451033924989,9379024833045,9669130638709
1789040452048395757,9379078606572,9669184082877
1789040453062647575,9379133229571,9669238669683
1789040454076249567,9379180419193,9669285862128
1789040455090130324,9379234666974,9669340092418
1789040456103701865,9379288883172,9669394253226
1789040457117429790,9379342278932,9669448010480
1789040458131283290,9379393319145,9669498916606
1789040459145218957,9379445676575,9669551352496
1789040460158849466,9379499877524,9669605288145
1789040461172665767,9379553308349,9669658623830
1789040462186292166,9379596452676,9669702046079
1789040463200226786,9379646821342,9669752484869
1789040464213967986,9379697639897,9669803085613
1789040465227786825,9379750588093,9669855888470
1789040466241747928,9379803746973,9669909264644
1789040467256132409,9379848779971,9669953950265
1789040468269802003,9379899631385,9670005232641
1789040469283485871,9379952543623,9670057781279
1789040470297354465,9380004564661,9670109905738
1789040471311176827,9380191697430,9670345791577
1789040472325222800,9380513692053,9670658260609
1789040473339071956,9380791472536,9670978971891
1789040474353457083,9381088093099,9671288247010
1789040475367755297,9381318926390,9671634538591
1789040476381548620,9381721891992,9671878741020
1789040477395325620,9381891668229,9672226653345
1789040478409115470,9382223281075,9672495913634
1789040479422827024,9382545913114,9672773642506
1789040480436468624,9382931754430,9672958837392
1789040481450117398,9383042373353,9673406334037
1789040482463866512,9383333819784,9673715185496
1789040483477793962,9383786147187,9673904715957
1789040484491645357,9383933702959,9674342584542
1789040485505446744,9384233193385,9674650331169
1789040486519376745,9384522125359,9674968518388
1789040487533328523,9384868684101,9675226664170
1789040488547050323,9385127799820,9675545292360
1789040489560740496,9385418453959,9675847375605
1789040490574405543,9385704764210,9676166980361
1789040491588122199,9385920991695,9676536583504
1789040492602057428,9386279028068,9676790770652
1789040493615789882,9386506585256,9677132736473
1789040494629877986,9386740578774,9677380906690
1789040495645008791,9387051473260,9677688497508
1789040496658879631,9387356009201,9677969930907
1789040497672768563,9387659025324,9678270476280
1789040498686640949,9387916770577,9678611122017
1789040499701655342,9388259197615,9678887772703
1789040500716117554,9388436714435,9679213444294
1789040501729754129,9388790208455,9679484924928
1789040502743869539,9389087856914,9679727994874
1789040503757899724,9389390686455,9680036136917
1789040504771824491,9389596957971,9680390941051
1789040505785643578,9389963461267,9680653373958
1789040506799965697,9390185092534,9680977699132
1789040507813572238,9390388782637,9681348777011
1789040508827454194,9390690123046,9681664119340
1789040509841312839,9390933041051,9682016934481
1789040510855135280,9391176740627,9682374308770
1789040511869303889,9391561259447,9682625818334
1789040512883049089,9391844367067,9682930325944
1789040513896980138,9392206925792,9683180890254
1789040514910647586,9392274634141,9683248024389
1789040515924286465,9392325467976,9683298483530
1789040516938210207,9392376096711,9683349438287
1789040517952027132,9392420794464,9683393716950
1789040518966087717,9392472108962,9683445035195
1789040519980139465,9392521885838,9683495079119
1789040520994024582,9392572225695,9683545309921
1789040522007964698,9392615271299,9683588130980
1789040523021762765,9392665760143,9683638584963
1789040524035662984,9392715807930,9683688409131
1789040525049482914,9392758001662,9683730377840
1789040526062989684,9392805976363,9683778588753
1789040527076752229,9392853522679,9683825936070
1789040528090611345,9392893647519,9683866226137
1789040529104394101,9392940340569,9683912701721
1789040530118253875,9392981686452,9683954034158
1789040531131990291,9393030912872,9684003647276
1789040532146200571,9393080559471,9684052843893
1789040533160017301,9393121525589,9684093893031
1789040534173920227,9393168214553,9684140527459
1789040535187683020,9393215798877,9684188287705
1789040536201534245,9393259199650,9684231401072
1789040537215550887,9393308843707,9684281045293
1789040538230023974,9393356545191,9684328528475
1789040539244223834,9393397055338,9684369276236
1789040540258422782,9393443320320,9684415301556
1789040541272734786,9393485544582,9684457487215
1789040542286355455,9393533122665,9684505422170
1789040543300082150,9393580230538,9684552111079
1789040544310618365,9393619072100,9684590977090
1789040545324342616,9393665341819,9684637211720
1789040546338153664,9393705890128,9684678134470
1789040547352332663,9393753963687,9684726078520
1789040548366170292,9393794631616,9684769856220
1789040549380020760,9393841528161,9684813279607
1789040550393793807,9393888303923,9684859967389
1789040551407572343,9393928016239,9684899643836
1789040552421331822,9393973892097,9684945486219
1789040553435612261,9394013176177,9684984736691
1789040554449597442,9394058605678,9685030167653
1789040555463712190,9394097834300,9685069413758
1789040556477503834,9394142058754,9685113574404
1789040557491218468,9394179320873,9685151151222
1789040558504923373,9394224333665,9685195740108
1789040559518633975,9394262922196,9685234565258
1789040560532391990,9394308631219,9685279995834
1789040561546210204,9394348763417,9685320083587
1789040562560846454,9394394248248,9685365510447
1789040563574587808,9394433085896,9685404339911
1789040564588351436,9394478092698,9685449347423
1789040565602052699,9394516091806,9685487521412
1789040566616397119,9394560366606,9685531940017
1789040567630422675,9394598723702,9685569929317
1789040568644209344,9394643002343,9685614508996
1789040569657912896,9394681802490,9685652916439
1789040570671818238,9394727249704,9685698336023
1789040571685587933,9394766112886,9685737162929
1789040572699275169,9394810757310,9685781776753
1789040573713069808,9394849123094,9685820158743
1789040574726926052,9394894176488,9685865154969
1789040575740711860,9394930913780,9685901885796
1789040576754515764,9394968169431,9685939448777
1789040577768428474,9395013266159,9685984452333
1789040578782389104,9395190791305,9686204402461
1789040579796158817,9395508473656,9686499918200
1789040580809789468,9395794541028,9686811743780
1789040581823494038,9396064569931,9687138231945
1789040582837414322,9396294161170,9687501945549
1789040583851214193,9396606091872,9687807382751
1789040584865409274,9396882700979,9688128017726
1789040585879329166,9397237511489,9688366526150
1789040586893325234,9397520943591,9688624835229
1789040587907110159,9397811982124,9688933101360
1789040588921217683,9398040711740,9689301774619
1789040589934943020,9398328803038,9689624675417
1789040590948879692,9398605880353,9689958281915
1789040591962592630,9399050092730,9690158830711
1789040592976391328,9399321662210,9690490511327
1789040593990298481,9399647255873,9690745456212
1789040595003987261,9399876124473,9691007136935
1789040596018562267,9400127695743,9691352805759
1789040597033181796,9400302860012,9691572728286
1789040598046811459,9400616617077,9691881079762
1789040599060618577,9400909972847,9692196763574
1789040600074328146,9401168552759,9692538447817
1789040601088172189,9401562448004,9692740462163
1789040602101868393,9401817373673,9692994195215
1789040603115655467,9402015299221,9693389283505
1789040604129712455,9402302925939,9693657493362
1789040605143448980,9402614334039,9693964949907
1789040606157290595,9402852317944,9694184786569
1789040607171137423,9403008772797,9694344263780
1789040608184986685,9403250142400,9694680008727
1789040609198970019,9403660765896,9694859792386
1789040610212749442,9403793208847,9695308640878
1789040611226421568,9404179052566,9695540780605
1789040612240340773,9404478951055,9695832558933
1789040613254098036,9404711696026,9696102339187
1789040614268088310,9405034506667,9696392919067
1789040615281909929,9405282500762,9696736694417
1789040616295947560,9405570171043,9697055688462
1789040617309964621,9405956734640,9697289966951
1789040618323668156,9406076463613,9697658303208
1789040619337630133,9406391943340,9697956629913
1789040620351432814,9406655932934,9698150912013
1789040621365211767,9406931283822,9698406262626
1789040622378913646,9406969688514,9698444684007
1789040623392824435,9407015124916,9698490112243
1789040624406519319,9407053340670,9698527693125
1789040625420102837,9407097513725,9698571864417
1789040626433808714,9407134257248,9698608843762
1789040627447450914,9407171450694,9698645758922
1789040628461291146,9407215264705,9698689618626
1789040629475246025,9407253299816,9698727315881
1789040630489457906,9407297473493,9698771695102
1789040631503460389,9407334216346,9698808010948
1789040632518010931,9407377587108,9698851768097
1789040633531902169,9407414813161,9698888546717
1789040634546056822,9407451976206,9698925671656
1789040635559546165,9407496156111,9698969850991
1789040636573377552,9407533746809,9699007436461
1789040637587074201,9407578797296,9699052480759
1789040638600813316,9407616859397,9699090443743
1789040639616269987,9407660063423,9699133782929
1789040640630929893,9407696519342,9699170100127
1789040641645238631,9407741115704,9699214692804
1789040642659728870,9407777057249,9699250718525
1789040643673713221,9407813450059,9699287340894
1789040644687483086,9407856779909,9699330252339
1789040645701366299,9407892265858,9699365731083
1789040646715145738,9407928172561,9699401634459
1789040647729086603,9407971546049,9699445044705
1789040648742706948,9408008766407,9699482134712
1789040649756554599,9408051644603,9699525061468
1789040650770136274,9408087033580,9699560544705
1789040651784057386,9408122668868,9699596035853
1789040652797895218,9408165196010,9699638560664
1789040653811530330,9408200745547,9699674041232
1789040654825333646,9408236238007,9699709532698
1789040655838868689,9408278806259,9699752455968
1789040656852503239,9408315069364,9699788361569
1789040657866238445,9408357630365,9699831280374
1789040658879791773,9408393563986,9699866797535
1789040659893728736,9408430305345,9699903500447
1789040660907411590,9408474059082,9699947255405
1789040661921242668,9408511633430,9699984834431
1789040662934974727,9408554587547,9700027755361
1789040663949573220,9408592578841,9700065750433
1789040664963323468,9408637235342,9700110703308
1789040665977125970,9408675198151,9700148329317
1789040666990831891,9408711136344,9700184222999
1789040668004527767,9408754918438,9700227976632
1789040669018426296,9408792559519,9700265551143
1789040670033023185,9408835894577,9700308886283
1789040671047104049,9408872218145,9700345204768
1789040672060826301,9408915550725,9700388536149
1789040673074669389,9408952331211,9700425271576
1789040674088442667,9408988726029,9700461594051
1789040675102545516,9409032476329,9700505348474
1789040676116494421,9409070063327,9700542926804
1789040677130303120,9409114649883,9700587692538
1789040678144041969,9409152536063,9700625512662
1789040679157719875,9409197249251,9700670111709
1789040680171489528,9409234493848,9700707270772
1789040681185282803,9409270823274,9700745187170
1789040682199008039,9409314732767,9700787710025
1789040683212805097,9409350774127,9700823512110
1789040684226500332,9409391582875,9700864278549
1789040685240330608,9409424776464,9700897354676
1789040686254257278,9409457854203,9700930432748
1789040687268448000,9409515636728,9700988412676
1789040688282846060,9409565681831,9701038433687
1789040689296709853,9409617913607,9701093667578
1789040690311270772,9409668017697,9701143683685
1789040691325564635,9409741252225,9701214981823
1789040692339693012,9409791275085,9701265006732
1789040693353598190,9409849073101,9701326389897
1789040694367463394,9409916534670,9701390292246
1789040695381319755,9409966556474,9701442392993
1789040696395198651,9410016571274,9701490342824
1789040697408965201,9410091597007,9701565373091
1789040698422656378,9410148420073,9701623385858
1789040699436468735,9410216744318,9701690518037
1789040700450382805,9410266770120,9701740540702
1789040701464138992,9410341941439,9701815581114
1789040702477750588,9410391961608,9701867679999
1789040703491587495,9410444129565,9701916122347
1789040704505322436,9410517220042,9701991158636
1789040705519127593,9410567370628,9702043258667
1789040706532873719,9410642386420,9702116204921
1789040707546532878,9410692405684,9702166227702
1789040708560959074,9410755014946,9702228827496
1789040709574664135,9410801767029,9702275646777
1789040710588677019,9410848488340,9702324290338
1789040711602448427,9410918601464,9702392599276
1789040712616267037,9410965306781,9702439310274
1789040713629967597,9411035408383,9702509369217
1789040714643970943,9411082145959,9702558128746
1789040715657823398,9411152195622,9702626228547
1789040716671812196,9411198897717,9702672934686
1789040717685574351,9411269001522,9702742979121
1789040718699425975,9411339122451,9702813094292
1789040719713329748,9411386278297,9702859802551
1789040720727092786,9411456329931,9702929878912
1789040721740947728,9411504976798,9702980469083
1789040722754616988,9411573260042,9703046639107
1789040723768351139,9411627763570,9703105083050
1789040724782185786,9411690121157,9703163496157
1789040725796104049,9411740719975,9703215437676
1789040726809791471,9411806943909,9703280317844
1789040727823774704,9411861095261,9703333703148
1789040728837627894,9411907892691,9703381393393
1789040729851557323,9411946811244,9703417168264
1789040730866242737,9411991598456,9703464856820
1789040731880260727,9412039290618,9703512548734
1789040732893997051,9412086978565,9703560239907
1789040733907856853,9412134849371,9703607938234
1789040734921910695,9412182571517,9703655623198
1789040735936101153,9412230301518,9703703401473
1789040736950309868,9412277998064,9703751204931
1789040737964703773,9412325731732,9703798901275
1789040738978761241,9412363787458,9703837650859
1789040739992485612,9412410515470,9703882368397
1789040741006290127,9412476774703,9703949620325
1789040742019877173,9412551451409,9704024406154
1789040743033526350,9412618922599,9704091981044
1789040744047453888,9412806059145,9704316551323
1789040745061297721,9413115077667,9704637535335
1789040746075102693,9413446185606,9704926152312
1789040747089079502,9413759393409,9705170634732
1789040748102948762,9414032736057,9705480857164
1789040749116832887,9414279950812,9705831907574
1789040750130949816,9414507739065,9706150736433
1789040751144793307,9414919378746,9706357735012
1789040752158489198,9415177109103,9706627610088
1789040753172213003,9415454775752,9706952192607
1789040754186065392,9415765807157,9707252943881
1789040755200064212,9416029952054,9707592466660
1789040756213655986,9416307570400,9707926381800
1789040757227479065,9416598996409,9708244589729
1789040758241432987,9416833857499,9708610569176
1789040759255299229,9417128631484,9708929694120
1789040760269223867,9417436125904,9709227096321
1789040761282978012,9417844766430,9709455266425
1789040762296979711,9418140211788,9709779348762
1789040763310614749,9418390136163,9710060302755
1789040764324455875,9418663220433,9710393007798
1789040765338933420,9418887179390,9710707365077
1789040766352933372,9419185254231,9711015553962
1789040767367290415,9419580909939,9711197761509
1789040768381750564,9419752568514,9711593961688
1789040769395545771,9419972650256,9711925543448
1789040770410352176,9420273000284,9712233055980
1789040771424514486,9420622989582,9712491304116
1789040772438663752,9420946024768,9712782378430
1789040773452845232,9421226134074,9713109533027
1789040774466946862,9421508878329,9713434376023
1789040775481597148,9421864200065,9713709272540
1789040776496257373,9422163632046,9713996764347
1789040777510244634,9422342023843,9714417170331
1789040778524167561,9422697191918,9714685024738
1789040779538515855,9423036181691,9714943698966
1789040780552857242,9423335967175,9715245336337
1789040781567044579,9423667658549,9715540656779
1789040782581656116,9423854733940,9715879991605
1789040783595745793,9424290142419,9716048611248
1789040784609897672,9424431146647,9716492220228
1789040785624177794,9424785621689,9716739919517
1789040786637993896,9425074385365,9717067985751
1789040787654956095,9425150586543,9717125562171
1789040788669656874,9425210474071,9717185561582
1789040789683434532,9425273107813,9717248267206
1789040790697431269,9425346895938,9717321918407
1789040791711467108,9425413635522,9717388655824
1789040792726538310,9425485822157,9717461155647
1789040793740259221,9425543285182,9717518296077
1789040794754073021,9425600911158,9717575838857
1789040795768022975,9425657879346,9717632975538
1789040796782407577,9425713601455,9717688516697
1789040797796065031,9425769143378,9717744322357
1789040798809857362,9425828080464,9717803122657
1789040799823659789,9425885459685,9717860681036
1789040800837397243,9425943051351,9717917816010
1789040801851161428,9425999068600,9717974118571
1789040802864788045,9426055373958,9718030419894
1789040803878434781,9426111264369,9718086070509
1789040804892343069,9426169393641,9718144317105
1789040805906256612,9426223812512,9718198523920
1789040806920137748,9426278267582,9718253147679
1789040807934010566,9426332792905,9718307389742
1789040808948207315,9426389162776,9718364065529
1789040809961889239,9426447111486,9718422009444
1789040810975936048,9426505536705,9718479998489
1789040811989994186,9426563084425,9718537951951
1789040813003770036,9426621786483,9718596341394
1789040814017699624,9426686874521,9718661324780
1789040815031514701,9426732878499,9718707256371
1789040816045408629,9426786704160,9718761046106
1789040817059304311,9426838923358,9718813580953
1789040818073359741,9426891026734,9718865701815
1789040819087245681,9426944102642,9718918656591
1789040820100973035,9426996082466,9718970512967
1789040821114677819,9427042063730,9719016299552
1789040822128549897,9427094187418,9719068422677
1789040823142236800,9427146093610,9719120542498
1789040824156003184,9427198833173,9719173078115
1789040825169861380,9427252266092,9719226450612
1789040826183457855,9427305735456,9719280238820
1789040827197295135,9427358208588,9719332399884
1789040828210908471,9427403324490,9719377474941
1789040829224638877,9427457951694,9719432169483
1789040830239325647,9427512640442,9719486724697
1789040831253630767,9427566047806,9719540416628
1789040832267588303,9427621057079,9719595157681
1789040833281460927,9427673628131,9719647734618
1789040834295180868,9427724975083,9719699391728
1789040835308868866,9427777916053,9719752184735
1789040836322719743,9427823890148,9719797851853
1789040837336775769,9427877264119,9719851223260
1789040838350747810,9428157966985,9720140279469
1789040839364685449,9428473964246,9720447926966
1789040840379035239,9428677381316,9720774895891
1789040841392938096,9429055067671,9721021159893
1789040842406853608,9429121238896,9721320326579
1789040843420959321,9429425467032,9721617292045
1789040844435309733,9429755362447,9721907707519
1789040845449830848,9430088746779,9722185863733
1789040846464095379,9430439977596,9722428877642
1789040847478609708,9430707939186,9722752520594
1789040848493717752,9430997995164,9723056366426
1789040849508500824,9431161800921,9723441011281
1789040850524006347,9431499756711,9723713057163
1789040851538272363,9431729944511,9724031678653
1789040852552225133,9432041010397,9724272080259
1789040853566110098,9432276981006,9724534990624
1789040854580001908,9432612478562,9724806380298
1789040855593857161,9432839598673,9725124131463
1789040856608010904,9433191032125,9725382214091
1789040857622297752,9433493803481,9725680848348
1789040858636002723,9433808060220,9725948750908
1789040859650180754,9434025564457,9726327108225
1789040860663882285,9434288053292,9726669872629
1789040861677691746,9434582950167,9726990922214
1789040862691538056,9434978145935,9727212182898
1789040863705366452,9435248174570,9727523515841
1789040864719123870,9435477292699,9727886612676
1789040865732916043,9435751653053,9728226521773
1789040866746702036,9435972388584,9728597859231
1789040867760521426,9436311287351,9728887516714
1789040868774845328,9436598365853,9729087502351
1789040869788994979,9436846227953,9729429365654
1789040870802777552,9437180504913,9729710011722
1789040871817256433,9437519735738,9729999403857
1789040872831399685,9437785232346,9730271059735
1789040873845333466,9438106458961,9730567224631
1789040874859501509,9438353261496,9730913139003
1789040875873503210,9438634461320,9731230707567
1789040876887621750,9438955018829,9731518429579
1789040877901918578,9439244559078,9731845773999
1789040878916337260,9439527581415,9732162996890
1789040879930436804,9439706593600,9732502549546
1789040880944322776,9439975868003,9732651501001
1789040881958522930,9440027614016,9732703636194
1789040882972810914,9440078527206,9732754511371
1789040883986796213,9440122042628,9732797947215
1789040885000704933,9440174062813,9732849733504
1789040886014349775,9440226262382,9732901779072
1789040887028270927,9440277616967,9732953483143
1789040888042115585,9440328911691,9733004787093
1789040889056157018,9440373580191,9733049218208
1789040890070086588,9440424873875,9733100439001
1789040891083978224,9440477483640,9733152894566
1789040892098306844,9440527542330,9733202920412
1789040893112393594,9440570158205,9733245618346
1789040894126624881,9440620611370,9733295962953
1789040895140684220,9440670227788,9733345574078
1789040896154609495,9440720333212,9733395610488
1789040897168422166,9440762972008,9733438200369
1789040898182230216,9440813011034,9733488240550
1789040899195819031,9440863049481,9733538573846
1789040900209624054,9440905664170,9733581264146
1789040901223416871,9440954927838,9733630078314
1789040902237144908,9441003320783,9733678851804
1789040903250753677,9441045965883,9733721457110
1789040904264646641,9441097639568,9733773167773
1789040905278507196,9441147603927,9733822778013
1789040906292216695,9441197207041,9733872390364
1789040907305848222,9441238949547,9733914577438
1789040908320282370,9441288074962,9733963359704
1789040909334451704,9441335277076,9734010884072
1789040910348297712,9441377628979,9734053100716
1789040911362609000,9441426018632,9734101424075
1789040912376614073,9441474834705,9734150627819
1789040913390643554,9441514635355,9734190294373
1789040914404465159,9441562036275,9734237479560
1789040915418435747,9441600867711,9734276305397
1789040916432196626,9441647620135,9734323414286
1789040917445851997,9441688218980,9734363924308
1789040918459580028,9441735278481,9734410683232
1789040919473701886,9441782391329,9734458002270
1789040920487776124,9441821475761,9734497052590
1789040921501384164,9441867564068,9734542904146
1789040922516164785,9441907278824,9734582574452
1789040923530155296,9441955636772,9734630943282
1789040924544004879,9441995733200,9734671033905
1789040925557926975,9442040389530,9734716041749
1789040926571390146,9442078800856,9734754135689
1789040927583909049,9442124260183,9734799761554
1789040928598029257,9442162570990,9734837891038
1789040929611993771,9442202279380,9734877532425
1789040930626292973,9442241950228,9734917130568
1789040931640213842,9442289113288,9734964232739
1789040932654319180,9442327625669,9735002939683
1789040933667916928,9442373404586,9735048493223
1789040934681957913,9442412247206,9735087362252
1789040935695600943,9442458511961,9735133591291
1789040936709600288,9442498703886,9735174096262
1789040937723423314,9442544962001,9735219938297
1789040938737311810,9442584229106,9735259197132
1789040939751228448,9442631335767,9735306721435
1789040940765874153,9442678441110,9735353406087
1789040941779901570,9442716916080,9735392158702
1789040942793962925,9442814595222,9735445330496
1789040943807759262,9442993983464,9735854468718
1789040944821741067,9443303218249,9736164567144
1789040945835535428,9443577657863,9736507415893
1789040946849473528,9443908837900,9736795074945
1789040947863319549,9444258681680,9737061918233
1789040948877280483,9444506638766,9737320943439
1789040949891088270,9444793241150,9737623012482
1789040950904781311,9445061905988,9737953703638
1789040951918541272,9445404772987,9738234010157
1789040952932397883,9445666941080,9738531656726
1789040953946002590,9445964487630,9738808291845
1789040954959919219,9446244589576,9739127708239
1789040955973796070,9446535120667,9739449054156
1789040956987644243,9446855738379,9739741153809
1789040958001578724,9447097207448,9740086824639
1789040959015566626,9447434392763,9740320144587
1789040960029453086,9447594616855,9740695614041
1789040961043284236,9447928477190,9740970180054
1789040962057127840,9448258025542,9741251280309
1789040963070952597,9448551187412,9741523396102
1789040964088648039,9448846052361,9741834384751
1789040965103808760,9449118915870,9742156171513
1789040966117734932,9449427418681,9742370145564
1789040967131956387,9449613093649,9742701976116
1789040968146281659,9449936345509,9742988556176
1789040969160255033,9450228487603,9743253796357
1789040970177723721,9450486784791,9743583335766
1789040971191518576,9450677139118,9743796253852
1789040972205773491,9450954920099,9744116443653
1789040973219863942,9451197235826,9744464470088
1789040974234151977,9451607073549,9744696892452
1789040975248860051,9451689255742,9745126895300
1789040976263426050,9452104998808,9745352061201
1789040977277868842,9452357220098,9745570644517
1789040978292032054,9452522775350,9745841388352
1789040979306002408,9452910825366,9746064887474
1789040980320134884,9453125488510,9746454011534
1789040981334115732,9453428181151,9746730699218
1789040982348533873,9453694731662,9747063725943
1789040983362918015,9453975893691,9747403420778
1789040984377224592,9454248499056,9747691248555
1789040985391438315,9454446546741,9747828982974
1789040986405304591,9454493682669,9747876019819
1789040987419244992,9454532165094,9747914468671
1789040988433389043,9454578009646,9747960343356
1789040989447152905,9454616848703,9747999526792
1789040990461162870,9454662697624,9748045385490
1789040991475110748,9454701542998,9748083958383
1789040992488997221,9454746533362,9748128994114
1789040993502723025,9454784915020,9748167855973
1789040994516461349,9454830215461,9748212899237
1789040995530391737,9454871076905,9748253852882
1789040996544006501,9454918127149,9748300982397
1789040997557707055,9454963950218,9748346860572
1789040998571705546,9455002570896,9748385720868
1789040999585530957,9455048983972,9748432443553
1789041000599244502,9455087652583,9748470891744
1789041001612972551,9455133864233,9748517295042
1789041002626859976,9455172689690,9748556052882
1789041003640672753,9455217201452,9748600773462
1789041004654402708,9455255543330,9748639111693
1789041005668245438,9455300063410,9748683839052
1789041006682339051,9455339273523,9748723009996
1789041007696017520,9455383967650,9748768049233
1789041008710293742,9455421354374,9748805306242
1789041009723627486,9455465867292,9748849862198
1789041010737510416,9455503238648,9748887465589
1789041011751423432,9455540923827,9748925077327
1789041012765383179,9455585499731,9748969904381
1789041013779205744,9455622645647,9749006887173
1789041014793184919,9455667236720,9749051505994
1789041015807324171,9455704875863,9749089538065
1789041016821113902,9455750289284,9749134610395
1789041017835262954,9455789197487,9749173806322
1789041018849043035,9455835568556,9749220538819
1789041019862558435,9455874328617,9749259406093
1789041020876356884,9455919742113,9749304580520
1789041021890321452,9455958196748,9749343033422
1789041022904436296,9456004465627,9749389515200
1789041023918291921,9456042538522,9749427678902
1789041024932294243,9456086532161,9749471871913
1789041025946159150,9456124705408,9749509890802
1789041026960133577,9456168910242,9749554124134
1789041027974010647,9456206971790,9749592110326
1789041028987583754,9456252816712,9749637982036
1789041030001368034,9456292285869,9749677680046
1789041031015565552,9456337085069,9749722296927
1789041032029515187,9456374280631,9749759482948
1789041033043363623,9456418926257,9749804089699
1789041034057139426,9456456085353,9749841696249
1789041035070852368,9456500676983,9749885929618
1789041036084673923,9456539095176,9749924378569
1789041037098438355,9456584554673,9749970040670
1789041038112087168,9456623457073,9750009095544
1789041039125844614,9456669305383,9750054563596
1789041040139775198,9456707304649,9750093007534
1789041041153491916,9456752313413,9750137671198
1789041042167302315,9456791179932,9750176920006
1789041043181174971,9456836668618,9750221952826
1789041044194954886,9456874306335,9750259606662
1789041045208619662,9456919559877,9750304932390
1789041046222331080,9456956516897,9750341958988
1789041047236459462,9456993505360,9750378964085
1789041048250253145,9457032993981,9750418436344
1789041049264045933,9457084590110,9750463762652
1789041050278129939,9457154125349,9750542878649
1789041051292006356,9457209859369,9750595583316
1789041052306343363,9457262596188,9750648376230
1789041053320645346,9457317546115,9750701085915
1789041054334403722,9457371723862,9750762569594
1789041055348119165,9457447114002,9750833077503
1789041056361904782,9457499817920,9750886563289
1789041057375794453,9457558897450,9750940082556
1789041058389663650,9457631660152,9751018479570
1789041059403398519,9457684356428,9751071207042
1789041060417123986,9457763416091,9751150253925
1789041061430503084,9457816119558,9751202946661
1789041062444352156,9457871042531,9751255654608
1789041063458342134,9457947964406,9751334721651
1789041064472141098,9458000670868,9751387418912
1789041065485844328,9458060202246,9751453243149
1789041066499943098,9458132409347,9751520207735
1789041067513779756,9458187348661,9751577294314
1789041068527745195,9458264251074,9751651948676
1789041069541501546,9458316959008,9751705335266
1789041070555380532,9458384703284,9751771070611
1789041071569160510,9458444131258,9751834704317
1789041072582778529,9458505722632,9751894235721
1789041073596629756,9458554967222,9751943429795
1789041074610344621,9458628724771,9752017185626
1789041075624408620,9458677899811,9752066351815
1789041076638714544,9458751690594,9752140260195
1789041077652633771,9458800902277,9752189428533
1789041078666287311,9458850147871,9752240640626
1789041079680061628,9458923904932,9752312348846
1789041080693872659,9458997671525,9752386251151
1789041081707621345,9459046846978,9752437481017
1789041082721668529,9459098309070,9752484611237
1789041083735536818,9459170107550,9752559401881
1789041084749456929,9459227728227,9752620851984
1789041085763259737,9459293046948,9752682316991
1789041086776947437,9459342225109,9752731521725
1789041087791124202,9459391464893,9752780705266
1789041088804813503,9459465277956,9752854475306
1789041089818456955,9459514454376,9752903638448
1789041090832198143,9459568005807,9752960159034
1789041091845815809,9459608260948,9752997778771
1789041092859800040,9459658455343,9753048078192
1789041093873892881,9459696139813,9753085695278
1789041094887817362,9459746305488,9753135855927
1789041095901489051,9459796468216,9753186011536
1789041096915248009,9459846693367,9753236170204
1789041097929194307,9459896880334,9753286332360
1789041098942825791,9459934564313,9753324993666
1789041099956618999,9459984826822,9753374229440
1789041100970364811,9460034994994,9753424400004
1789041101984676165,9460085158831,9753474549963
1789041102998088324,9460135351120,9753524705391
1789041104011999102,9460195646862,9753584980687
1789041105025824078,9460270632437,9753660290375
1789041106039622537,9460327207065,9753916396874
1789041107053667495,9460568541567,9754221417462
1789041108067967494,9460843422885,9754565029493
1789041109081725128,9461173546437,9754867991083
1789041110095666419,9461521261251,9755136109219
1789041111109408462,9461855674771,9755402594444
1789041112123128596,9462158147384,9755715289036
1789041113137164539,9462338645710,9756040336512
1789041114151025323,9462669213323,9756305426937
1789041115164963963,9463088028587,9756494894097
1789041116178693931,9463242546728,9756913844497
1789041117192451414,9463588106214,9757182026880
1789041118207004699,9463876335914,9757488123623
1789041119220891180,9464159858860,9757817604185
1789041120234662079,9464419722780,9758118784858
1789041121248532440,9464755287151,9758388088250
1789041122262354912,9465033333241,9758695071050
1789041123276237653,9465229182275,9759089525919
1789041124289968035,9465529695347,9759313399447
1789041125303802635,9465830676475,9759625449082
1789041126317646320,9466118054659,9759945048051
1789041127331380900,9466393608249,9760269726906
1789041128345576793,9466652028268,9760610695710
1789041129359319658,9466984120121,9760906259693
1789041130373242699,9467342164024,9761130572695
1789041131387039767,9467461952468,9761591077273
1789041132400839551,9467867939724,9761817673979
1789041133416153634,9468123274074,9762166716429
1789041134430064503,9468440497532,9762450484000
1789041135443979234,9468763924819,9762742624622
1789041136457698663,9469029579046,9763055878397
1789041137472746336,9469360549490,9763349640072
1789041138486731194,9469629122910,9763682181266
1789041139500638749,9469861249284,9764063897903
1789041140516073709,9470183245261,9764337844872
1789041141530226565,9470512151577,9764558808180
1789041142544808062,9470713101823,9764821262119
1789041143559643904,9471020086473,9765076956203
1789041144574197918,9471292968041,9765402723155
1789041145588350311,9471546140729,9765746202925
1789041146602296460,9471936750547,9765904169677
1789041147616193038,9472061262916,9766351199169
1789041148631665619,9472286387955,9766657445323
1789041149646219183,9472584638592,9766742026851
1789041150660685175,9472649597125,9766806085356
1789041151674396282,9472710066336,9766866577970
1789041152689008090,9472781304424,9766938061856
1789041153703523467,9472848587496,9767005299477
1789041154717544963,9472925222899,9767081867904
1789041155731296438,9472990811503,9767147780207
1789041156745385849,9473064460644,9767221512078
1789041157759145694,9473131849714,9767288708864
1789041158773160895,9473206660904,9767363304063
1789041159787125141,9473288564185,9767445383457
1789041160801021075,9473359656821,9767516317316
1789041161814735624,9473431730151,9767588861463
1789041162828448671,9473492615584,9767649744323
1789041163842253340,9473552716945,9767709362485
1789041164856027651,9473620227534,9767776881846
1789041165869722164,9473680689092,9767837334932
1789041166883351573,9473741572044,9767898165863
1789041167897327944,9473799207750,9767956116593
1789041168911360395,9473858001893,9768014911242
1789041169925350715,9473915207600,9768072042644
1789041170939278841,9473971429994,9768128361990
1789041171953111916,9474026087260,9768182980945
1789041172967291805,9474079457158,9768236349923
1789041173981456977,9474133266199,9768289712430
1789041174995291813,9474186037472,9768342662017
1789041176008941363,9474237521631,9768393966000
1789041177022779371,9474290472717,9768446912022
1789041178036606573,9474336837816,9768493265020
1789041179050265429,9474388600606,9768544960212
1789041180064235445,9474441164094,9768597488749
1789041181078099970,9474493277508,9768649601140
1789041182091721480,9474546709226,9768703384338
1789041183105633548,9474597923168,9768754250340
1789041184119334006,9474643504087,9768799759047
1789041185133430368,9474696902442,9768853456569
1789041186147209249,9474749430953,9768905656946
1789041187161377554,9474801124758,9768957557910
1789041188175066118,9474854178713,9769010712397
1789041189188901676,9474906670133,9769063613692
1789041190202960506,9474951383267,9769107873231
1789041191217016394,9475002243286,9769158733682
1789041192231177709,9475053200548,9769210000487
1789041193245088320,9475103747149,9769260436259
1789041194258817486,9475147521694,9769304276304
1789041195272534640,9475197918680,9769354326532
1789041196286354786,9475248355638,9769404725519
1789041197300454340,9475298253728,9769454750317
1789041198314288611,9475340744100,9769496958746
1789041199328187810,9475590393834,9769777041013
1789041200341870877,9475852979897,9770131805945
1789041201355545596,9476116162609,9770470967909
1789041202369474053,9476485944830,9770739416152
1789041203383137482,9476717076043,9771106303580
1789041204396884090,9477023166370,9771380593767
1789041205410680125,9477327560533,9771688861223
1789041206424343203,9477649226216,9771979157154
1789041207438516146,9477852484722,9772356348498
1789041208452723339,9478089594344,9772720884651
1789041209467150108,9478419934577,9773013080124
1789041210481647446,9478758688613,9773293985597
1789041211495764124,9479054463964,9773588507566
1789041212509441741,9479333301985,9773910452873
1789041213523324873,9479569739545,9774235305854
1789041214537935040,9479946327932,9774425686814
1789041215551965948,9479996875409,9774760638494
1789041216566260530,9480370972062,9775017505648
1789041217580414848,9480651837038,9775256167339
1789041218594228699,9480952366241,9775564891273
1789041219608498947,9481178129060,9775885920737
1789041220622469095,9481582485428,9776119795502
1789041221636931875,9481600391947,9776478706592
1789041222652211471,9481966439122,9776736239896
1789041223666582731,9482314934558,9777022293972
1789041224681210271,9482646577892,9777281652289
1789041225694986025,9482915781754,9777564232119
1789041226709025378,9483162570344,9777907893268
1789041227723141357,9483445325449,9778227947131
1789041228737383755,9483690566453,9778591866534
1789041229752259324,9484066523101,9778849973802
1789041230766445008,9484347132570,9779150685857
1789041231780497092,9484664313863,9779465284416
1789041232794233886,9484912575147,9779803273878
1789041233808009113,9485316839501,9780035007237
1789041234821956938,9485544438845,9780378611289
1789041235835817864,9485705716448,9780686336981
1789041236849567328,9486070137980,9780935022470
1789041237863380935,9486355382516,9781260998131
1789041238877005859,9486623329261,9781602685805
1789041239890817514,9486848251513,9781956858634
1789041240904619090,9487105120289,9782041050423
1789041241918521134,9487153049391,9782088978565
1789041242932478791,9487201833947,9782137883198
1789041243946541968,9487241535365,9782177932309
1789041244960450218,9487290333078,9782226419098
1789041245974235844,9487342063496,9782278539064
1789041246987906463,9487384695289,9782321126202
1789041248001913271,9487434268983,9782370467204
1789041249015517295,9487483039519,9782419077761
1789041250029588366,9487525309877,9782461243692
1789041251043286827,9487575366726,9782511688507
1789041252057150263,9487625878807,9782562132870
1789041253070821894,9487677063535,9782612996927
1789041254084430800,9487720506510,9782656425139
1789041255098744751,9487770590178,9782706442851
1789041256112833570,9487819398450,9782755215481
1789041257126501891,9487859553899,9782795709183
1789041258140285456,9487909088143,9782844894134
1789041259154015629,9487958620335,9782894503256
1789041260167991561,9487999709484,9782935838806
1789041261181667918,9488047224340,9782982937316
1789041262195414715,9488087774082,9783023864721
1789041263208946491,9488134413041,9783070122482
1789041264222725843,9488171602984,9783107691298
1789041265237146118,9488217887497,9783153531443
1789041266251199419,9488263193288,9783199785456
1789041267265409106,9488300916558,9783236517770
1789041268279007270,9488339715076,9783275348902
1789041269293057801,9488385171931,9783320789522
1789041270306862239,9488426431573,9783366411169
1789041271320842603,9488470355104,9783405893864
1789041272334658556,9488516301440,9783452164434
1789041273348478028,9488555456625,9783491419530
1789041274362095254,9488604234473,9783539864658
1789041275375963460,9488645643821,9783581154781
1789041276390017436,9488692768828,9783628266908
1789041277403966680,9488739867666,9783675411031
1789041278418008944,9488777446188,9783712957281
1789041279431679965,9488815472641,9783755063424
1789041280445434985,9488860931968,9783796389577
1789041281459205456,9488898969170,9783834436928
1789041282473022000,9488943139974,9783878810574
1789041283486870326,9488981556358,9783917084786
1789041284500616060,9489026987625,9783962525203
1789041285514335561,9489065040895,9784000517052
1789041286528177539,9489110496063,9784046000359
1789041287541990829,9489148046743,9784083566259
1789041288556020301,9489193070538,9784128580694
1789041289569855145,9489231068714,9784166578211
1789041290583652846,9489276127465,9784211655582
1789041291597697966,9489307882907,9784243348019
1789041292611513015,9489345459042,9784280890248
1789041293625305256,9489390459887,9784325903855
1789041294639183007,9489428453134,9784363898101
1789041295653071267,9489473515034,9784408939683
1789041296666920262,9489511153687,9784446894559
1789041297680659682,9489555280301,9784490652024
1789041298694541573,9489592854782,9784528231928
1789041299708217972,9489637054425,9784572794245
1789041300722110012,9489673405595,9784609156048
1789041301736110400,9489709760491,9784645059701
1789041302750748635,9489753930144,9784689236230
1789041303764609090,9489790544219,9784725977028
1789041304778302427,9489834415542,9784769735284
1789041305792191046,9489871215227,9784806476907
1789041306805949401,9490073950103,9785059311512
1789041307819599636,9490376972009,9785337492066
1789041308833430817,9490729795497,9785601868762
1789041309847176847,9490957207370,9785956151415
1789041310861020481,9491185471357,9786319562952
1789041311874820516,9491493053342,9786619405423
1789041312888682322,9491892327301,9786856419809
1789041313903300214,9492166928194,9787100425565
1789041314918039733,9492517999100,9787353219543
1789041315932732256,9492684750466,9787711208369
1789041316947131524,9492925513418,9788059120522
1789041317962028031,9493271898491,9788324571109
1789041318976617107,9493494748640,9788578429184
1789041319990991159,9493696778812,9788970490408
1789041321005210101,9494069404280,9789219184475
1789041322019439505,9494367353417,9789437866406
1789041323033951218,9494512971619,9789773171482
1789041324047893230,9494855379956,9790042899367
1789041325062147937,9495137094920,9790376990807
1789041326076355753,9495487588375,9790513549981
1789041327090696328,9495587710783,9790986536645
1789041328104478550,9495932519056,9791263037984
1789041329118253481,9496176190656,9791600354342
1789041330132150076,9496522082941,9791858328745
1789041331146179430,9496814363292,9792165543460
1789041332160090593,9497131656621,9792424095353
1789041333173888302,9497358409753,9792721257730
1789041334187871737,9497618670642,9792880821248
1789041335201573735,9497879361059,9793149365171
1789041336215409912,9498019965549,9793567714580
1789041337229279161,9498335421029,9793837066505
1789041338243063268,9498624833515,9794153876945
1789041339257103683,9498959025217,9794449528717
1789041340270867674,9499245129746,9794727772130
1789041341285006779,9499527416472,9795043192424
1789041342300219976,9499867819598,9795263586439
1789041343314659089,9499974020430,9795699008067
1789041344328331274,9500378091295,9795911012423
1789041345342136453,9500608709596,9796194454930
1789041346356326291,9500858155047,9796553758050
1789041347370136157,9501093889732,9796822038718
1789041348384048756,9501434464195,9797069533401
1789041349397739818,9501681514256,9797348876646
1789041350411439985,9501718262472,9797385625602
1789041351425386763,9501755490958,9797422797854
1789041352439349765,9501800104560,9797467392727
1789041353453113773,9501836848240,9797504557558
1789041354466896711,9501881859645,9797549160702
1789041355481654078,9501919442150,9797586815821
1789041356495515571,9501963321406,9797630918452
1789041357509609975,9502000868086,9797668083477
1789041358523532408,9502045034928,9797712260677
1789041359537416639,9502081352820,9797748584656
1789041360551105042,9502118372018,9797785748932
1789041361564710276,9502161908266,9797829090582
1789041362578439067,9502199095060,9797866253187
1789041363592240556,9502242460780,9797910015213
1789041364606033071,9502278758370,9797945930603
1789041365619834385,9502315542242,9797983096164
1789041366633638848,9502359313843,9798026429862
1789041367647450387,9502395311935,9798062751097
1789041368661237828,9502439415419,9798106517735
1789041369674955457,9502475730515,9798142834442
1789041370688765527,9502520314644,9798187624478
1789041371702598264,9502557535005,9798224787082
1789041372716386023,9502594307142,9798261704215
1789041373730108700,9502638476577,9798305712468
1789041374743890280,9502674836576,9798342456086
1789041375757598193,9502719390734,9798386641968
1789041376771620396,9502755782123,9798422972375
1789041377785547824,9502799562783,9798466730347
1789041378799855731,9502835121470,9798502640042
1789041379814047449,9502872212687,9798539381615
1789041380828207955,9502915962231,9798583146298
1789041381842028118,9502953188655,9798620315511
1789041382855950020,9502996161333,9798663657520
1789041383869777111,9503032868559,9798699979062
1789041384883454224,9503070027995,9798737143489
1789041385897189730,9503113361943,9798780485361
1789041386910832242,9503151417159,9798818488839
1789041387924823825,9503195820229,9798863090453
1789041388938527831,9503233753198,9798900680879
1789041389952905464,9503277078922,9798944054113
1789041390967009745,9503315081050,9798982027293
1789041391980792359,9503359305894,9799026208563
1789041392994436804,9503396081549,9799062952561
1789041394008405289,9503433239858,9799100517280
1789041395022300267,9503477413489,9799144301124
1789041396036226046,9503514572249,9799181458096
1789041397050420495,9503558800420,9799225642321
1789041398064290483,9503596832056,9799263855486
1789041399078059857,9503639740521,9799306605424
1789041400092286451,9503676476808,9799343312593
1789041401106207788,9503714052187,9799380891088
1789041402120086212,9503758697803,9799425487962
1789041403134104613,9503796298472,9799463069230
1789041404148021503,9503841294606,9799508497918
1789041405162704544,9503878866756,9799545656585
1789041406176546121,9503923056205,9799590363527
1789041407190256923,9503961927556,9799628788062
1789041408204116483,9504006123915,9799672969436
1789041409217733370,9504043706646,9799710560253
1789041410231430888,9504087527952,9799754562011
1789041411245243237,9504125065472,9799791888935
1789041412259060919,9504170080047,9799837050085
1789041413273176482,9504206524946,9799873303658
1789041414288043417,9504247127402,9799913863701
1789041415302716133,9504282560673,9799949297387
1789041416316989822,9504320386261,9799987090895
1789041417332468708,9504378204843,9800045075211
1789041418346959962,9504428253919,9800095098304
1789041419360843462,9504478284048,9800145126290
1789041420374738863,9504528300822,9800197222705
1789041421388475168,9504580430185,9800249331004
1789041422402239225,9504632571940,9800300646523
1789041423415934046,9504678459854,9800347683954
1789041424429744872,9504753487671,9800420792070
1789041425443494628,9504803510301,9800470854592
1789041426457340759,9504858798103,9800520871811
1789041427471646945,9504928637355,9800595894910
1789041428485558422,9504978691300,9800645911656
1789041429499389737,9505034954314,9800695963690
1789041430513269673,9505103751727,9800771120929
1789041431527061350,9505153823102,9800821125388
1789041432541075958,9505228885215,9800896440891
1789041433555122344,9505278942009,9800946453773
1789041434569012487,9505353972405,9801021468481
1789041435583376214,9505403996527,9801071478109
1789041436597923037,9505456139541,9801125753971
1789041437611614763,9505504230705,9801173682658
1789041438625646025,9505593453717,9801260863757
1789041439639540856,9505640161041,9801307993478
1789041440653149925,9505686868005,9801354686649
1789041441667007472,9505756945734,9801424862314
1789041442680784368,9505803709097,9801471570081
1789041443694645954,9505850412769,9801518274249
1789041444708711614,9505897117627,9801566916003
1789041445722543872,9505943819228,9801613612821
1789041446736345518,9506013901634,9801681726171
1789041447750201407,9506066404420,9801728635392
1789041448763926535,9506130726706,9801798914089
1789041449777871809,9506179400071,9801849500974
1789041450791867352,9506247508939,9801915658126
1789041451805791743,9506294245672,9801964488182
1789041452819491119,9506364368892,9802032593167
1789041453833578544,9506415156108,9802084876051
1789041454847501595,9506481372795,9802149334823
1789041455861460745,9506551405867,9802219373071
1789041456875379778,9506598145563,9802268791100
1789041457889097538,9506644910840,9802315571233
1789041458903520327,9506721425412,9802390126677
1789041459917126903,9506757197534,9802425891622
1789041460930955055,9506804884489,9802473586720
1789041461944987616,9506840686266,9802509355113
1789041462958756814,9506888439443,9802557046591
1789041463972412030,9506925434317,9802592819795
1789041464986223205,9506972137431,9802640526629
1789041466000199771,9507019829200,9802688223671
1789041467014061762,9507059010009,9802730158183
1789041468027568578,9507104379237,9802771681280
1789041469041566014,9507151081507,9802819427539
1789041470055796002,9507198772858,9802867118568
1789041471069787452,9507246467889,9802914806741
1789041472083606171,9507282271605,9802950572397
1789041473097384255,9507355134195,9803023379675
1789041474110389418,9507534455168,9803096018280
1789041475123661567,9507646271059,9803550822095
1789041476137556777,9508087727174,9803762113505
1789041477151771434,9508306428233,9804125823485
1789041478166295605,9508639062099,9804367503595
1789041479180206159,9508817999496,9804616503527
1789041480194248813,9509071204224,9804973453875
1789041481208211312,9509412902274,9805226700378
1789041482222153633,9509652433016,9805592004334
1789041483236360240,9509955833892,9805905957930
1789041484250617206,9510336770242,9806107881519
1789041485264631808,9510521839576,9806458043214
1789041486279126112,9510812071420,9806728466657
1789041487292976026,9511085652676,9807035864229
1789041488307085043,9511412484932,9807319876351
1789041489320934368,9511657402833,9807676581332
1789041490334712173,9512060334649,9807858174999
1789041491348611437,9512218960842,9808240323991
1789041492362552767,9512450759931,9808557067874
1789041493376370835,9512798916653,9808824827890
1789041494390162384,9513074685321,9809123144167
1789041495403951858,9513404154879,9809391786648
1789041496417627338,9513646842387,9809746153412
1789041497431697055,9513901733290,9810102707522
1789041498446447385,9514309881165,9810294669467
1789041499460470353,9514557906453,9810605093476
1789041500474370628,9514894818755,9810878431318
1789041501490165566,9515030152882,9811313475404
1789041502504570816,9515360544115,9811563290677
1789041503519913573,9515681293472,9811849927624
1789041504534183304,9515999904832,9812088148810
1789041505548803786,9516254555425,9812422111110
1789041506563138768,9516521959355,9812762206287
1789041507577786123,9516759883031,9813127676065
1789041508591854584,9517078586697,9813418855728
1789041509606559733,9517297101326,9813804289822
1789041510621175678,9517656323133,9814050988466
1789041511635000642,9517993037859,9814351192146
1789041512648854228,9518229731630,9814599266979
1789041513662660640,9518519901272,9814912025275
1789041514676379772,9518726328714,9815210290960
1789041515690097902,9519034047477,9815519075390
1789041516703983570,9519435327073,9815752036513
1789041517717581299,9519535643494,9816222353924
1789041518731562406,9519795389873,9816283761080
1789041519745404829,9519861167172,9816349267238
1789041520759677224,9519930594676,9816418923091
1789041521773752314,9519991770473,9816480204147
1789041522788211716,9520057132371,9816546045730
1789041523801981701,9520132457435,9816621100289
1789041524816021910,9520205180994,9816694019365
1789041525829688208,9520273487541,9816762511599
1789041526843688731,9520345826375,9816834991820
1789041527857595385,9520416856515,9816906304053
1789041528871264096,9520493328585,9816982603575
1789041529885107234,9520558699796,9817047669147
1789041530898820104,9520630279984,9817119346396
1789041531912742764,9520695504295,9817184840301
1789041532926303141,9520769186642,9817258193344
1789041533940047451,9520837236210,9817326230774
1789041534953707017,9520913073539,9817402031600
1789041535967526766,9520976842165,9817465837707
1789041536981293322,9521046419018,9817536189467
1789041537995110208,9521111104889,9817600736623
1789041539008779468,9521183721462,9817673575744
1789041540022433998,9521245795044,9817735324264
1789041541036113343,9521306248605,9817796245265
1789041542050013797,9521364244211,9817853859206
1789041543063602949,9521423875242,9817913841152
1789041544077461954,9521479471948,9817969307280
1789041545091505916,9521536111023,9818025607073
1789041546105393042,9521602336706,9818091838156
1789041547119235996,9521661971122,9818151470658
1789041548133001287,9521717878604,9818207382307
1789041549146626721,9521772148895,9818261969354
1789041550160363924,9521827603554,9818317003934
1789041551174300728,9521881802883,9818371341697
1789041552188038578,9521929094268,9818421163183
1789041553201496350,9521984463391,9818473823656
1789041554215292900,9522038306819,9818527602728
1789041555228929739,9522091787270,9818580968689
1789041556242718798,9522145154890,9818634336492
1789041557256568595,9522196282280,9818685598523
1789041558270395226,9522247306609,9818736489997
1789041559284082131,9522290805281,9818779985813
1789041560298434588,9522342076201,9818831362035
1789041561312682365,9522392943392,9818882010429
1789041562326824883,9522442959705,9818932063881
1789041563341238184,9522486424043,9818975453268
1789041564355119849,9522538210240,9819027565702
1789041565369053843,9522765549225,9819328489646
1789041566382921582,9523102648223,9819608993065
1789041567396895216,9523365147796,9819923382277
1789041568410514858,9523613112618,9820279267002
1789041569424403821,9523911305780,9820583192028
1789041570438359834,9524241768090,9820878594517
1789041571452334902,9524555977095,9821185884359
1789041572466056758,9524891678297,9821463769328
1789041573479869586,9525235481261,9821712520566
1789041574493692682,9525504439377,9822043314448
1789041575507504204,9525705181963,9822389922932
1789041576521901563,9526027478172,9822684912076
1789041577538019388,9526222935998,9823058429648
1789041578551929632,9526579153272,9823335444205
1789041579566552313,9526949819018,9823598250658
1789041580580853879,9527218742536,9823879684751
1789041581594944482,9527527274141,9824184335968
1789041582609573333,9527683280116,9824599477067
1789041583623933117,9528062155700,9824845897963
1789041584638241011,9528240863416,9825168189617
1789041585652381704,9528654703814,9825394358490
1789041586667344922,9528939212730,9825672254055
1789041587682640512,9529205840389,9825974864963
1789041588696975824,9529512638966,9826289192637
1789041589711093722,9529804860480,9826597346481
1789041590725508795,9530086525048,9826923361483
1789041591740214827,9530492242210,9827149127135
1789041592754251236,9530622859842,9827573435078
1789041593769203760,9530894795324,9827870201238
1789041594784042080,9531269367323,9828123226445
1789041595798872286,9531547773558,9828381420540
1789041596812841194,9531839909415,9828700080695
1789041597829268642,9532084306808,9829001303668
1789041598843627735,9532409041616,9829257678601
1789041599858087920,9532590653865,9829664181644
1789041600872045660,9532869525707,9829922753461
1789041601886791819,9533157233428,9830200810811
1789041602900682181,9533464258565,9830495020999
1789041603915332193,9533739048036,9830826723037
1789041604929318588,9533997833491,9831109831437
1789041605943123919,9534304198006,9831351728455
1789041606956943082,9534508128780,9831747019117
1789041607970833916,9534686715836,9831779415024
1789041608984928462,9534731121038,9831823688891
1789041609998772488,9534780655980,9831873295317
1789041611012823550,9534830683881,9831923183397
1789041612026528642,9534881129791,9831973846149
1789041613040304140,9534924144908,9832016435729
1789041614054102973,9534972977223,9832065205152
1789041615067923978,9535022619105,9832114818152
1789041616081807110,9535065647650,9832157835996
1789041617095498961,9535115675794,9832207856769
1789041618109469675,9535165284387,9832257882898
1789041619123400311,9535208289519,9832300484152
1789041620137938782,9535256871000,9832348848230
1789041621151283648,9535305284968,9832397204892
1789041622165228467,9535347054567,9832438964709
1789041623179102893,9535394717791,9832486484506
1789041624193031276,9535441457035,9832533167126
1789041625206646143,9535482327569,9832574091445
1789041626220434629,9535530347136,9832622050269
1789041627234293531,9535570850495,9832662797328
1789041628248074322,9535619634858,9832711335701
1789041629261990000,9535668680106,9832760611734
1789041630275773806,9535709850706,9832801950537
1789041631289555591,9535757378355,9832849158253
1789041632303382525,9535805314368,9832896986548
1789041633317437749,9535846662718,9832938321222
1789041634331510921,9535895479988,9832987297708
1789041635346017499,9535945312005,9833037110073
1789041636359952811,9535987987483,9833080024725
1789041637374264161,9536037125568,9833128904097
1789041638388380070,9536084158392,9833176040852
1789041639402086495,9536124247087,9833216199379
1789041640415979215,9536171311575,9833263194703
1789041641429961917,9536210539873,9833302856398
1789041642444156938,9536257533976,9833349841236
1789041643457915474,9536298294087,9833390453006
1789041644471685727,9536345499620,9833437556748
1789041645485765894,9536392134076,9833484266111
1789041646499902141,9536433410147,9833525576170
1789041647514127234,9536482946465,9833575505188
1789041648528154471,9536532056279,9833624480295
1789041649541703350,9536573390570,9833665711178
1789041650555420842,9536620893834,9833713650646
1789041651569195820,9536670390604,9833762836574
1789041652582790776,9536711666854,9833804174408
1789041653596467510,9536759115254,9833851763971
1789041654610289872,9536800130064,9833893036579
1789041655624196006,9536847502615,9833940145584
1789041656637857239,9536893280497,9833986419310
1789041657651639241,9536932050043,9834024841963
1789041658665455795,9536978868364,9834071958180
1789041659678962865,9537018744190,9834112058542
1789041660693044831,9537064334121,9834157487052
1789041661706916113,9537103314790,9834196537621
1789041662720550904,9537150337350,9834243444738
1789041663734281245,9537190009309,9834283527387
1789041664748201674,9537236674465,9834330219366
1789041665763188818,9537283729185,9834377331851
1789041666777029626,9537322424941,9834415753719
1789041667791206308,9537369070852,9834462737829
1789041668805225084,9537408292358,9834502121627
1789041669819644102,9537457539132,9834588367220
1789041670833614538,9537768752196,9834912277424
1789041671847744546,9538134946487,9835189875192
1789041672862335028,9538344849172,9835445170028
1789041673876438995,9538650760665,9835720886217
1789041674890874128,9538854640885,9836003574327
1789041675905044852,9539159519703,9836294125138
1789041676918742748,9539383065716,9836502724112
1789041677935554819,9539610609381,9836856269995
1789041678950047255,9539855415044,9837088710545
1789041679964358021,9540056779337,9837458710484
1789041680978792478,9540370981155,9837730577992
1789041681992822955,9540710518566,9838007571959
1789041683007178914,9541080134124,9838254180231
1789041684021320545,9541396148806,9838539942085
1789041685036001853,9541627537137,9838900880596
1789041686049923895,9541923432764,9839219742977
1789041687063979749,9542227681830,9839517535396
1789041688078444524,9542529878144,9839825104552
1789041689092399167,9542860799372,9840108732634
1789041690106130798,9543098147009,9840453754806
1789041691119947860,9543464187727,9840669488754
1789041692133749873,9543687957676,9841022783037
1789041693147569508,9543927523147,9841380934072
1789041694161416638,9544271173885,9841566363497
1789041695175207856,9544531548539,9841866757721
1789041696189122325,9544673579179,9842287236851
1789041697202927359,9545068179678,9842466674657
1789041698216802343,9545317236776,9842813568719
1789041699230371944,9545636405868,9843100985119
1789041700244642780,9545881029013,9843458247173
1789041701258870738,9546180669836,9843751828998
1789041702272940938,9546427855006,9844106959636
1789041703287380988,9546725514258,9844385102146
1789041704301272817,9547033539163,9844683345546
1789041705315342640,9547311401174,9844957816770
1789041706329616892,9547629361722,9845255662710
1789041707345548435,9547895412681,9845587095605
1789041708359491293,9548158006950,9845923338118
1789041709375148049,9548462713248,9846219593734
1789041710389541750,9548699951136,9846488456754
1789041711404397132,9548909479207,9846876247216
1789041712419695832,9549264959124,9847141920040
1789041713433904859,9549534319301,9847370530843
1789041714447836635,9549566019803,9847431355573
1789041715461729601,9549604006974,9847469347130
1789041716475468096,9549650641444,9847516038477
1789041717489380576,9549690245269,9847556130301
1789041718503225158,9549737686215,9847603242109
1789041719517053277,9549777913503,9847647706616
1789041720532347621,9549823540408,9847689188074
1789041721546185155,9549869764252,9847735452959
1789041722559799193,9549908114210,9847773877575
1789041723573953530,9549955135919,9847820979097
1789041724588126979,9549995160944,9847861076848
1789041725602003261,9550041479161,9847907762882
1789041726615756247,9550081313923,9847947434604
1789041727629648986,9550128064985,9847994125181
1789041728643395062,9550166409046,9848032545302
1789041729657170688,9550212639326,9848079045582
1789041730670768719,9550249751504,9848116409310
1789041731684946499,9550294717069,9848161426562
1789041732699106374,9550333066479,9848199431140
1789041733712793106,9550377589529,9848244038138
1789041734726658078,9550414689467,9848281236611
1789041735740380874,9550458446930,9848325380817
1789041736754149456,9550496414407,9848362963275
1789041737767651133,9550540929896,9848407557672
1789041738781604954,9550578020810,9848444715441
1789041739795563830,9550614698039,9848481875770
1789041740809248801,9550658848189,9848525969728
1789041741823124406,9550697232513,9848564053814
1789041742836908551,9550742170068,9848609073453
1789041743850759962,9550779688996,9848646657341
1789041744864475188,9550824202468,9848691351266
1789041745878870844,9550862615004,9848729670431
1789041746892987959,9550908423064,9848775936318
1789041747906984039,9550948027023,9848815191554
1789041748920567347,9550994217653,9848861463302
1789041749934820723,9551032975545,9848900295567
1789041750948839090,9551077561360,9848944886345
1789041751962807472,9551114728068,9848982467436
1789041752976427831,9551158797562,9849026580873
1789041753990405392,9551197555175,9849065072300
1789041755004233985,9551244410021,9849112182312
1789041756018705333,9551283824804,9849151431738
1789041757032975696,9551329633410,9849197493708
1789041758046679366,9551368276551,9849236125958
1789041759060540060,9551414621082,9849282695426
1789041760074215191,9551461560026,9849329506896
1789041761087930425,9551501692155,9849369709434
1789041762101714239,9551550841178,9849418802352
1789041763115418205,9551590857651,9849458926435
1789041764129576389,9551637045247,9849505166616
1789041765143096143,9551675817893,9849544004657
1789041766156960443,9551722908387,9849591330473
1789041767170719702,9551769125303,9849637389520
1789041768184626127,9551807049364,9849675386898
1789041769198374514,9551850067276,9849719984704
1789041770212073054,9551888766622,9849757570073
1789041771225813590,9551926236430,9849794768476
1789041772239603451,9551972873858,9849841426137
1789041773253550699,9552016263086,9849887339164
1789041774267388247,9552055734028,9849924433839
1789041775280941965,9552092663221,9849961430952
1789041776294830314,9552138106742,9850006883782
1789041777308715964,9552173939391,9850042681271
1789041778322430449,9552209727905,9850078479466
1789041779336196990,9552249605215,9850118455433
1789041780349957551,9552310044943,9850179023671
1789041781363651470,9552362879305,9850229716483
1789041782377341893,9552436800642,9850305732956
1789041783390938155,9552487464257,9850356418899
1789041784404930514,9552538317454,9850407107300
1789041785418638341,9552614313898,9850483124264
1789041786432508712,9552667148696,9850533804808
1789041787446646361,9552741065350,9850609810733
1789041788460341928,9552791723943,9850660484452
1789041789474364820,9552867710593,9850736502351
1789041790488299016,9552918378777,9850787176206
1789041791502667828,9552974538957,9850837870894
1789041792516537673,9553045135588,9850913868754
1789041793530325849,9553095802152,9850964552805
1789041794544476764,9553152065602,9851015235652
1789041795558346430,9553222834012,9851091870537
1789041796572804610,9553273624874,9851142550082
1789041797586565419,9553349673942,9851219338416
1789041798600383523,9553400366627,9851270014051
1789041799614088528,9553451058346,9851320700212
1789041800627980716,9553516073308,9851385778672
1789041801642283915,9553587107193,9851456752692
1789041802656288807,9553634454407,9851504210878
1789041803670049613,9553705426408,9851575184409
1789041804684137256,9553752838050,9851622500662
1789041805697914803,9553823816703,9851693477556
1789041806711739754,9553872526023,9851741850681
1789041807725666550,9553942211255,9851812814666
1789041808739670945,9553989785409,9851862104283
1789041809753746095,9554060745187,9851931115662
1789041810767830650,9554112546276,9851987991661
1789041811781795985,9554179102002,9852049445726
1789041812796126058,9554232047566,9852106625411
1789041813810457739,9554297593877,9852168065248
1789041814824365971,9554344923444,9852217346873
1789041815838213262,9554415895208,9852286397089
1789041816852129369,9554463277501,9852333717765
1789041817865915160,9554534289416,9852404746559
1789041818879832489,9554581624573,9852452299352
1789041819893730946,9554630921968,9852503553997
1789041820907493096,9554695284245,9852565962122
1789041821921416556,9554731574423,9852602190875
1789041822935392112,9554779912638,9852650571735
1789041823949332851,9554828219054,9852698874470
1789041824963115224,9554876522932,9852747171649
1789041825976999974,9554924842424,9852795479849
1789041826990915406,9554973210658,9852843786357
1789041828004718391,9555012484881,9852880033519
1789041829018504892,9555057776650,9852928331480
1789041830032364908,9555106084079,9852976682261
1789041831045916260,9555154397515,9853024980003
1789041832059771510,9555196363055,9853069462653
1789041833073297826,9555246552699,9853117099303
1789041834086497020,9555524334749,9853177353023
1789041835100409175,9555728041947,9853568288409
1789041836114595021,9555941325125,9853961730290
1789041837128720341,9556251763583,9854259533256
1789041838142911012,9556576685899,9854546763467
1789041839157054241,9556868286053,9854857800155
1789041840171128224,9557120127482,9855216102914
1789041841189357233,9557432255046,9855488794122
1789041842203695709,9557608970568,9855878834218
1789041843217948884,9558010678422,9856079870779
1789041844231792742,9558225130104,9856443665054
1789041845245894628,9558562333663,9856711651739
1789041846260091155,9558837029903,9857039364895
1789041847274029572,9559158129230,9857327565305
1789041848287744858,9559415844200,9857629092707
1789041849301358419,9559628125926,9858020333981
1789041850315478364,9559988359941,9858259827886
1789041851331265425,9560193932137,9858568148804
1789041852345496807,9560537426052,9858846879391
1789041853359835845,9560855799835,9859095107667
1789041854373999047,9561125975661,9859400102736
1789041855388000759,9561332990379,9859736522621
1789041856403303736,9561581479965,9860068001937
1789041857417472098,9562017784394,9860250685873
1789041858432672100,9562137896522,9860661419343
1789041859446939110,9562471176894,9860951212879
1789041860460938596,9562740252589,9861219214137
1789041861474751511,9563071538728,9861477469206
1789041862488827894,9563328097243,9861725676408
1789041863503410195,9563609443053,9862023390784
1789041864518630859,9563907158212,9862341371086
1789041865533449710,9564112516985,9862665978635
1789041866547391629,9564450455674,9862949668193
1789041867562173936,9564814459003,9863184485117
1789041868577107176,9564942536103,9863628081862
1789041869591471277,9565164598441,9863918758716
1789041870605195921,9565545343651,9864166882237
1789041871618881808,9565810880151,9864492572065
1789041872632695836,9566149136570,9864766884945
1789041873646638571,9566294135460,9865151332704
1789041874660352747,9566613681759,9865448191142
1789041875674096983,9566964211987,9865706421724
1789041876687882432,9567233587298,9866043617069
1789041877701866838,9567371649001,9866099410387
1789041878715772242,9567442394844,9866165941834
1789041879729852298,9567516179628,9866240489939
1789041880743622653,9567581213549,9866305170051
1789041881757370618,9567643393709,9866367322099
1789041882771538472,9567712606064,9866436513121
1789041883785517736,9567771414711,9866495332859
1789041884799473363,9567826044907,9866549934331
1789041885813277078,9567878076434,9866603313414
1789041886827091971,9567925396760,9866649683773
1789041887840921422,9567980912567,9866704796032
1789041888854955736,9568037219248,9866761079884
1789041889869496040,9568094148544,9866818195862
1789041890883813693,9568150236251,9866874187633
1789041891898282522,9568206491626,9866930396634
1789041892912824952,9568261680354,9866985457124
1789041893927435946,9568317419620,9867041347824
1789041894941533378,9568373922074,9867097726103
1789041895955352161,9568438477112,9867162256825
1789041896969359259,9568494799859,9867218518256
1789041897982894774,9568550319927,9867274405752
1789041898996670835,9568596680015,9867320359705
1789041900010391316,9568650470854,9867374504329
1789041901024193776,9568702166539,9867425863620
1789041902038307778,9568752222759,9867475902433
1789041903052884279,9568797921088,9867525094630
1789041904067245068,9568844557233,9867568548374
1789041905081446740,9568894934521,9867618587941
1789041906095603948,9568944121534,9867667774050
1789041907109491599,9568988103005,9867712046256
1789041908123272063,9569039764813,9867763334470
1789041909137039824,9569091880852,9867815492146
1789041910150855937,9569143994356,9867867582626
1789041911164968283,9569194852372,9867918538230
1789041912179352762,9569239642011,9867963565608
1789041913193466583,9569292179408,9868015700266
1789041914207181406,9569343458823,9868067410281
1789041915221061237,9569396245737,9868119954308
1789041916234852370,9569449767807,9868173368989
1789041917248883441,9569503771638,9868227557604
1789041918262685675,9569558032939,9868281347632
1789041919276457625,9569612639654,9868335977335
1789041920290245073,9569656507904,9868380004851
1789041921304173234,9569706979125,9868430349765
1789041922318097554,9569757424489,9868481603209
1789041923331898369,9569808767770,9868532481228
1789041924345710528,9569851781907,9868575912668
1789041925359493861,9569899743316,9868623844957
1789041926373720954,9569948506797,9868672586992
1789041927389444442,9569991092576,9868714798872
1789041928403500206,9570040788347,9868764650378
1789041929418176484,9570091187833,9868814854066
1789041930432005745,9570384242582,9868898991542
1789041931445800350,9570463270753,9869394904792
1789041932459687692,9570747921626,9869732146848
1789041933473486233,9571080463298,9870020389550
1789041934487491891,9571369555323,9870338116290
1789041935501512918,9571684322486,9870633300394
1789041936515268674,9572018109802,9870924879909
1789041937529328744,9572326569951,9871211023514
1789041938543167862,9572473177884,9871603794558
1789041939557087440,9572757880959,9871936625095
1789041940570957443,9573094445531,9872197145836
1789041941584830277,9573409609444,9872474108690
1789041942598573918,9573651528762,9872830085851
1789041943612449802,9573942850382,9873084264765
1789041944626418925,9574158695627,9873468656227
1789041945640276435,9574513666873,9873699673535
1789041946654464871,9574776632423,9874004127100
1789041947668733006,9575050556734,9874333979317
1789041948682414996,9575288658131,9874620468598
1789041949696262028,9575539625655,9874947106402
1789041950710647549,9575788594457,9875277632754
1789041951724673491,9576102556270,9875582671270
1789041952738350461,9576499710317,9875828572930
1789041953752440501,9576808180270,9876041414814
1789041954766382764,9577006913030,9876355177685
1789041955780339830,9577276075249,9876600264989
1789041956794067623,9577466134118,9876920690655
1789041957808556127,9577869753265,9877145043414
1789041958822693368,9578043958465,9877550777823
1789041959836956217,9578277570799,9877927185793
1789041960851590154,9578600184202,9878226170185
1789041961866567870,9578881091198,9878557432863
1789041962880813412,9579238765207,9878827002505
1789041963894672878,9579542951049,9879128265870
1789041964908633412,9579896325790,9879392374029
1789041965922885254,9580093146815,9879785336178
1789041966936959353,9580510104576,9879989358634
1789041967951193976,9580708513185,9880325093274
1789041968965538106,9580986995455,9880627840255
1789041969980822638,9581284903302,9880926980050
1789041970995928878,9581660465554,9881154361860
1789041972010254266,9581781234924,9881599212208
1789041973024160391,9582024193929,9881710532984
1789041974037878939,9582072833883,9881758886694
1789041975051818231,9582122025794,9881808092895
1789041976065845338,9582164620671,9881850690427
1789041977079951801,9582213802009,9881900074547
1789041978093862369,9582265952735,9881952011411
1789041979107648111,9582317290217,9882003293854
1789041980121585690,9582358628373,9882044665154
1789041981135447342,9582406976050,9882092987352
1789041982149157243,9582458251579,9882144274736
1789041983163073788,9582500045858,9882186037880
1789041984176908208,9582548534797,9882234402533
1789041985190803122,9582599082813,9882285277078
1789041986204526456,9582644086207,9882329967912
1789041987218306374,9582693726813,9882380008492
1789041988232459723,9582742914976,9882429205782
1789041989246182270,9582784453430,9882473704844
1789041990260427241,9582832666679,9882518553267
1789041991274293390,9582879342361,9882565380864
1789041992287961834,9582919846404,9882605673494
1789041993301762978,9582966974256,9882652969245
1789041994316243743,9583016634928,9882702388511
1789041995330302447,9583058387733,9882744176305
1789041996344446778,9583106323159,9882792086634
1789041997358609203,9583146196156,9882832177609
1789041998372344406,9583193135440,9882879169500
1789041999386113697,9583241284658,9882927215474
1789042000400125306,9583283274610,9882969326946
1789042001413995350,9583330365038,9883016079649
1789042002427685317,9583370814015,9883056580281
1789042003441382827,9583418440540,9883104105441
1789042004455080685,9583464822892,9883150789457
1789042005468999710,9583505635185,9883191294031
1789042006482709937,9583551889960,9883237555998
1789042007496929507,9583590717620,9883276560711
1789042008511242745,9583636621727,9883322237403
1789042009525119404,9583675904071,9883361488352
1789042010538818949,9583724188442,9883409920091
1789042011552662087,9583770932797,9883456606876
1789042012566611264,9583810174335,9883495853232
1789042013580432872,9583856073832,9883541703325
1789042014594181939,9583896184505,9883581818976
1789042015607807227,9583943275921,9883628887245
1789042016621561330,9583982522621,9883668133967
1789042017635290738,9584027943579,9883713565065
1789042018648830291,9584066838749,9883752405256
1789042019662824631,9584111873810,9883797422166
1789042020676810186,9584151546764,9883837103408
1789042021690984003,9584197803693,9883883369060
1789042022705136934,9584237049710,9883922643727
1789042023719230170,9584283368012,9883968868571
1789042024733391325,9584330065063,9884015537124
1789042025746980216,9584369312365,9884054779046
1789042026760800122,9584416822404,9884102291239
1789042027774705048,9584456906593,9884142366032
1789042028788485922,9584502387985,9884187787152
1789042029802987216,9584541247146,9884226611675
1789042030817027052,9584584989749,9884270775436
1789042031831405895,9584624247847,9884309609694
1789042032845166695,9584670575115,9884356212332
1789042033859031615,9584710244553,9884395531645
1789042034873105535,9584756950349,9884442204542
1789042035886946908,9584794518167,9884480120166
1789042036901235032,9585023606742,9884728945221
1789042037914987777,9585353552684,9885033880633
1789042038929268496,9585625100058,9885370166661
1789042039944039807,9585873309674,9885730306502
1789042040958253266,9586258849131,9885969014275
1789042041972139925,9586570728327,9886268327466
1789042042986736900,9586882862547,9886575272636
1789042044000845373,9587154263633,9886909461780
1789042045014664295,9587427950751,9887248260261
1789042046029162570,9587667770943,9887610513133
1789042047043234695,9587956063610,9887933301194
1789042048057104860,9588248452800,9888262310775
1789042049070914100,9588629059150,9888481117202
1789042050084507509,9588861938300,9888778607457
1789042051098367033,9589185153600,9889076332193
1789042052112729851,9589496790608,9889372598515
1789042053126476503,9589628786451,9889641591017
1789042054140226590,9589929995063,9889811782564
1789042055153976782,9590126097491,9890210144288
1789042056167779300,9590381178865,9890562494379
1789042057181712505,9590725677237,9890835123607
1789042058195390222,9591017042320,9891111665554
1789042059209352005,9591305214848,9891429685629
1789042060223065379,9591608375603,9891738928776
1789042061236756224,9591886169160,9892069706628
1789042062250596501,9592162885020,9892394650413
1789042063264332612,9592423058494,9892741513378
1789042064278204062,9592737958755,9893039501990
1789042065292060037,9592996422078,9893350934074
1789042066305764451,9593288869018,9893667814189
1789042067319572821,9593604148104,9893902037565
1789042068333362317,9593827248615,9894220195238
1789042069347050292,9594143291700,9894417166827
1789042070361728952,9594368230368,9894780733834
1789042071375872020,9594630696560,9895119153123
1789042072390044993,9595023582410,9895221904534
1789042073404296230,9595072709370,9895733683873
1789042074418080413,9595439797039,9895997115621
1789042075432182512,9595668519482,9896245413196
1789042076446508730,9596021191050,9896513859432
1789042077461601927,9596337529033,9896742365731
1789042078476253569,9596459877395,9896997018290
1789042079490217087,9596498391563,9897035846614
1789042080504131744,9596543389304,9897080721109
1789042081517820397,9596582639818,9897119960492
1789042082531555457,9596627776174,9897165377364
1789042083546244475,9596667441134,9897204615112
1789042084561193813,9596712933931,9897250320664
1789042085574968959,9596751799609,9897288868210
1789042086589812851,9596796385419,9897333605886
1789042087603605967,9596834388580,9897371632933
1789042088617653184,9596879810265,9897417229506
1789042089631651664,9596918107905,9897455427170
1789042090645521422,9596962484208,9897499594665
1789042091659831992,9597000481349,9897538003554
1789042092674152765,9597045623697,9897582755096
1789042093688106497,9597083619240,9897620574001
1789042094701797161,9597127878062,9897665225158
1789042095715674289,9597166285734,9897703204502
1789042096729883866,9597210580584,9897747794434
1789042097744217131,9597248492118,9897785371751
1789042098757952504,9597293457903,9897830374456
1789042099771886608,9597331096834,9897868049380
1789042100785826528,9597368280826,9897905196116
1789042101801096822,9597412279411,9897949258025
1789042102815010127,9597448812483,9897985611901
1789042103828868353,9597491757133,9898028903012
1789042104842618217,9597529363339,9898066087618
1789042105856271344,9597572718423,9898109412563
1789042106870043194,9597608991934,9898145716262
1789042107883912781,9597644509674,9898181180868
1789042108897756649,9597687484934,9898224503837
1789042109911581810,9597723802290,9898260603913
1789042110925614108,9597759773635,9898299159710
1789042111940063375,9597803141191,9898339624877
1789042112954110876,9597838860186,9898375136658
1789042113967908983,9597881773948,9898418123024
1789042114982234940,9597917430558,9898454314556
1789042115995929266,9597953501478,9898490217654
1789042117009547534,9597996587495,9898533129828
1789042118023563413,9598033318228,9898569941963
1789042119037538937,9598076225553,9898612777153
1789042120051601766,9598111391083,9898648259997
1789042121065608205,9598146869011,9898683735253
1789042122079291843,9598189354553,9898726223243
1789042123093334612,9598225885963,9898762537185
1789042124107094180,9598263256391,9898799686661
1789042125120918182,9598307065291,9898843494179
1789042126134711290,9598344667214,9898881064539
1789042127149002198,9598389662953,9898926025485
1789042128162769554,9598426823687,9898963272258
1789042129176825819,9598469731645,9899006308797
1789042130190470817,9598506525219,9899042837665
1789042131204210593,9598551159146,9899087424463
1789042132217974948,9598586220375,9899122476687
1789042133232019108,9598622147612,9899158779623
1789042134245868266,9598666283184,9899202530121
1789042135259649027,9598703087400,9899239266585
1789042136273403728,9598747281659,9899283438676
1789042137287104786,9598784023468,9899320251121
1789042138300953243,9598820759688,9899356918173
1789042139314698021,9598864926676,9899401093549
1789042140328360092,9598902566581,9899438956175
1789042141342708506,9598947604061,9899483692249
1789042142356565914,9598985190813,9899521281816
1789042143370356579,9599029352379,9899565452421
1789042144384155194,9599066092467,9899602624047
1789042145397638341,9599110412220,9899646567924
1789042146411668406,9599143507871,9899679638873
1789042147425488927,9599178925063,9899715070861
1789042148439401727,9599211984234,9899748334952
1789042149453409105,9599262646924,9899799020345
1789042150467275788,9599337841626,9899874054335
1789042151481016705,9599387868648,9899924072771
1789042152494671510,9599443255720,9899974097461
1789042153508477739,9599512864293,9900049104937
1789042154522176553,9599562860796,9900099128134
1789042155535948524,9599634715581,9900173433019
1789042156549988614,9599687934801,9900224170866
1789042157564270035,9599737921580,9900274190266
1789042158578118298,9599787955785,9900324213275
1789042159591944393,9599862972918,9900399308229
1789042160605576925,9599913215151,9900449330220
1789042161619914555,9599965346919,9900503624920
1789042162633731443,9600038282315,9900574491285
1789042163647607575,9600088434789,9900624521896
1789042164661482375,9600138448016,9900674544289
1789042165675683859,9600188542855,9900726914699
1789042166689479847,9600263601409,9900799857090
1789042167703297129,9600313627281,9900849950988
1789042168717158416,9600363659792,9900900129754
1789042169730855013,9600439471808,9900975509878
1789042170744577986,9600502092350,9901038177782
1789042171758243893,9600572169513,9901108232635
1789042172772044434,9600620811608,9901154937223
1789042173785797509,9600688926620,9901225670673
1789042174799623179,9600735636088,9901272365192
1789042175813554982,9600805803976,9901342411481
1789042176827423111,9600854507032,9901389112798
1789042177841429369,9600903164237,9901441720383
1789042178855196806,9600969324277,9901506240335
1789042179869108052,9601017970007,9901552945397
1789042180883070345,9601086140515,9901623105643
1789042181897163599,9601134866499,9901673807699
1789042182911051196,9601202971076,9901739961647
1789042183924977327,9601253569881,9901792499868
1789042184938780861,9601319738168,9901856714983
1789042185952647608,9601366503952,9901903419924
1789042186966330226,9601419283499,9901950137997
1789042187980209730,9601483515255,9902020654056
1789042188993908597,9601553683505,9902090698238
1789042190007998079,9601606837692,9902143866069
1789042191022168811,9601654588566,9902191562455
1789042192035960255,9601702317822,9902239486823
1789042193049871602,9601742465890,9902282608961
1789042194063933907,9601786781534,9902324996367
1789042195077860139,9601833481597,9902370715002
1789042196091600491,9601881241463,9902418441217
1789042197105512660,9601928966866,9902466179765
1789042198119331140,9601976662642,9902513924270
1789042199133146769,9602012437234,9902550695514
1789042200146876878,9602060129890,9902597427152
1789042201160629360,9602107894834,9902645126975
1789042202174420998,9602155622181,9902692885583
1789042203188273184,9602384423552,9902847701664
1789042204202961660,9602562234995,9903254140629
1789042205217237916,9602903403826,9903541903050
1789042206231481540,9603211734885,9903825022648
1789042207245862563,9603538331493,9904122625941
1789042208260943979,9603679255282,9904542610410
1789042209275025947,9604070459516,9904788198010
1789042210288870205,9604324682412,9905116510158
1789042211303078050,9604557759813,9905486445525
1789042212317287193,9604898257296,9905764190714
1789042213331507234,9605250102096,9906035808800
1789042214345528793,9605550276945,9906348823412
1789042215359723471,9605863374742,9906634885074
1789042216373627032,9606126656218,9906927867586
1789042217387388435,9606359066146,9907246717456
1789042218401155618,9606653183464,9907577749394
1789042219414945771,9606983755748,9907859062565
1789042220428964001,9607352050561,9908097380244
1789042221443295133,9607671011056,9908390371438
1789042222457325112,9607947686470,9908716355496
1789042223471545156,9608270803755,9909008113658
1789042224485949881,9608513919724,9909373898411
1789042225499703852,9608751861971,9909725416505
1789042226513132157,9609099566839,9910003935169
1789042227527544882,9609356171025,9910311980593
1789042228541694937,9609703169866,9910599371714
1789042229555406578,9610043768531,9910877457381
1789042230569812918,9610335025068,9911205276851
1789042231583869662,9610666134421,9911493948698
1789042232598400180,9610920805306,9911831968562
1789042233612757561,9611181558775,9912105831978
1789042234626605641,9611482384804,9912413596696
1789042235640375710,9611745512746,9912762857504
1789042236654225056,9612054589406,9913071055124
1789042237668060365,9612420306017,9913209193305
1789042238681888332,9612702890156,9913493108746
1789042239695600467,9612861789226,9913924468270
1789042240709475360,9613218755462,9914182492951
1789042241723333222,9613480082237,9914450502712
1789042242737132228,9613827580368,9914728710446
1789042243750811805,9614104152309,9915056316326
1789042244764654849,9614492882008,9915294345759
1789042245778552533,9614675379197,9915692026838
1789042246792324391,9614886222490,9915809757808
1789042247806267981,9614957051401,9915880230913
1789042248819754362,9615021789196,9915945222534
1789042249833614901,9615094172799,9916017621087
1789042250847355453,9615155893973,9916079108826
1789042251861289216,9615216534477,9916139939351
1789042252874938766,9615286870447,9916210109630
1789042253888776313,9615352776856,9916275916466
1789042254903181712,9615426140218,9916349613467
1789042255917643724,9615473983306,9916396808119
1789042256931614087,9615543625526,9916466503841
1789042257947085512,9615608070241,9916531060601
1789042258961184862,9615669046696,9916591970177
1789042259975562042,9615735367250,9916658625182
1789042260989754497,9615793853292,9916717055437
1789042262004068359,9615854654077,9916777924988
1789042263018182161,9615915031645,9916838351824
1789042264032171454,9615972097948,9916895913620
1789042265046950640,9616029602461,9916953057703
1789042266061183424,9616085064052,9917008665600
1789042267074855835,9616140584630,9917064126956
1789042268088711779,9616193567567,9917117067668
1789042269102865770,9616246100669,9917169604640
1789042270116432891,9616298211851,9917221712264
1789042271130292116,9616351261569,9917275083300
1789042272144321981,9616406690088,9917330511618
1789042273158066360,9616462624732,9917386052172
1789042274171880859,9616516421359,9917440029716
1789042275185678504,9616563230473,9917487016273
1789042276199181094,9616618336186,9917541972679
1789042277213050086,9616672504565,9917595854444
1789042278226796269,9616725487294,9917648820332
1789042279241698893,9616778860669,9917702204894
1789042280255767274,9616831760597,9917755171349
1789042281269693447,9616882712791,9917806035329
1789042282283387586,9616935282093,9917858584146
1789042283297302713,9616980424645,9917903694261
1789042284311227371,9617030021854,9917953304852
1789042285325048800,9617079624075,9918002906396
1789042286338625265,9617122249300,9918045500033
1789042287352801418,9617170616626,9918093849312
1789042288367603373,9617220665285,9918143877809
1789042289381283304,9617271979556,9918195443531
1789042290395043275,9617317893416,9918241110293
1789042291409386108,9617368365950,9918291558200
1789042292423399809,9617420089821,9918343260584
1789042293437418481,9617471818013,9918394964260
1789042294451071704,9617523513125,9918446677598
1789042295465352731,9617568305573,9918491790509
1789042296480758200,9617621600772,9918544743780
1789042297495400216,9617705595124,9918716644842
1789042298509507081,9617964750896,9919071956359
1789042299523503847,9618294985767,9919378360842
1789042300537413720,9618649561040,9919634206351
1789042301551190981,9618943938236,9919954017278
1789042302564941471,9619114080498,9920342758779
1789042303578742814,9619456476549,9920608414592
1789042304592634037,9619679564603,9920975646190
1789042305605163948,9619994784418,9921220426557
1789042306618828294,9620279938355,9921501257514
1789042307632531328,9620533470266,9921833185364
1789042308648518928,9620803234282,9922125886229
1789042309662516816,9621148527764,9922411546663
1789042310676979076,9621265707056,9922806323459
1789042311691150580,9621630359209,9923048502023
1789042312705044300,9622045895948,9923252143651
1789042313719330504,9622264984732,9923630130670
1789042314733054875,9622566820866,9923909699424
1789042315746729319,9622795727843,9924224473027
1789042316760491524,9623172787369,9924484883031
1789042317774200292,9623492916378,9924764224543
1789042318787923101,9623621517151,9925141292657
1789042319801811511,9623936026374,9925384139603
1789042320815711980,9624189879756,9925732686656
1789042321829693443,9624550327722,9925951542338
1789042322843657070,9624826191314,9926279129001
1789042323857480739,9625099318732,9926584617267
1789042324871378245,9625359210585,9926931470218
1789042325885883319,9625734389335,9927071654300
1789042326899726603,9625929993740,9927400886578
1789042327914023596,9626171549530,9927647356682
1789042328929415206,9626414672992,9927975386642
1789042329946053326,9626739301574,9928274891093
1789042330960131276,9627036733539,9928562479831
1789042331973712491,9627312879220,9928823444844
1789042332987896435,9627605182150,9929103800545
1789042334002079558,9627826305223,9929455873818
1789042335015902718,9628107623985,9929765609181
1789042336029772686,9628360432174,9930101203606
1789042337043884842,9628652017058,9930407747103
1789042338057790651,9628940662142,9930715291083
1789042339071750707,9629219652109,9930923857715
1789042340085577078,9629256819198,9930961028013
1789042341099558544,9629308946032,9931013164753
1789042342113308407,9629360680574,9931064874946
1789042343126945503,9629404183889,9931108319833
1789042344140653919,9629453796130,9931157940486
1789042345154374198,9629504616465,9931208813976
1789042346168115380,9629556366341,9931260531484
1789042347181819184,9629599747255,9931303973276
1789042348195747247,9629649507508,9931353596735
1789042349209675615,9629699535430,9931404054453
1789042350223332500,9629743014880,9931447632217
1789042351236988596,9629795105649,9931499215767
1789042352251137053,9629846004270,9931550098477
1789042353265427165,9629896087751,9931600130356
1789042354279258183,9629938126538,9931642307735
1789042355293191772,9629987041917,9931691973311
1789042356306944632,9630036260961,9931741281403
1789042357320702052,9630086746853,9931792060752
1789042358334594594,9630129413255,9931834664531
1789042359348793451,9630179825763,9931884707353
1789042360362635029,9630229088040,9931934328010
1789042361376309246,9630269946332,9931974837442
1789042362390357478,9630319766719,9932024879973
1789042363404439384,9630368423364,9932073659497
1789042364418357326,9630411032812,9932115847364
1789042365432431754,9630460217067,9932165192737
1789042366446506333,9630506899404,9932212088403
1789042367460385088,9630547506602,9932252815451
1789042368474257204,9630595440073,9932300348982
1789042369488265111,9630636368301,9932341280765
1789042370502144504,9630683116419,9932388390746
1789042371516013463,9630730994027,9932435924819
1789042372529972627,9630772372992,9932477275393
1789042373544089307,9630819529045,9932524591637
1789042374558381482,9630860347945,9932565312750
1789042375572253925,9630907127401,9932611997958
1789042376586174111,9630954221695,9932659102092
1789042377600024273,9630993085578,9932698009666
1789042378613912363,9631039857262,9932745044484
1789042379627706901,9631079070007,9932783882103
1789042380641707478,9631125640140,9932830145069
1789042381655915508,9631166565565,9932871076632
1789042382669903279,9631214982160,9932919856427
1789042383683811732,9631262100884,9932966572970
1789042384697696247,9631300942881,9933005452361
1789042385711359132,9631347202582,9933051650282
1789042386724992777,9631386841738,9933091328593
1789042387738668479,9631433791995,9933138437666
1789042388752614281,9631473318024,9933177695575
1789042389766495916,9631519569339,9933223960549
1789042390780218447,9631558411007,9933262809296
1789042391794097959,9631603414233,9933308244675
1789042392808106144,9631642279487,9933346873122
1789042393821973188,9631687763183,9933392516400
1789042394835840637,9631728256725,9933432596809
1789042395849722937,9631774095664,9933478447567
1789042396863702830,9631820356261,9933524718505
1789042397877627081,9631858805885,9933563140993
1789042398891304502,9631904703568,9933608988602
1789042399905167187,9631942284108,9933646567966
1789042400918882714,9631988132561,9933692491592
1789042401932619214,9632022649103,9933880990682
1789042402946306831,9632293719285,9934224502569
1789042403960148838,9632632304312,9934534078143
1789042404973942983,9633007116651,9934713928719
1789042405987758110,9633264619489,9935022490826
1789042407001385703,9633483193742,9935301501041
1789042408015022188,9633842945309,9935547227292
1789042409028813619,9633999038875,9935954540383
1789042410042726636,9634330019330,9936240876560
1789042411056388528,9634475251164,9936615383744
1789042412070281280,9634935147850,9936803085901
1789042413083999908,9635160109321,9937099434796
1789042414097890602,9635437796971,9937426298680
1789042415111725223,9635765244059,9937723026847
1789042416124661664,9636022570721,9937949354848
1789042417138351862,9636164227375,9938219996779
1789042418154182133,9636399918973,9938377501560
1789042419168542288,9636713440393,9938668384713
1789042420182673032,9637005432968,9938965835287
1789042421197142857,9637254061818,9939297110227
1789042422211276960,9637502481283,9939642743548
1789042423226230518,9637866833340,9939899199421
1789042424240860529,9638068383277,9940281200522
1789042425255355307,9638395580132,9940542035279
1789042426269324913,9638722059114,9940830605839
1789042427283253675,9639039950888,9941095485006
1789042428297073383,9639268380432,9941458833272
1789042429310866995,9639579877562,9941742443551
1789042430325029773,9639898898722,9942041656367
1789042431338646679,9640170574830,9942380776765
1789042432352846431,9640428545347,9942718881588
1789042433366485325,9640740201458,9943032525741
1789042434380841625,9641046149075,9943304178545
1789042435395277637,9641357321671,9943614493730
1789042436409108850,9641705933018,9943884667256
1789042437422837402,9641817303407,9944323752819
1789042438436812683,9642193707120,9944577007329
1789042439450740489,9642445806095,9944890840066
1789042440464399604,9642829760487,9945136658406
1789042441478285259,9643135604459,9945436527789
1789042442492098235,9643382718095,9945778005610
1789042443505804807,9643641012681,9946127797085
1789042444519728850,9643798236942,9946159296471
1789042445533756176,9643844499588,9946205225398
1789042446547942360,9643884172698,9946244896801
1789042447561716032,9643930865534,9946291595963
1789042448575349467,9643977607892,9946338279997
1789042449589094604,9644016479292,9946377430414
1789042450602818788,9644063158310,9946423809561
1789042451616539720,9644103023362,9946463905055
1789042452630241895,9644150346177,9946511006561
1789042453643743035,9644190494617,9946551099860
1789042454657678489,9644237619890,9946598211910
1789042455671932200,9644283881812,9946644515032
1789042456686565709,9644322081663,9946682479602
1789042457701293796,9644368759419,9946729167594
1789042458715490233,9644408071647,9946768417937
1789042459729424532,9644454363421,9946814651460
1789042460743327233,9644494034814,9946854687770
1789042461757494960,9644539878848,9946900057861
1789042462771774132,9644577631523,9946938004719
1789042463785863790,9644622936310,9946982963979
1789042464799878726,9644661377123,9947021740327
1789042465813717705,9644708060894,9947067957832
1789042466827662978,9644745476150,9947105488346
1789042467841469066,9644790214197,9947150020340
1789042468855244972,9644828062677,9947187963762
1789042469869115275,9644873302953,9947232916835
1789042470882843662,9644911299516,9947270890553
1789042471896416720,9644955918756,9947315668521
1789042472910056732,9644993879148,9947353749510
1789042473923657914,9645039779474,9947399111207
1789042474937707868,9645076968836,9947436216652
1789042475951997528,9645122811722,9947482003021
1789042476966245606,9645159969806,9947519311030
1789042477980081814,9645197540170,9947556983364
1789042478993622995,9645242181824,9947601166443
1789042480007508537,9645279887915,9947639101573
1789042481021138206,9645324785523,9947683623304
1789042482034870262,9645362351124,9947721132923
1789042483048741924,9645406930862,9947765651747
1789042484062371499,9645444157091,9947802834593
1789042485076231715,9645488350210,9947847132928
1789042486089810084,9645525927418,9947884554253
1789042487103563549,9645570504445,9947929259652
1789042488117376637,9645608912784,9947967509360
1789042489131245668,9645655230154,9948013851455
1789042490145348870,9645694085391,9948052936381
1789042491158856861,9645739093943,9948097519233
1789042492172153283,9645776666313,9948134993423
1789042493186160412,9645822092490,9948180350957
1789042494199956142,9645860220222,9948218693290
1789042495213955138,9645906055478,9948264466314
1789042496227661799,9645944841444,9948302869669
1789042497241807363,9645990260238,9948348198931
1789042498255589960,9646029088526,9948386885518
1789042499269560273,9646074576237,9948432319042
1789042500283444926,9646113024889,9948470662501
1789042501297205363,9646158447846,9948516015747
1789042502310919549,9646197689255,9948555289799
1789042503324695274,9646240633207,9948598111721
1789042504338293338,9646275086714,9948632625346
1789042505352142087,9646313314969,9948670570975
1789042506365992512,9646357894711,9948715514164
1789042507380173710,9646396233144,9948753448441
1789042508393926921,9646440743013,9948797837275
1789042509407671209,9646478019115,9948835112827
1789042510421406733,9646524002965,9948880993563
