1789148227.468697375	19882010824437	20618583161830
1789148228.481261042	19882010830100	20618583164928
1789148229.493834770	19882010834122	20618583167118
1789148230.505916865	19882010868771	20618583168828
1789148231.518064221	19882010934616	20618583171364
1789148232.530514456	19882010938429	20618583173392
1789148233.543018161	19882010942249	20618583174934
1789148234.555403965	19882010945926	20618583176367
1789148235.567977487	19882010981083	20618583179686
1789148236.580236649	19882011049375	20618583181941
1789148237.592985131	19882011054357	20618583184454
1789148238.605364992	19882011084104	20618583193363
1789148239.617811141	19882011095732	20618583195640
1789148240.630396566	19882011141524	20618583198875
1789148241.642975066	19882011207872	20618583201944
1789148242.655463765	19882043417773	20618615434850
1789148243.667917224	19882107847451	20618679978572
1789148244.680400610	19882178693499	20618751001479
1789148245.693092013	19882243369673	20618815770050
1789148246.705606664	19882314535941	20618886616801
1789148247.718534887	19882525516226	20619219096101
1789148248.731024298	19882679414692	20619272147647
1789148249.743426197	19882732148169	20619324871461
1789148250.756569302	19882784908019	20619377594517
1789148251.769358761	19882838070287	20619432567232
1789148252.781719722	19882890801168	20619485294348
1789148253.793990730	19882943534190	20619538013266
1789148254.806284372	19882996257449	20619590815267
1789148255.819180993	19883075590332	20619669423649
1789148256.832130088	19883102073949	20619696900684
1789148257.844520146	19883154804996	20619749624759
1789148258.856997315	19883213058232	20619812213852
1789148259.869317334	19883287550854	20619882091008
1789148260.881712750	19883340308730	20619934820966
1789148261.894718833	19883419458153	20620013925278
1789148262.907247147	19883472330096	20620066757836
1789148263.920100048	19883525059136	20620119480394
1789148264.932544379	19883577789713	20620172233342
1789148265.945294219	19883655878569	20620251309626
1789148266.957878918	19883709706478	20620304063228
1789148267.970340381	19883762459521	20620356789878
1789148268.982833802	19883815178967	20620409512803
1789148269.995222593	19883915446346	20620575692654
1789148271.007730619	19884214042394	20620779121994
1789148272.020158730	19884266830880	20620831850136
1789148273.032267547	19884319558030	20620884573704
1789148274.045304131	19884361123014	20620923653665
1789148275.058025258	19884425056332	20620991236779
1789148276.070479815	19884479213268	20621043959438
1789148277.082901596	19884532036495	20621097399613
1789148278.095334750	19884584772228	20621150126058
1789148279.108544389	19884637505459	20621202854611
1789148280.121459146	19884690236665	20621255568390
1789148281.134282984	19884769548772	20621334825172
1789148282.147291190	19884822338085	20621387557403
1789148283.160112487	19884875072298	20621440275155
1789148284.172722981	19884954176160	20621519486464
1789148285.185225938	19885006909369	20621572398323
1789148286.197639225	19885059677953	20621625120631
1789148287.210266845	19885112529565	20621677841631
1789148288.222812366	19885186981547	20621754677599
1789148289.235444484	19885244356547	20621809815124
1789148290.248039583	19885297082941	20621862538280
1789148291.260680833	19885349973095	20621915269067
1789148292.273466041	19885420954860	20621986654228
1789148293.286717764	19885709457050	20622310815507
1789148294.298629767	19885809851119	20622379727803
1789148295.310741703	19885856870789	20622432616382
1789148296.322988380	19885909632121	20622485533735
1789148297.335481987	19885962430752	20622540598843
1789148298.347689323	19886036858332	20622616564142
1789148299.360297920	19886094349683	20622670369284
1789148300.372818216	19886147076641	20622723096342
1789148301.385204079	19886199831665	20622775827186
1789148302.398061532	19886252619223	20622828555576
1789148303.410752734	19886331703066	20622907651541
1789148304.423318537	19886384424360	20622960371614
1789148305.435851765	19886437156590	20623013812526
1789148306.448409309	19886492800381	20623066566059
1789148307.460765925	19886543417506	20623119716448
1789148308.473278600	19886604184502	20623184802341
1789148309.485828732	19886675448974	20623251551571
1789148310.498316360	19886728173296	20623304359468
1789148311.510718017	19886781076714	20623357082822
1789148312.523195615	19886833910355	20623409821155
1789148313.535677959	19886888848209	20623466932997
1789148314.548714824	19886960253851	20623539762205
1789148315.561593912	19887176503048	20623717853183
1789148316.574192443	19887239423032	20623789619359
1789148317.586465590	19887308638469	20623858785150
1789148318.599040872	19887377967554	20623927969141
1789148319.611579739	19887447290091	20623997157753
1789148320.623836661	19887610997316	20624245939088
1789148321.636881406	19887796860463	20624398375848
1789148322.649912416	19887941328789	20624624684920
1789148323.662381375	19888038017464	20624809531061
1789148324.675470254	19888300423691	20624973630911
1789148325.687969411	19888400181582	20625099718893
1789148326.700505821	19888582226300	20625353878700
1789148327.712987999	19888644841015	20625479718802
1789148328.725361237	19888902601112	20625684201518
1789148329.737838953	19888955967217	20625795582419
1789148330.750415298	19889262401820	20626063727589
1789148331.762904064	19889389582116	20626115859405
1789148332.775538245	19889563408924	20626444004444
1789148333.788513431	19889685574231	20626490183157
1789148334.801100247	19889906031613	20626796870560
1789148335.813571987	19890007375945	20626867123552
1789148336.826056733	19890238687143	20627149241012
1789148337.838687472	19890289587426	20627279589138
1789148338.851178619	19890601863167	20627522087120
1789148339.863592818	19890687049466	20627622219837
1789148340.875970631	19890953412513	20627844482203
1789148341.888795881	19891019601035	20627978550158
1789148342.901195388	19891296329872	20628206874975
1789148343.913611815	19891345340017	20628368397059
1789148344.926229126	19891638731690	20628637718016
1789148345.938664895	19891689367959	20628783082891
1789148346.951158771	19892019284637	20629028685033
1789148347.963684290	19892072594363	20629169971915
1789148348.976306435	19892312295805	20629420588631
1789148349.988539410	19892367733620	20629562341725
1789148351.001056428	19892624658182	20629732919292
1789148352.013458307	19892693450315	20629867603219
1789148353.025848800	19893006660926	20630134771265
1789148354.038310963	19893201845064	20630186934325
1789148355.051025576	19893359397824	20630517437221
1789148356.063519325	19893454881272	20630657991326
1789148357.075921140	19893752616886	20630930367206
1789148358.088552658	19893818108131	20631110680043
1789148359.100956998	19894113680060	20631301376780
1789148360.113276629	19894196406814	20631458552488
1789148361.125841486	19894445642198	20631643207265
1789148362.138262043	19894535255847	20631797031345
1789148363.150680639	19894766726743	20631954406144
1789148364.163041899	19894839201865	20632109024016
1789148365.175732609	19895088309566	20632286004580
1789148366.188296659	19895153211843	20632441371947
1789148367.201106248	19895470142229	20632667089122
1789148368.213290777	19895669533364	20632719097094
1789148369.225746708	19895802238232	20633038336672
1789148370.238087782	19895863880084	20633189695889
1789148371.251182425	19896132745563	20633379123373
1789148372.263573121	19896313771081	20633426432389
1789148373.276029851	19896494688181	20633807055708
1789148374.288803987	19896597072604	20633957248329
1789148375.301346234	19896835515253	20634189663607
1789148376.313760018	19896890948347	20634317332721
1789148377.326041547	19897176788040	20634560672013
1789148378.338958030	19897234964290	20634674427073
1789148379.352128830	19897496884314	20634910765404
1789148380.365075215	19897566669415	20634995626353
1789148381.377513772	19897837256537	20635290623250
1789148382.389895457	19897889371795	20635363116359
1789148383.402327133	19898111499030	20635730248473
1789148384.415566875	19898298894689	20635776080129
1789148385.428233792	19898577670297	20636070763956
1789148386.440611277	19898617709422	20636114739014
1789148387.453136703	19898855384054	20636461494478
1789148388.465197300	19898967512038	20636500009622
1789148389.477638610	19899268095298	20636801766669
1789148390.490630969	19899327909910	20636840231828
1789148391.502904222	19899610101722	20637132633833
1789148392.515389971	19899648997855	20637171320942
1789148393.527990386	19899891452460	20637419563241
1789148394.540653371	19899968769375	20637501657558
1789148395.553660491	19900280692525	20637729715233
1789148396.566055628	19900338063679	20637841076161
1789148397.578313270	19900561286916	20638038615575
1789148398.590631303	19900658988911	20638191540478
1789148399.603069282	19900800561483	20638492894712
1789148400.615452232	19900969334929	20638531689084
1789148401.627883716	19901051354420	20638826109621
1789148402.640365305	19901278512328	20638870593643
1789148403.653321647	19901418649177	20639080398148
1789148404.666741655	19901598274449	20639180407487
1789148405.679325340	19901665229971	20639407384140
1789148406.691756737	19901908026878	20639490037006
1789148407.704334094	19902074363460	20639615883765
1789148408.716824026	19902248883461	20639851057759
1789148409.729771579	19902426434978	20639961376678
1789148410.743038331	19902560727924	20640192104174
1789148411.755446487	19902677979559	20640336329177
1789148412.767874180	19902912840678	20640563625242
1789148413.780310518	19903020707271	20640725038549
1789148414.793496698	19903275607073	20640936648134
1789148415.806607689	19903320390019	20641158232788
1789148416.819360254	19903646743654	20641307502014
1789148417.831999068	19903789880912	20641428670241
1789148418.844987072	19903977624794	20641638575412
1789148419.857279708	19904176043295	20641713771027
1789148420.869868773	19904320653802	20641961543410
1789148421.882564335	19904374865964	20642119055758
1789148422.895207162	19904640496951	20642301145555
1789148423.907904326	19904686765244	20642448608766
1789148424.920309809	19905021416339	20642701705632
1789148425.932623474	19905165049022	20642771323699
1789148426.945056535	19905332698174	20643022697775
1789148427.957621209	19905382534780	20643143903986
1789148428.970283679	19905673851350	20643413354157
1789148429.982741586	19905724716379	20643522343904
1789148430.996421103	19906013579344	20643763244130
1789148432.009095351	19906062403018	20643836492981
1789148433.021819288	19906289060016	20644172873799
1789148434.034317158	19906452318132	20644226390972
1789148435.046747185	19906705156679	20644483884206
1789148436.059460221	19906758778174	20644553335672
1789148437.072520007	19907012160771	20644856097470
1789148438.084928115	19907062582053	20644901737986
1789148439.097333549	19907317878016	20645186796259
1789148440.109642366	19907355447733	20645224354269
1789148441.122593597	19907632026661	20645527151622
1789148442.135278061	19907687768125	20645566033737
1789148443.148246529	19907948472071	20645872600885
1789148444.160931055	19908029693173	20645927578169
1789148445.173308439	19908341931210	20646190014523
1789148446.185668653	19908380934302	20646298236108
1789148447.198302047	19908650805361	20646576402288
1789148448.211232364	19908711405152	20646618552368
1789148449.223605165	19908948350736	20646911477703
1789148450.235898031	19909032068353	20646949598244
1789148451.248437999	19909240367484	20647237952759
1789148452.260890780	19909373264483	20647281623579
1789148453.273314611	19909576572870	20647574114710
1789148454.285964625	19909675313204	20647612815403
1789148455.298313090	19909847091040	20647907248185
1789148456.310650382	19910017186623	20647973656809
1789148457.323596020	19910230980765	20648231573109
1789148458.336061137	19910318465656	20648285176062
1789148459.348477045	19910561172645	20648499486101
1789148460.360869065	19910619074936	20648605630911
1789148461.373335209	19910854390537	20648788861716
1789148462.385580812	19910979541131	20649006015966
1789148463.398282140	19911184438898	20649213452237
1789148464.411190479	19911302178841	20649338090229
1789148465.423398273	19911491733519	20649546852194
1789148466.435822793	19911593916594	20649649900271
1789148467.448496556	19911866917743	20649783698342
1789148468.460932726	19911926113816	20650011979009
1789148469.473396612	19912118127596	20650211608906
1789148470.485784136	19912217971890	20650293760490
1789148471.498172962	19912460780393	20650451076895
1789148472.510814128	19912548980380	20650634867279
1789148473.523698723	19912725293097	20650832359669
1789148474.536117524	19912861930983	20650957099549
1789148475.548961441	19913107587372	20651103179809
1789148476.561553811	19913153998312	20651249448799
1789148477.574263757	19913266985232	20651508916631
1789148478.586832280	19913477274561	20651582573335
1789148479.599131137	19913590196423	20651860060639
1789148480.611614918	19913820397501	20651955707082
1789148481.624497399	19913985754573	20652219917251
1789148482.637009895	19914145250101	20652300047337
1789148483.649556800	19914398855247	20652511456297
1789148484.662467146	19914439088264	20652623491124
1789148485.674993100	19914606719319	20652955729190
1789148486.687327540	19914771225037	20652994773789
1789148487.700210740	19915073156435	20653193201591
1789148488.712724881	19915112292939	20653316112311
1789148489.725533106	19915231266943	20653657846505
1789148490.738257326	19915444388496	20653697886550
1789148491.750601648	19915707278700	20653940602510
1789148492.762921352	19915794868369	20654058801483
1789148493.775564432	19916004591481	20654332424271
1789148494.788045854	19916126958311	20654371330858
1789148495.800706943	19916222185746	20654652649539
1789148496.812976034	19916507001265	20654761082054
1789148497.825514963	19916761988141	20654902581430
1789148498.838635200	19916808120528	20655071689604
1789148499.851169782	19916923617225	20655346997844
1789148500.863754299	19917112831782	20655386800392
1789148501.876255225	19917204675924	20655570810291
1789148502.888868832	19917384903477	20655697554530
1789148503.901293178	19917529780324	20655822687086
1789148504.914022162	19917715640211	20656048093257
1789148505.927220656	19917852636305	20656158570292
1789148506.939789767	19918049416519	20656392570439
1789148507.952261857	19918184164059	20656506208694
1789148508.964812453	19918401408790	20656763066326
1789148509.977268094	19918562266119	20656856308051
1789148510.989774743	19918723161943	20657104803137
1789148512.002114481	19918779184845	20657265567848
1789148513.014650316	19919024013488	20657435778773
1789148514.027325521	19919205983383	20657490921753
1789148515.039858276	19919345317855	20657767116359
1789148516.052402010	19919409715313	20657872919299
1789148517.064895040	19919596507436	20658067962934
1789148518.077241211	19919647725474	20658184630628
1789148519.089623196	19919928903381	20658390933142
1789148520.102167284	19919977190683	20658480743301
1789148521.114687916	19920022194207	20658729090391
1789148522.127025217	19920295494777	20658787187259
1789148523.139367663	19920328941751	20658820399212
1789148524.151844002	19920368020912	20658859895984
1789148525.164206081	19920410272953	20658901916149
1789148526.176520570	19920549938147	20659000848636
1789148527.189015550	19920768338181	20659280229268
1789148528.201639257	19920817567067	20659330054119
1789148529.214062832	19920866889216	20659379301585
1789148530.226355353	19920916113536	20659428519827
1789148531.238828596	19920965341833	20659478021497
1789148532.251306908	19921014577297	20659527238602
1789148533.263815061	19921063817646	20659576764149
1789148534.276313880	19921113139278	20659626215583
1789148535.287209917	19921162372193	20659675432429
1789148536.299899569	19921211780729	20659724648581
1789148537.312742242	19921261296392	20659773868649
1789148538.325770793	19921300225319	20659816909486
1789148539.338487770	19921359852461	20659872729878
1789148540.350921815	19921409083523	20659921959416
1789148541.363286710	19921458313189	20659971193969
1789148542.375467119	19921507542342	20660020421010
1789148543.387839491	19921556777173	20660069907066
1789148544.400674031	19921606098873	20660119138624
1789148545.413692374	19921657370749	20660168462718
1789148546.426419388	19921704554452	20660217685559
1789148547.438874430	19921753780610	20660267051049
1789148548.451237391	19921803004193	20660316287361
1789148549.464096048	19921837458670	20660351736429
1789148550.476395964	19921876945168	20660390210114
1789148551.488945111	19921953497531	20660621812006
1789148552.501318496	19922284203686	20660790349503
1789148553.514347392	19922336928987	20660843075978
1789148554.526996191	19922389741083	20660896102815
1789148555.539650332	19922442463536	20660946625194
1789148556.552175512	19922495189252	20660999432365
1789148557.564503068	19922533096817	20661038682714
1789148558.577009837	19922578679069	20661078794382
1789148559.589626258	19922627124887	20661132194515
1789148560.602123025	19922679850977	20661184921247
1789148561.614540932	19922732586693	20661237643665
1789148562.627152979	19922785314434	20661290462098
1789148563.639763983	19922838051016	20661343176854
1789148564.652667276	19922890874841	20661396448101
1789148565.665184974	19922943609880	20661449178141
1789148566.677835215	19922995242043	20661501907436
1789148567.690561635	19923049063283	20661554631683
1789148568.703178619	19923101792817	20661607360910
1789148569.715750831	19923140880952	20661646907545
1789148570.728231494	19923180973760	20661688639790
1789148571.740559842	19923233690308	20661739386137
1789148572.753169947	19923286417418	20661792111877
1789148573.765842411	19923341337972	20661844872659
1789148574.778286534	19923391963400	20661897601001
1789148575.791264528	19923444703925	20661951120892
1789148576.804141025	19923517373606	20662022652670
1789148577.816520440	19923689467450	20662318586690
1789148578.829076156	19923876312709	20662392667403
1789148579.841710453	19923928132771	20662444386284
1789148580.854126021	19923953999570	20662472393670
1789148581.866545305	19924005716551	20662521954509
1789148582.879218098	19924059590189	20662573673271
1789148583.891621661	19924111316601	20662625582719
1789148584.904124941	19924160991338	20662677602332
1789148585.916471550	19924212707931	20662729325838
1789148586.928973363	19924264430142	20662781041713
1789148587.941245890	19924316393583	20662832874676
1789148588.953699760	19924368122000	20662884592771
1789148589.966247898	19924419934509	20662936357767
1789148590.978788391	19924471661063	20662988072876
1789148591.991175763	19924525574056	20663039800844
1789148593.003627882	19924575139791	20663091519250
1789148594.016200385	19924626863930	20663143359189
1789148595.028847624	19924678682857	20663195097896
1789148596.041194552	19924730407506	20663246830627
1789148597.053618374	19924771346784	20663290735800
1789148598.066423177	19924833854759	20663350338110
1789148599.079473677	19924885582305	20663402065914
1789148600.091836197	19924937400362	20663454300323
1789148601.104890379	19924989119129	20663506027901
1789148602.117303541	19925108359172	20663751176955
1789148603.130333432	19925289744795	20663827488850
1789148604.142790490	19925324004029	20663861045259
1789148605.155294010	19925350505566	20663886744104
1789148606.167939414	19925384060721	20663921113523
1789148607.180480617	19925409758272	20663946814478
1789148608.193127856	19925444017134	20663981079684
1789148609.205912957	19925478279358	20664015343273
1789148610.218569945	19925504068158	20664041047215
1789148611.231367746	19925538336112	20664075304962
1789148612.243819023	19925564030791	20664100998390
1789148613.256696138	19925598288148	20664135251376
1789148614.269309547	19925623984696	20664160941030
1789148615.281944603	19925658344867	20664195199564
1789148616.294459457	19925957185555	20664377592416
1789148617.306927607	19925995073605	20664571021132
1789148618.319298104	19926191013299	20664770557573
1789148619.331752536	19926237342370	20664823110834
1789148620.344182657	19926418117360	20665056628954
1789148621.356616111	19926539499478	20665145149234
1789148622.369239785	19926743239884	20665350599095
1789148623.381798773	19926800138302	20665396052615
1789148624.394166337	19927006339044	20665550798383
1789148625.406596528	19927051100703	20665646408480
1789148626.419371728	19927229531861	20665817162721
1789148627.431833721	19927381507662	20665957268709
1789148628.444225931	19927600291684	20666069853800
1789148629.456557349	19927742289906	20666298565861
1789148630.469064576	19927908386018	20666442734086
1789148631.481543350	19928074517106	20666680326979
1789148632.493886768	19928285200430	20666783380242
1789148633.506792099	19928404994203	20667040530352
1789148634.519276249	19928536097570	20667180497386
1789148635.531570235	19928726329653	20667362504465
1789148636.544114085	19928956600325	20667410958905
1789148637.556484038	19929097383480	20667743514033
1789148638.568813455	19929151514615	20667933601340
1789148639.581134872	19929439913852	20668095803128
1789148640.593599582	19929608991873	20668193273633
1789148641.606118261	19929761373027	20668407531523
1789148642.619166434	19929935619230	20668515464536
1789148643.631596477	19930142924155	20668779459307
1789148644.644051754	19930259494767	20668921330130
1789148645.656519005	19930415619288	20669052289894
1789148646.668931083	19930476649878	20669246074357
1789148647.681345251	19930708683788	20669365114265
1789148648.693835644	19930769162958	20669575850066
1789148649.706445790	19931020407025	20669686913248
1789148650.719380798	19931097409850	20669883393998
1789148651.732134366	19931343283210	20670019105113
1789148652.744758100	19931411698981	20670231417832
1789148653.757136948	19931674815341	20670390393975
1789148654.769731827	19931752566715	20670577662244
1789148655.782168091	19931986523383	20670722202173
1789148656.794732283	19932142846897	20670843719164
1789148657.807493609	19932318001747	20671034067346
1789148658.820286165	19932366536177	20671246009273
1789148659.832673373	19932670449127	20671416056973
1789148660.845003886	19932748610826	20671616847473
1789148661.857512854	19933003104317	20671767581613
1789148662.869921679	19933189993111	20671873565422
1789148663.882397301	19933236649922	20672021311039
1789148664.894734455	19933383675059	20672178198687
1789148665.907175739	19933538972759	20672343061783
1789148666.919531489	19933627424629	20672552391664
1789148667.932141938	19933891278364	20672705027617
1789148668.944613763	19933954756715	20672941826467
1789148669.957007145	19934213387634	20673037140772
1789148670.969928383	19934288175758	20673265664960
1789148671.983212223	19934537177233	20673381066152
1789148672.995788961	19934634157994	20673603147315
1789148674.008201730	19934839161840	20673723423680
1789148675.020385086	19935036208789	20673872544439
1789148676.032878416	19935151822112	20674075894470
1789148677.045511621	19935402140778	20674198071326
1789148678.058051919	19935514523265	20674448234470
1789148679.070817668	19935583560800	20674679228594
1789148680.083501716	19935848147364	20674801806284
1789148681.095966941	19935985851969	20675046620430
1789148682.109133470	19936171249644	20675144629521
1789148683.121681584	19936286574811	20675442208405
1789148684.134238032	19936514165405	20675487034558
1789148685.146738625	19936719616371	20675708977601
1789148686.159251853	19936796743370	20675799378978
1789148687.171642108	19937021167255	20675981978771
1789148688.184031345	19937119954187	20676122269157
1789148689.196646019	19937315358712	20676394945825
1789148690.209115658	19937481033988	20676483798687
1789148691.221609259	19937695475632	20676740298702
1789148692.234290122	19937833661982	20676846663191
1789148693.246893378	19938057009641	20677073283422
1789148694.259255726	19938105813959	20677158010957
1789148695.271922834	19938271999393	20677461165463
1789148696.284244870	19938438270978	20677500482074
1789148697.297818887	19938571778508	20677802103507
1789148698.310623974	19938789591516	20677841984269
1789148699.322986980	19939022898483	20678079156129
1789148700.335312575	19939092294303	20678164604650
1789148701.347672919	19939365381152	20678356375228
1789148702.359984381	19939404156998	20678476090977
1789148703.372512802	19939649626043	20678721206463
1789148704.385018379	19939777299562	20678858651238
1789148705.397325162	19939991444899	20679125639340
1789148706.409760658	19940099368409	20679200789113
1789148707.422140690	19940333761042	20679422604485
1789148708.434687449	19940373430916	20679464603055
1789148709.447287889	19940606241188	20679747450888
1789148710.459718610	19940734976761	20679786868845
1789148711.472028169	19940999378734	20680028638347
1789148712.485182904	19941039187706	20680110324397
1789148713.497999318	19941315860283	20680385484850
1789148714.510653876	19941402451482	20680483148537
1789148715.523162636	19941607512012	20680698672938
1789148716.535785608	19941807591539	20680881029880
1789148717.548250596	19941900170288	20680981302791
1789148718.561237467	19942185754608	20681099180502
1789148719.573854928	19942242890607	20681354212491
1789148720.586315531	19942415911666	20681590411443
1789148721.598809729	19942585189574	20681686387654
1789148722.611356726	19942701297639	20681969212817
1789148723.623857528	19942918607760	20682019827395
1789148724.636566674	19943202274803	20682215931084
1789148725.649011501	19943242252251	20682382478548
1789148726.661344225	19943370628452	20682704675885
1789148727.673828506	19943585620203	20682745479458
1789148728.686439011	19943819431592	20682965875608
1789148729.698829108	19943858717672	20683028112302
1789148730.712158196	19944091751867	20683271893959
1789148731.724535055	19944181974535	20683341490760
1789148732.737309554	19944434243871	20683614196611
1789148733.749664890	19944514024026	20683653987836
1789148734.762069082	19944777120204	20683920117726
1789148735.774896545	19944817762858	20684016845343
1789148736.787467126	19945090702776	20684253355146
1789148737.799926846	19945129882162	20684348986088
1789148738.812420411	19945368100655	20684661707565
1789148739.824882056	19945492762217	20684701921431
1789148740.837112537	19945736848413	20684925869797
1789148741.849447849	19945775983898	20684964708223
1789148742.862166936	19946059177985	20685257554710
1789148743.873965935	19946098432199	20685297117447
1789148744.886360229	19946402257816	20685559840452
1789148745.898812151	19946449517242	20685623583082
1789148746.911366579	19946736450317	20685904838770
1789148747.923858292	19946784278004	20685977138474
1789148748.936320254	19947089297907	20686287447326
1789148749.948640353	19947181468465	20686354456479
1789148750.961195183	19947431895412	20686639689770
1789148751.973617796	19947512932084	20686720618810
1789148752.986097580	19947744923813	20686953107963
1789148753.999062843	19947824346035	20687038814887
1789148755.011620534	19948038019922	20687265382125
1789148756.024100159	19948102236895	20687375915157
1789148757.036802804	19948381793504	20687618795914
1789148758.049234653	19948490569812	20687713231574
1789148759.061932416	19948704838128	20687960845628
1789148760.074201920	19948781155655	20688096594612
1789148761.086620913	19949038383216	20688293812061
1789148762.099057155	19949169782304	20688413356428
1789148763.111618304	19949371590779	20688627080279
1789148764.124045536	19949496727962	20688771353727
1789148765.136551002	19949674321570	20688978547930
1789148766.148944475	19949883561198	20689074610155
1789148767.161375213	19949987290610	20689291891236
1789148768.173979691	19950248912991	20689358805740
1789148769.186557427	19950310808617	20689645533273
1789148770.198969764	19950497685311	20689792822840
1789148771.211457938	19950614403398	20689988334907
1789148772.223812930	19950792384876	20690162978649
1789148773.236305687	19950968510947	20690362161855
1789148774.248805438	19951020713035	20690616186844
1789148775.261063084	19951312408409	20690706308972
1789148776.273542274	19951523206428	20690941735674
1789148777.285881735	19951627396439	20691011492770
1789148778.298257800	19951866239379	20691249602006
1789148779.310817437	19952000997392	20691404713018
1789148780.323427412	19952280531207	20691636216985
1789148781.335976545	19952374317464	20691748123992
1789148782.348265099	19952604912739	20692048185200
1789148783.360911704	19952737282375	20692091247702
1789148784.374093103	19953010043011	20692363497691
1789148785.386985953	19953099780097	20692453968571
1789148786.399264718	19953404302272	20692727585264
1789148787.411785687	19953463236550	20692826382568
1789148788.424767697	19953749297439	20693122755571
1789148789.437342276	19953826087386	20693190631486
1789148790.450303269	19954077858247	20693552211789
1789148791.465867923	19954231074451	20693602531217
1789148792.478620274	19954524009871	20693914910129
1789148793.491090353	19954573624874	20694009174861
1789148794.503876867	19954848073502	20694241210427
1789148795.516409360	19954897883213	20694364079545
1789148796.528623540	19955221133903	20694624048247
1789148797.541477890	19955277213319	20694754183128
1789148798.554302916	19955504944886	20694927378183
1789148799.566999936	19955573299302	20695076680357
1789148800.580506997	19955760268273	20695231947415
1789148801.593078103	19955882476402	20695373118470
1789148802.605645754	19956131798493	20695602601021
1789148803.618071083	19956319470004	20695714951488
1789148804.631565653	19956476572966	20695976648449
1789148805.644615596	19956591770466	20696181716668
1789148806.657227695	19956830507777	20696330464904
1789148807.669684516	19957048306003	20696455141901
1789148808.682093249	19957094306510	20696594612949
1789148809.694691970	19957273831322	20696792506812
1789148810.707086071	19957486487559	20697006168720
1789148811.719463231	19957720819089	20697177554885
1789148812.732059717	19957838960165	20697388578590
1789148813.744632781	19958126184708	20697549682181
1789148814.757415770	19958214967336	20697764601931
1789148815.770016664	19958257221892	20697806601607
1789148816.782949468	19958299369906	20697848848061
1789148817.795415629	19958395911496	20698026748059
1789148818.807904250	19958639840066	20698208820841
1789148819.820302424	19958689067586	20698258325553
1789148820.832698582	19958738302944	20698309590802
1789148821.845134406	19958787528309	20698356760969
1789148822.857690305	19958836852455	20698406163350
1789148823.870630073	19958886110590	20698455386053
1789148824.883084548	19958935333137	20698504616424
1789148825.895489869	19958986611173	20698553848200
1789148826.908048912	19959033812236	20698605419151
1789148827.920375367	19959087268985	20698658603459
1789148828.933354860	19959132416437	20698704968244
1789148829.946038074	19959206256267	20698776751467
1789148830.958774833	19959255480524	20698826004168
1789148831.971141295	19959304711302	20698875231146
1789148832.983605266	19959354187098	20698924620921
1789148833.996183886	19959403442679	20698973932549
1789148835.008886615	19959452674746	20699023153495
1789148836.021271637	19959503949464	20699072385975
1789148837.033872895	19959551141541	20699121839539
1789148838.046399564	19959600672295	20699171072364
1789148839.059356536	19959649894944	20699220300863
1789148840.071746570	19959699124569	20699269571856
1789148841.084357925	19959748355584	20699318799463
1789148842.096883151	19959974349977	20699574076148
1789148843.110080605	19960160412995	20699691182505
1789148844.122532306	19960209801129	20699740857323
1789148845.135270804	19960259187211	20699790228261
1789148846.147682190	19960308575959	20699839599537
1789148847.160191283	19960357956834	20699888975710
1789148848.172715737	19960407429633	20699938513578
1789148849.185714156	19960456980579	20699987885721
1789148850.198064051	19960508412539	20700037336302
1789148851.210672054	19960555744892	20700086705213
1789148852.223159694	19960605121427	20700136085971
1789148853.235508614	19960670908744	20700206194632
1789148854.247955250	19960728666897	20700259601880
1789148855.260419295	19960778053883	20700309575708
1789148856.272900419	19960827434180	20700358947574
1789148857.285356792	19960876808663	20700408327589
1789148858.297963900	19960926276641	20700457825249
1789148859.310523855	19960977721883	20700507270570
1789148860.323094945	19961025053376	20700556634411
1789148861.335571786	19961074623527	20700606024968
1789148862.348066176	19961126068825	20700660377557
1789148863.360850650	19961173483153	20700707247796
1789148864.374360955	19961226975196	20700754576812
1789148865.387075265	19961455011480	20700910169172
1789148866.399758616	19961611749832	20701153081744
1789148867.412280115	19961664491041	20701208491213
1789148868.424709129	19961717310332	20701261216881
1789148869.437068306	19961770333487	20701311777976
1789148870.449518314	19961823065969	20701364506304
1789148871.462259959	19961875793311	20701417234237
1789148872.474583898	19961928519064	20701469959953
1789148873.486997314	19961981337201	20701522680214
1789148874.499309622	19962034065408	20701575669598
1789148875.511829497	19962086791548	20701628389190
1789148876.524857914	19962139513266	20701681114826
1789148877.537560339	19962192250762	20701734205803
1789148878.550509990	19962245077122	20701786933251
1789148879.562895801	19962297800711	20701839660986
1789148880.575300112	19962350534289	20701892439997
1789148881.587759268	19962403255460	20701945165030
1789148882.600231031	19962455978615	20701997897601
1789148883.612782476	19962508816693	20702050916372
1789148884.625362157	19962539577877	20702077287672
1789148885.638030841	19962587916683	20702129992218
1789148886.650609223	19962640639514	20702182726976
1789148887.663050795	19962693425274	20702235457602
1789148888.676167234	19962746247111	20702288362063
1789148889.688811501	19962798973412	20702341091354
1789148890.701403941	19962877699482	20702637593527
1789148891.713938344	19963117927446	20702678118558
1789148892.726114421	19963151013862	20702716593298
1789148893.738132810	19963184104698	20702746169821
1789148894.750444050	19963213272028	20702775337487
1789148895.763070844	19963243247821	20702804508613
1789148896.775411866	19963273226071	20702836103557
1789148897.787862466	19963310497701	20702872564140
1789148898.800361429	19963349479002	20702911460257
1789148899.812774694	19963378647727	20702940624198
1789148900.825303220	19963410245964	20702969794119
1789148901.837664530	19963446708422	20703008689288
1789148902.850147756	19963475880245	20703038164383
1789148903.862682069	19963505145144	20703068143324
1789148904.875314521	19963571868748	20703112783411
1789148905.887689845	19963793262729	20703425013703
1789148906.900480665	19963830375929	20703461742492
1789148907.912956233	19964062334821	20703703436642
1789148908.925406760	19964099156168	20703740170234
1789148909.937819309	19964357368916	20704004862040
1789148910.950199473	19964447581048	20704068196935
1789148911.962810541	19964730587876	20704238696606
1789148912.975290520	19964814229367	20704434592060
1789148913.987691660	19964946192335	20704644513846
1789148915.000416917	19965070968860	20704711545046
1789148916.013377412	19965166561649	20704841649262
1789148917.026087412	19965339306460	20705009425426
1789148918.038595665	19965392748787	20705075205089
1789148919.051251312	19965694699356	20705364759893
1789148920.064334521	19965729759814	20705399818782
1789148921.077180777	19965953962963	20705689755937
1789148922.089795932	19966025163613	20705724877364
1789148923.102322602	19966166579155	20705957826125
1789148924.115157911	19966341862535	20706041026192
1789148925.128153717	19966577569777	20706096035983
1789148926.140629758	19966660289281	20706399061382
1789148927.153101813	19966781627325	20706447726131
1789148928.165320111	19967006459732	20706744430547
1789148929.177746820	19967042870847	20706780746024
1789148930.190020694	19967293641908	20707081256077
1789148931.202667353	19967329541900	20707117192303
1789148932.215144255	19967552134212	20707362501711
1789148933.227646633	19967595849572	20707403407527
1789148934.240040876	19967671624789	20707655416003
1789148935.252875317	19967952445715	20707749158892
1789148936.265663958	19967993553619	20707944085531
1789148937.278218186	19968301444767	20708108109359
1789148938.290623694	19968358861408	20708221549872
1789148939.303127986	19968589191022	20708425398442
1789148940.315435369	19968632514389	20708468671140
1789148941.327931245	19968897159633	20708744082073
1789148942.340561976	19968933068427	20708788573140
1789148943.353154159	19969143317554	20708992152233
1789148944.365632418	19969179364004	20709054408568
1789148945.378091418	19969226274216	20709360914981
1789148946.391475467	19969516150851	20709431109931
1789148947.404018792	19969576746128	20709638645523
1789148948.416419727	19969815154049	20709730453985
1789148949.429109792	19969922156265	20709821876501
1789148950.441643494	19970151543077	20710076670588
1789148951.454282453	19970195600449	20710124246622
1789148952.466639970	19970477563560	20710392603768
1789148953.479040138	19970513428086	20710428293956
1789148954.492535394	19970774645370	20710659520742
1789148955.505102069	19970811174871	20710696255953
1789148956.517519370	19971023031265	20710851089792
1789148957.530014013	19971177905381	20711052893746
1789148958.542422355	19971269166518	20711259971560
1789148959.555009564	19971515344172	20711399899387
1789148960.567618695	19971597449540	20711540978254
1789148961.580033724	19971874613256	20711729189835
1789148962.592744467	19971920921010	20711822493558
1789148963.605206711	19972162572987	20712027171226
1789148964.617662365	19972198601340	20712062719509
1789148965.630108589	19972469247690	20712323505340
1789148966.643831792	19972505659958	20712389648469
1789148967.656559360	19972720075699	20712663905985
1789148968.669050279	19972812571383	20712706806291
1789148969.681317133	19973069838394	20712853675286
1789148970.693735301	19973169463479	20713034065062
1789148971.706233745	19973304333847	20713197138105
1789148972.718795689	19973467507649	20713322014432
1789148973.731291925	19973656066517	20713382640078
1789148974.743861259	19973798039036	20713632366762
1789148975.756482956	19973860696402	20713733621526
1789148976.769177151	19974105582812	20713939830373
1789148977.782295139	19974149772942	20713995012831
1789148978.794873107	19974418898875	20714317510581
1789148979.807030605	19974510937135	20714354343365
1789148980.819510083	19974767300250	20714645846196
1789148981.832050495	19974888621184	20714732078167
1789148982.844621340	19975130072561	20714963673022
1789148983.857032572	19975215672491	20715068795998
1789148984.869337878	19975413691517	20715243514304
1789148985.881683056	19975573712019	20715386995049
1789148986.894186888	19975829520642	20715449324127
1789148987.906711012	19975922694452	20715707494467
1789148988.919104581	19975987193106	20715867396365
1789148989.931406812	19976290517372	20716104330599
1789148990.943693832	19976374464552	20716186497775
1789148991.956083052	19976598915667	20716412115981
1789148992.968524184	19976643077796	20716459362602
1789148993.980929519	19976887149364	20716759912709
1789148994.993359912	19976923941478	20716796228809
1789148996.006408806	19977169286428	20717079525029
1789148997.018990727	19977261546360	20717134136540
1789148998.031348555	19977423970414	20717397340059
1789148999.043677397	19977569113096	20717441743014
1789149000.056065163	19977783887727	20717591084863
1789149001.068510864	19977936849132	20717809371299
1789149002.081594526	19978168854334	20717887641256
1789149003.094139156	19978265503952	20718138360931
1789149004.107012073	19978377700924	20718247224829
1789149005.119636025	19978525947656	20718428045331
1789149006.132073380	19978585337404	20718512397882
1789149007.144815475	19978863296394	20718794826397
1789149008.157369603	19978899612885	20718831294747
1789149009.170122769	19979181090335	20719122429666
1789149010.182642322	19979218333639	20719159585518
1789149011.195086649	19979473423093	20719420840961
1789149012.207536409	19979545858810	20719497366205
1789149013.219911428	19979799705078	20719674637853
1789149014.232334663	19979856267475	20719827787565
1789149015.244677086	19980074116293	20720022128467
1789149016.257621357	19980155584308	20720116989047
1789149017.270065383	19980295245194	20720321236322
1789149018.282510091	19980434461806	20720396452509
1789149019.295380887	19980633175908	20720477424481
1789149020.308834905	19980745441457	20720746703315
1789149021.321191881	19980887464583	20720857299074
1789149022.337954133	19981064753919	20721116123775
1789149023.350635449	19981129048298	20721224117903
1789149024.363197438	19981393206918	20721444278862
1789149025.375647927	19981447194051	20721497198688
1789149026.388517964	19981721019332	20721752131875
1789149027.401132768	19981757758795	20721788880462
1789149028.413341311	19982028309290	20722084378296
1789149029.426130831	19982097452894	20722138418780
1789149030.439179319	19982320058606	20722417468390
1789149031.451657999	19982387311268	20722457084847
1789149032.464119736	19982586804965	20722719050403
1789149033.476802013	19982706835905	20722766727211
1789149034.490001297	19982876635490	20722996825090
1789149035.502689141	19983046352702	20723086952500
1789149036.514886510	19983152059076	20723336379207
1789149037.527256456	19983344650605	20723394752066
1789149038.539654070	19983391541612	20723611958155
1789149039.551974024	19983664156529	20723714512522
1789149040.566102157	19983711465535	20723903105286
1789149041.578567424	19984004839665	20724055295422
1789149042.591098207	19984088738125	20724180832342
1789149043.603558705	19984304871308	20724364711973
1789149044.616012446	19984381585593	20724438826230
1789149045.628441685	19984668936038	20724733208007
1789149046.640813301	19984728161201	20724792482894
1789149047.653036347	19984990487687	20725041818476
1789149048.665399403	19985029761930	20725078979954
1789149049.678361982	19985273515178	20725405454717
1789149050.690800261	19985390307013	20725449254136
1789149051.703232435	19985671103125	20725740138096
1789149052.714478828	19985708298696	20725797167284
1789149053.726246979	19985890475097	20726106669585
1789149054.738748590	19986065657756	20726184500733
1789149055.751087033	19986142779245	20726491851294
1789149056.763703150	19986454111149	20726592746505
1789149057.776687564	19986674902640	20726739484584
1789149058.789230778	19986772886986	20726921075953
1789149059.801846805	19986908389149	20727038765181
1789149060.814101590	19987082499107	20727240589812
1789149061.826833646	19987138889078	20727413833899
1789149062.839452295	19987374036943	20727532268976
1789149063.851853168	19987469070879	20727665601397
1789149064.864471326	19987694496414	20727862936306
1789149065.877078345	19987757797394	20727969418019
1789149066.889725292	19988022605533	20728221446178
1789149067.902250362	19988088939500	20728296163524
1789149068.915534032	19988361507554	20728560076104
1789149069.928123014	19988398242236	20728596812658
1789149070.940467459	19988670920860	20728839974230
1789149071.953159038	19988708878940	20728877973618
1789149072.965973614	19988979943799	20729169237790
1789149073.978367611	19989018689278	20729207654641
1789149074.990811985	19989197592427	20729559411654
1789149076.003337739	19989387638096	20729597201674
1789149077.015918291	19989591419276	20729879296491
1789149078.028640830	19989677927749	20729928406193
1789149079.041285057	19989790503733	20730270146563
1789149080.054634185	19990037377435	20730307625852
1789149081.067313665	19990213084260	20730537386583
1789149082.079395419	19990336970298	20730656686854
1789149083.091888199	19990582550301	20730798800833
1789149084.104346611	19990628527978	20730948287438
1789149085.116960494	19990850090520	20731102580752
1789149086.130032378	19990958380228	20731307735424
1789149087.142699575	19991133415971	20731456168033
1789149088.155060225	19991258868570	20731657896764
1789149089.167535177	19991404842573	20731798849554
1789149090.180438654	19991588931025	20731997914775
1789149091.193214698	19991696136674	20732111039277
1789149092.205522346	19991917883672	20732346351225
1789149093.217884828	19991991599939	20732439343407
1789149094.230082668	19992285119188	20732743423750
1789149095.242890127	19992331731195	20732798865624
1789149096.255368542	19992594503588	20733102228107
1789149097.267982840	19992631454204	20733139068851
1789149098.280474954	19992899528594	20733434215920
1789149099.292969187	19992971363753	20733508278118
1789149100.305309074	19993250552943	20733728566605
1789149101.317763490	19993341868195	20733907832965
1789149102.330388040	19993588684468	20734167380935
1789149103.342802776	19993681542642	20734277450528
1789149104.355143810	19993876309174	20734541650325
1789149105.367790196	19994009816558	20734586195740
1789149106.380470231	19994211966230	20734789289047
1789149107.391070076	19994310225135	20734915417481
1789149108.401511523	19994506152254	20735069373241
1789149109.413910162	19994584651417	20735247489791
1789149110.426248019	19994863832414	20735459172585
1789149111.438770142	19994911180193	20735507845177
1789149112.451256612	19995183355123	20735798540156
1789149113.463662000	19995220929837	20735836121372
1789149114.476419060	19995502484176	20736118611823
1789149115.489076867	19995540028490	20736164999881
1789149116.501670680	19995792003275	20736397107323
1789149117.515528882	19995829216422	20736434203603
1789149118.527968409	19996041804925	20736711117802
1789149119.540715892	19996153695023	20736768395978
1789149120.553218848	19996193192892	20736809080365
1789149121.566168104	19996235294659	20736849891621
1789149122.578596948	19996370862001	20737007493664
1789149123.591066238	19996615435065	20737229609276
1789149124.603755759	19996664677963	20737278859974
1789149125.616322733	19996718030722	20737333480128
1789149126.629029492	19996763278376	20737379625006
1789149127.641574470	19996812518605	20737426826121
1789149128.654237901	19996863815749	20737476075839
1789149129.666564864	19996913071765	20737525488680
1789149130.680041362	19996962339530	20737578830194
1789149131.692479096	19997009623541	20737623978038
1789149132.705149587	19997060931320	20737677324502
1789149133.717557228	19997113263696	20737722834199
1789149134.730068204	19997182041050	20737796748229
1789149135.742541139	19997231290795	20737845995430
1789149136.755592543	19997280631456	20737895314788
1789149137.768309044	19997329884065	20737944558507
1789149138.780944680	19997379132408	20737993807831
1789149139.793687695	19997428387951	20738045385554
1789149140.806227279	19997477834757	20738092585168
1789149141.818826807	19997527174736	20738141836268
1789149142.831368798	19997576426042	20738191076618
1789149143.843794702	19997625672184	20738240600704
1789149144.856425631	19997674916476	20738289854372
1789149145.868652047	19997724171070	20738339105892
1789149146.881698299	19997904598078	20738682210207
1789149147.894119468	19998077152136	20738731790429
1789149148.906623780	19998126528397	20738781166120
1789149149.918805509	19998175960601	20738830559102
1789149150.931367216	19998225336615	20738881980700
1789149151.943893765	19998276854736	20738929653983
1789149152.956500061	19998329365616	20738979035969
1789149153.969098977	19998375617865	20739032513326
1789149154.981433850	19998422937430	20739079829190
1789149155.993881485	19998472328122	20739129721546
1789149157.006438814	19998523862795	20739181158901
1789149158.018892861	19998583524761	20739241484849
1789149159.031349835	19998645503593	20739300637474
1789149160.043801506	19998682537799	20739340167934
1789149161.056272490	19998744258947	20739399711262
1789149162.068481831	19998793732810	20739449089290
1789149163.081130104	19998843107314	20739498467526
1789149164.093743233	19998893362238	20739547876129
1789149165.106178044	19998942740174	20739597662559
1789149166.118706451	19998992127716	20739647038893
1789149167.131242415	19999042113313	20739696496608
1789149168.143859449	19999091494603	20739745882537
1789149169.156386791	19999140952737	20739795268321
1789149170.168815236	19999237191610	20739979485247
1789149171.181207497	19999465661195	20740159507819
1789149172.193683732	19999515360588	20740209122587
1789149173.206240360	19999564975666	20740260798488
1789149174.218762245	19999614581267	20740310410175
1789149175.231376591	19999664185650	20740357992342
1789149176.243816935	19999715868196	20740407597984
1789149177.256557828	19999788310752	20740482006914
1789149178.269433054	19999838113310	20740531618548
1789149179.282049573	19999887723055	20740581230027
1789149180.294465959	19999937333313	20740630834828
1789149181.306932713	19999986943417	20740680444124
1789149182.320027565	20000036650538	20740730096311
1789149183.332567523	20000086263823	20740779832311
1789149184.345169851	20000137939832	20740829510092
1789149185.358016740	20000185492342	20740879115105
1789149186.370417168	20000235102205	20740928751451
1789149187.382889589	20000286245676	20740982485243
1789149188.395442932	20000334460552	20741027960763
1789149189.408359115	20000386140080	20741081706462
1789149190.420926520	20000433689177	20741129584175
1789149191.433866374	20000483411266	20741177146877
1789149192.446367278	20000533109941	20741226762700
1789149193.458726002	20000582947171	20741276373273
1789149194.471274631	20000830758816	20741577813000
1789149195.483623077	20000908160122	20741611767043
1789149196.496054844	20000941999110	20741645605344
1789149197.508722766	20000975946140	20741679447003
1789149198.521208713	20001009790347	20741713287299
1789149199.533646968	20001043631702	20741747124706
1789149200.546563861	20001077515013	20741780964267
1789149201.558958587	20001114019710	20741814813471
1789149202.571786871	20001156563016	20741859936051
1789149203.584520740	20001190402170	20741893776871
1789149204.597074626	20001224243708	20741927619790
1789149205.609388342	20001258233072	20741961459391
1789149206.622307731	20001303349636	20742006583441
1789149207.635068237	20001337280478	20742040425410
1789149208.647399979	20001371123024	20742074265880
1789149209.659932146	20001425731604	20742267276839
1789149210.672175337	20001680209778	20742373447733
1789149211.684437872	20001839986765	20742433719454
1789149212.697063393	20002007854576	20742721398521
1789149213.709778291	20002075895289	20742794010861
1789149214.722890746	20002366294338	20743089256302
1789149215.735767283	20002403020497	20743126406456
1789149216.748088096	20002693450980	20743416426178
1789149217.760674338	20002730695625	20743453585160
1789149218.773143295	20002922474518	20743763893166
1789149219.785826670	20003047517121	20743799967192
1789149220.798192193	20003222407926	20744022433845
1789149221.810696927	20003374984174	20744156772065
1789149222.823408240	20003557829418	20744309124052
1789149223.835937560	20003683227943	20744504086090
1789149224.848450067	20003728773884	20744641462866
1789149225.860888790	20004002950429	20744843548517
1789149226.873384352	20004134387198	20744903477035
1789149227.885989400	20004270676099	20745181056324
1789149228.898320821	20004313998162	20745224116653
1789149229.910982184	20004587821261	20745508002434
1789149230.923364510	20004625062876	20745545579930
1789149231.935884520	20004875806580	20745834656078
1789149232.948495287	20004952281894	20745882605154
1789149233.961042493	20005274622633	20746024738136
1789149234.973517616	20005319465628	20746259385269
1789149235.985889422	20005600394465	20746360127358
1789149236.998511100	20005645773461	20746605881549
1789149238.011063981	20005692333914	20746807082228
1789149239.023384609	20005946938937	20746917103824
1789149240.036397874	20006041838381	20747045634978
1789149241.049346750	20006255476721	20747255432973
1789149242.061977868	20006299479357	20747320280077
1789149243.074803509	20006603875912	20747594345241
1789149244.087236433	20006648006242	20747647321178
1789149245.099704089	20006961091527	20747927717141
1789149246.111942930	20006998681909	20747999307893
1789149247.124217242	20007246708727	20748299893523
1789149248.136482657	20007346502542	20748347155841
1789149249.148944479	20007593838992	20748589093364
1789149250.161469228	20007683590337	20748704105595
1789149251.173971653	20007739426515	20749000297379
1789149252.186319198	20008061730153	20749121751502
1789149253.198727862	20008115366583	20749378423833
1789149254.211293478	20008410325806	20749470437136
1789149255.223619643	20008574110041	20749606453846
1789149256.235934990	20008740765423	20749781951508
1789149257.248493298	20008787624833	20749942781237
1789149258.261011134	20009078573697	20750168782349
1789149259.273680947	20009142782366	20750260762670
1789149260.286313174	20009427275995	20750507782320
1789149261.298678568	20009506018734	20750551779445
1789149262.311043226	20009756028756	20750821538638
1789149263.323669894	20009793377292	20750884231986
1789149264.336241941	20010063307326	20751199701550
1789149265.348974151	20010152900662	20751243218132
1789149266.361418343	20010364001914	20751574933138
1789149267.373714909	20010492132960	20751612204486
1789149268.386068748	20010743723526	20751845218564
1789149269.399082849	20010781961683	20751912526626
1789149270.411715597	20011004410839	20752120754637
1789149271.424134591	20011041635200	20752202433181
1789149272.436441287	20011292218607	20752371495850
1789149273.449004594	20011352760903	20752533716693
1789149274.462034088	20011520711449	20752748876627
1789149275.474635666	20011691909847	20752862937519
1789149276.487024128	20011951824541	20752969180650
1789149277.499501763	20012022434806	20753203425655
1789149278.511880441	20012282719226	20753300265437
1789149279.524423573	20012371482056	20753523098563
1789149280.536865445	20012498590707	20753676114388
1789149281.549427732	20012691186719	20753862670903
1789149282.561824430	20012808704733	20753978562502
1789149283.574090260	20013012346993	20754213664061
1789149284.586674936	20013085352700	20754312341494
1789149285.599078420	20013340469362	20754522002421
1789149286.611460278	20013426047819	20754578792612
1789149287.623815058	20013699042306	20754861112103
1789149288.636232956	20013735863781	20754897852190
1789149289.648977123	20013988290627	20755199820340
1789149290.661857751	20014025655621	20755237404429
1789149291.674712604	20014277844018	20755512484341
1789149292.688206624	20014315437929	20755556635706
1789149293.701087741	20014554892123	20755819393346
1789149294.713907142	20014616800973	20755857878514
1789149295.726562404	20014827561902	20756119807145
1789149296.739166812	20014906483448	20756157491525
1789149297.751689508	20015147682626	20756362266548
1789149298.764182145	20015236382593	20756477592055
1789149299.776575564	20015424258535	20756678132835
1789149300.789607721	20015575587836	20756866013813
1789149301.802071916	20015763213014	20757052148851
1789149302.814466123	20015915941247	20757196444740
1789149303.827048492	20015969024980	20757437995802
1789149304.839380796	20016255783831	20757585743539
1789149305.851999522	20016499805846	20757671611407
1789149306.864333829	20016595938899	20757945778207
1789149307.877429161	20016743221795	20758070267026
1789149308.889938797	20016906434099	20758255966646
1789149309.902467585	20017094132410	20758324034431
1789149310.914839207	20017249106349	20758579102827
1789149311.927359336	20017321872699	20758741520166
1789149312.939750102	20017609938328	20758939814246
1789149313.952434970	20017726742984	20759044133925
1789149314.964955696	20017971454097	20759291485215
1789149315.977323313	20018082911923	20759390134700
1789149316.989838432	20018311255069	20759592144957
1789149318.002220000	20018363414550	20759698149507
1789149319.014964292	20018652513964	20759962764300
1789149320.027643137	20018701755374	20760066573267
1789149321.040440107	20018982698100	20760302979259
1789149322.052984713	20019032612741	20760394720202
1789149323.065213199	20019294517770	20760595355599
1789149324.077542031	20019342221936	20760668344942
1789149325.090229464	20019655110007	20760928059518
1789149326.102679973	20019742568268	20761011209049
1789149327.115334694	20019986505900	20761278441667
1789149328.128079528	20020036716082	20761349085432
1789149329.140613866	20020328550934	20761639437465
1789149330.153191679	20020403916233	20761684492472
1789149331.165523519	20020640161693	20761945183182
1789149332.179030954	20020699023676	20762025421709
1789149333.191956781	20020940249631	20762342490253
1789149334.204931536	20021047691657	20762387561239
1789149335.217457443	20021362890828	20762644684715
1789149336.230314651	20021408422061	20762694706035
1789149337.243136893	20021698544477	20762996021905
1789149338.255530610	20021749708305	20763041824601
1789149339.268476908	20022085417973	20763313235043
1789149340.281391255	20022131098857	20763423259730
1789149341.293959343	20022427039497	20763709660009
1789149342.306565209	20022473344216	20763755658673
1789149343.318108455	20022778669992	20763992718208
1789149344.330893125	20022817053459	20764070619801
1789149345.343401464	20023100638499	20764381762096
1789149346.355838089	20023157082176	20764449116989
1789149347.368371829	20023419669032	20764744751765
1789149348.380769226	20023479204630	20764792693936
1789149349.393281106	20023763289677	20765100954262
1789149350.405487222	20023870642750	20765192170770
1789149351.417938917	20024113831844	20765537182639
1789149352.430512333	20024214187928	20765614871436
1789149353.443882927	20024525764845	20765887376283
1789149354.455411145	20024563946355	20765974576057
1789149355.467821252	20024836937519	20766230806245
1789149356.480751468	20024875806412	20766286823651
1789149357.493431648	20025158258324	20766521804228
1789149358.506376671	20025196803040	20766607806064
1789149359.519332622	20025369827545	20766960056765
1789149360.531818414	20025559035460	20766999891609
1789149361.544162470	20025790208968	20767322101162
1789149362.556466298	20025880987002	20767361194569
1789149363.568952506	20026164270268	20767601809970
1789149364.581344750	20026203233383	20767663347942
1789149365.593753932	20026424128302	20768006042895
1789149366.606153514	20026584944539	20768045422758
1789149367.618416312	20026824218055	20768376640733
1789149368.631384884	20026925761109	20768445280871
1789149369.643771323	20027198969348	20768730522783
1789149370.656262071	20027237897366	20768826862882
1789149371.668695996	20027481839196	20769147132822
1789149372.681406290	20027580294823	20769198864619
1789149373.693889243	20027812788627	20769530867423
1789149374.706234417	20027901994032	20769569815386
1789149375.719356308	20028223799984	20769810950912
1789149376.731775422	20028263522655	20769911617577
1789149377.744285101	20028546482764	20770173907477
1789149378.756794723	20028585352850	20770233416454
1789149379.769219949	20028885016765	20770505616167
1789149380.781866279	20028946905016	20770585235314
1789149381.794446040	20029229540687	20770858049967
1789149382.806934505	20029268894811	20770897710413
1789149383.819812084	20029511229636	20771149608836
1789149384.832166370	20029549739781	20771188020413
1789149385.845199396	20029817705551	20771457240831
1789149386.857891689	20029870608428	20771518554045
1789149387.870178704	20030050103203	20771850415334
1789149388.882708038	20030180539606	20771908350386
1789149389.895326690	20030438682738	20772143371504
1789149390.907855453	20030540859417	20772268395991
1789149391.920123899	20030681776101	20772563123899
1789149392.932850831	20030901726584	20772649272521
1789149393.945407292	20031062955283	20772894276978
1789149394.957826751	20031251931626	20773008862356
1789149395.970461087	20031301420998	20773313083095
1789149396.982480621	20031592821802	20773369752132
1789149397.994751999	20031749609754	20773585766540
1789149399.007201803	20031933589365	20773710534896
1789149400.019715397	20032022761033	20773968147687
1789149401.032200257	20032264734581	20774081299526
1789149402.044496487	20032312139241	20774353288432
1789149403.056676903	20032644916567	20774491413706
1789149404.069182291	20032693126723	20774751348374
1789149405.081747325	20032946090889	20774822406241
1789149406.094333646	20032993019882	20775055468127
1789149407.106994921	20033286552146	20775191727691
1789149408.119528763	20033349884231	20775371416451
1789149409.131850857	20033608590929	20775513903842
1789149410.144452193	20033683231302	20775669162569
1789149411.157122517	20033948401988	20775873001223
1789149412.169482490	20034047884646	20775977161845
1789149413.181749478	20034287600819	20776162832187
1789149414.194334664	20034378977392	20776243726530
1789149415.206694968	20034636287897	20776492029106
1789149416.219087301	20034677546606	20776533569688
1789149417.231785489	20034716785326	20776572591653
1789149418.244823146	20034756025862	20776612100288
1789149419.258052962	20034809271420	20776680311105
1789149420.270591891	20035098122538	20776971117114
1789149421.283127608	20035157636106	20777035714822
1789149422.295649318	20035219192301	20777095560873
1789149423.308081467	20035268442044	20777144829697
1789149424.320422461	20035317687575	20777194137448
1789149425.332814957	20035367034613	20777243394000
1789149426.345358167	20035391664597	20777268026990
1789149427.357941946	20035440923678	20777319341057
1789149428.370571264	20035492210910	20777366557047
1789149429.383115438	20035539422087	20777415805075
1789149430.395446338	20035592864158	20777465107806
1789149431.407876618	20035638012991	20777514362290
1789149432.421941362	20035687265993	20777563618065
1789149433.434421521	20035736529871	20777612892859
1789149434.447213532	20035785784302	20777662143219
1789149435.459983562	20035835132357	20777711396110
1789149436.472559492	20035884385796	20777760772182
1789149437.485255084	20035935701109	20777814155608
1789149438.497882825	20035982899032	20777859304012
1789149439.510499079	20036032144876	20777908549976
1789149440.523158203	20036081485234	20777957818410
1789149441.535729685	20036130745275	20778009327646
1789149442.548616523	20036182041952	20778056328131
1789149443.561376860	20036253873796	20778130628103
1789149444.573756009	20036464485137	20778360069465
1789149445.586300845	20036656478382	20778502946394
1789149446.598712846	20036705866627	20778552481276
1789149447.611595025	20036755243964	20778601859986
1789149448.623985685	20036804627912	20778651259676
1789149449.636734216	20036856074284	20778701144606
1789149450.649634753	20036903499187	20778750533522
1789149451.662149154	20036952874899	20778799912791
1789149452.675007292	20037002258539	20778850054560
1789149453.687479232	20037051653066	20778899513152
1789149454.700054639	20037101038135	20778948900492
1789149455.712320350	20037150513713	20778998283408
1789149456.724740166	20037199896415	20779047668878
1789149457.737329608	20037249283212	20779099111803
1789149458.749904862	20037300717122	20779150546847
1789149459.762432202	20037348033811	20779196505239
1789149460.775186567	20037397508678	20779247965371
1789149461.787649469	20037446891958	20779297365715
1789149462.800510661	20037496268526	20779346734278
1789149463.813042608	20037545646528	20779396118612
1789149464.825557338	20037601735903	20779453002219
1789149465.838115440	20037669176530	20779517578930
1789149466.850567535	20037718650089	20779566954018
1789149467.863216076	20037810694377	20779672088897
1789149468.875684774	20038052826156	20779951159844
1789149469.888077038	20038102432822	20780000920215
1789149470.900363959	20038152137548	20780050540031
1789149471.912835234	20038201750489	20780100143807
1789149472.925354710	20038242571358	20780144912118
1789149473.937714920	20038280405273	20780180776846
1789149474.950059076	20038325890071	20780226250430
1789149475.962454680	20038386179123	20780286201057
1789149476.975194317	20038450050308	20780348208551
1789149477.987787114	20038499674030	20780398544060
1789149479.000309623	20038549291071	20780448372753
1789149480.012790783	20038598904710	20780497982670
1789149481.025357872	20038648621059	20780547784478
1789149482.037954776	20038698244077	20780597424790
1789149483.050563591	20038747863144	20780647025405
1789149484.061175439	20038797483227	20780696701935
1789149485.071418891	20038847091958	20780746302576
1789149486.083851504	20038896798074	20780795912279
1789149487.096385017	20038950530645	20780845531550
1789149488.108897420	20039000146173	20780900490524
1789149489.121222987	20039070500021	20780969548285
1789149490.133644259	20039120115782	20781019199260
1789149491.146171474	20039169822754	20781069142643
1789149492.158558638	20039290923573	20781304851491
1789149493.171140235	20039513088864	20781432216193
1789149494.183821592	20039546929561	20781466051341
1789149495.196344483	20039580770278	20781499890384
1789149496.208874679	20039614705640	20781533731680
1789149497.221442784	20039648551054	20781567571730
1789149498.234073582	20039682394363	20781602344678
1789149499.246634108	20039721871484	20781644317857
1789149500.259136541	20039761349245	20781680370064
1789149501.271501336	20039795281614	20781715145672
1789149502.283864991	20039829120426	20781748046290
1789149503.296749528	20039862968993	20781782929334
1789149504.309324032	20039908117076	20781827136878
1789149505.322086114	20039941955575	20781860976793
1789149506.334878680	20039987170348	20781906148662
1789149507.347213944	20040147172579	20782009727349
1789149508.359624013	20040316564452	20782215545184
1789149509.372009895	20040391429024	20782361006338
1789149510.384231415	20040676942779	20782615543669
1789149511.396691151	20040747822609	20782752692624
1789149512.409212806	20040987930812	20782916605358
1789149513.421578836	20041042932606	20783043162241
1789149514.434128930	20041298991374	20783266935126
1789149515.446631916	20041443180570	20783312067776
1789149516.459000295	20041609325251	20783627156318
1789149517.471428131	20041674622435	20783697320250
1789149518.483984963	20041938756902	20783956668603
1789149519.496522768	20041989901883	20784005039051
1789149520.509015293	20042298796893	20784309230155
1789149521.521552404	20042337494175	20784384583155
1789149522.534085764	20042639525985	20784617871278
1789149523.546484874	20042678058664	20784744533330
1789149524.558837214	20042961794817	20784999607751
1789149525.571104994	20043028134346	20785094623564
1789149526.583570358	20043314619598	20785365617949
1789149527.596027232	20043388082567	20785463951603
1789149528.608412418	20043588858077	20785755748834
1789149529.621101169	20043757104415	20785833002645
1789149530.633594681	20044087083399	20785994578314
1789149531.645949188	20044127030055	20786203144333
1789149532.658264843	20044342808964	20786400818307
1789149533.670718064	20044457470696	20786553366845
1789149534.683220861	20044674831574	20786738859141
1789149535.695630408	20044789898591	20786885884525
1789149536.707977428	20045026139839	20787060458087
1789149537.720440908	20045150379413	20787247089078
1789149538.733684023	20045434788156	20787366103248
1789149539.746093961	20045533363548	20787619867201
1789149540.758823369	20045683065912	20787876290205
1789149541.771082045	20045856312181	20787922745444
1789149542.783886475	20045994477202	20788198569362
1789149543.796658906	20046208330923	20788294587523
1789149544.809173519	20046341756609	20788580100102
1789149545.821743569	20046528835007	20788655004838
1789149546.834027631	20046794649258	20788809319550
1789149547.846622920	20046841049156	20788966965925
1789149548.858992062	20047136673645	20789097774178
1789149549.871479779	20047192868101	20789308429407
1789149550.883939299	20047349553973	20789516545018
1789149551.896373072	20047534853683	20789680223538
1789149552.909426806	20047829481693	20789808291550
1789149553.922242996	20047886835301	20790042297914
1789149554.933632253	20048143976496	20790210161484
1789149555.946101844	20048249637705	20790405033765
1789149556.959155665	20048409725592	20790688917672
1789149557.971743107	20048582340649	20790787334282
1789149558.984078289	20048795366492	20791016057951
1789149559.996356267	20048894002045	20791138447327
1789149561.008760055	20049204868783	20791297512164
1789149562.021234080	20049245749668	20791499510401
1789149563.033667047	20049361046515	20791806269182
1789149564.046077754	20049598092030	20791851740211
1789149565.058996474	20049788441211	20792100372057
1789149566.071738667	20049930593258	20792233565058
1789149567.084711613	20050093938916	20792526890139
1789149568.097363006	20050293110118	20792576669284
1789149569.109777680	20050526880534	20792817864401
1789149570.122600254	20050646192381	20792969239794
1789149571.135367986	20050979262236	20793146697296
1789149572.147708478	20051019357051	20793342080667
1789149573.160148948	20051303295972	20793575548426
1789149574.172876856	20051362421556	20793725314848
1789149575.185518686	20051530371256	20794080802666
1789149576.198062606	20051716218133	20794147937191
1789149577.210317865	20052001307289	20794421306983
1789149578.222653481	20052040170679	20794480915810
1789149579.235131606	20052363873220	20794715199499
1789149580.247739569	20052403144229	20794774375911
1789149581.260098951	20052698560335	20795098308807
1789149582.272400765	20052759388254	20795153901908
1789149583.284822518	20053034134342	20795401793360
1789149584.297313717	20053103496352	20795476264796
1789149585.310129045	20053354241881	20795745435909
1789149586.323141544	20053447352426	20795827285021
1789149587.335582176	20053687946270	20796088567526
1789149588.348093637	20053776948454	20796177009458
1789149589.360669639	20054010593114	20796451171794
1789149590.373148597	20054080458534	20796560904481
1789149591.385543527	20054343361510	20796783147042
1789149592.397999033	20054396771350	20796926681010
1789149593.410248761	20054647573455	20797146741206
1789149594.422563832	20054862505664	20797204128997
1789149595.435052776	20054992071474	20797461027621
1789149596.447257423	20055068289927	20797651444526
1789149597.459831067	20055333146855	20797811845669
1789149598.472501035	20055495234114	20797953258109
1789149599.484918094	20055618138396	20798116820775
1789149600.497290153	20055668860697	20798392573723
1789149601.509570629	20055942998154	20798461448023
1789149602.522027741	20056201246305	20798596199434
1789149603.534687053	20056249260010	20798807511257
1789149604.547076342	20056366409085	20799139670933
1789149605.559638210	20056633688639	20799221405877
1789149606.572201410	20056905241005	20799472358637
1789149607.585899973	20056999386463	20799616458163
1789149608.598438338	20057254096244	20799920963189
1789149609.611409483	20057312689027	20799976328592
1789149610.624291013	20057560723614	20800277016580
1789149611.636760721	20057626511937	20800371220003
1789149612.649652247	20057876478422	20800661482383
1789149613.662209694	20057932405595	20800826733962
1789149614.674800917	20058208153247	20801064573004
1789149615.687568561	20058409580992	20801164379745
1789149616.699962722	20058556654599	20801490161744
1789149617.712323006	20058744192175	20801668802402
1789149618.724982886	20058873299908	20801876117052
1789149619.737293565	20058961418256	20802162986914
1789149620.749762579	20059230417967	20802243345630
1789149621.762162696	20059545024664	20802469263406
1789149622.774703646	20059596891918	20802629512816
1789149623.787333919	20059870881441	20802864089246
1789149624.800112877	20059920216848	20802940639080
1789149625.812561992	20060225559832	20803220393918
1789149626.825046488	20060352142226	20803295791171
1789149627.837710873	20060569748366	20803592617385
1789149628.850404694	20060721651135	20803642741372
1789149629.862734358	20060973660912	20803967020389
1789149630.875188699	20061058894184	20804118056281
1789149631.887651721	20061296843079	20804349645849
1789149632.900125284	20061504610745	20804425814231
1789149633.912435613	20061611276849	20804663334635
1789149634.924930820	20061692425146	20804886200102
1789149635.937861001	20061966661725	20805058842395
1789149636.950792461	20062016624379	20805339325824
1789149637.963305191	20062292227160	20805403931712
1789149638.975720954	20062528678868	20805609379884
1789149639.990054489	20062637355591	20805788670312
1789149641.002481742	20062804961712	20806101386046
1789149642.015222542	20063021743823	20806192688970
1789149643.028267987	20063305310471	20806432553023
1789149644.041288961	20063345546141	20806525474356
1789149645.053931162	20063621108829	20806799366834
1789149646.066036710	20063714837511	20806898624872
1789149647.077490866	20063912967142	20807265190520
1789149648.089893801	20064107468317	20807333773633
1789149649.102247694	20064340240584	20807687797396
1789149650.114706127	20064506337343	20807765668948
1789149651.127250663	20064743849260	20808061768787
1789149652.140374100	20064899704644	20808115329274
1789149653.152976159	20065087756621	20808375675387
1789149654.165306358	20065276037741	20808443914030
1789149655.177712090	20065383659157	20808721623015
1789149656.190172900	20065440707062	20808929453477
1789149657.202449464	20065705690069	20809053661723
1789149658.214791485	20066000139169	20809118056207
1789149659.227254395	20066070904647	20809458142581
1789149660.239701449	20066322973629	20809589706603
1789149661.252710712	20066396062224	20809832926719
1789149662.265140360	20066608371065	20810062496129
1789149663.277562267	20066711066110	20810147497335
1789149664.290232289	20066947351789	20810377502329
1789149665.302651168	20067036136984	20810502601595
1789149666.315547507	20067319530703	20810740211064
1789149667.328136956	20067380851722	20810857202490
1789149668.340405130	20067654432204	20811084612250
1789149669.353189068	20067695019201	20811180821522
1789149670.365895270	20067959010523	20811415133683
1789149671.378287495	20068006906636	20811467797946
1789149672.391206619	20068268324524	20811817992921
1789149673.403817974	20068388936630	20811889096871
1789149674.416434207	20068688462564	20812200190617
1789149675.429340604	20068754242125	20812278504129
1789149676.442296651	20069017354878	20812503260583
1789149677.455265854	20069089338204	20812578780333
1789149678.467883771	20069330605270	20812866705308
1789149679.480137361	20069418404588	20812945028479
1789149680.492602788	20069673933330	20813229997023
1789149681.505164234	20069747522364	20813343776061
1789149682.517863565	20069987679715	20813612676077
1789149683.530357079	20070109186391	20813714983331
1789149684.542889766	20070281323912	20813936118527
1789149685.555459038	20070337550187	20814096121322
1789149686.568044349	20070594137554	20814268755985
1789149687.580482497	20070660830602	20814439043106
1789149688.593156136	20070947607707	20814611716167
1789149689.605655371	20071090761160	20814738312422
1789149690.618127803	20071299799996	20815012837993
1789149691.630457865	20071385452108	20815184894091
1789149692.642869028	20071590753025	20815353332354
1789149693.655201559	20071668652213	20815547240867
1789149694.667879512	20071912819904	20815705224135
1789149695.680177272	20072012525010	20815855528200
1789149696.692505831	20072274411907	20816076578057
1789149697.705070465	20072445575907	20816194364234
1789149698.717501347	20072617597286	20816469446238
1789149699.729725702	20072676050672	20816673321133
1789149700.741942766	20072999690310	20816871447328
1789149701.754427785	20073067739288	20817077534126
1789149702.766824430	20073304133709	20817205390051
1789149703.779332830	20073343421325	20817244633107
1789149704.791894976	20073385710393	20817286900673
1789149705.804340282	20073427993926	20817329164727
1789149706.816920484	20073704031643	20817529126957
1789149707.829373135	20073832916523	20817763937737
1789149708.841884096	20073882199310	20817813201600
1789149709.854165309	20073931458638	20817862459038
1789149710.867067806	20073980716063	20817911708315
1789149711.879345878	20074029971518	20817960972635
1789149712.891791960	20074079286068	20818010236891
1789149713.904277258	20074123952451	20818058460539
1789149714.916767608	20074177819458	20818108762253
1789149715.929337754	20074220563168	20818156372327
1789149716.941765594	20074251702195	20818184694993
1789149717.954314417	20074325728053	20818256524152
1789149718.966976641	20074375309130	20818305784659
1789149719.979551840	20074424590072	20818355039435
1789149720.991975130	20074473844194	20818404290308
1789149722.004732273	20074504616700	20818428926182
1789149723.017529032	20074549834352	20818482262658
1789149724.030236843	20074597274708	20818529461462
1789149725.042744261	20074671241592	20818601291588
1789149726.055552678	20074720489250	20818650541978
1789149727.068014784	20074769735312	20818699787271
1789149728.080285087	20074819047580	20818749028158
1789149729.092765281	20074868330504	20818798273195
1789149730.105223065	20074917583783	20818847531369
1789149731.117632015	20075026133347	20818980852024
1789149732.130756448	20075259935987	20819209842097
1789149733.143425789	20075309498465	20819259225927
1789149734.155710814	20075358911423	20819308601811
1789149735.168097859	20075410355250	20819357986908
1789149736.180688885	20075457685265	20819409418609
1789149737.193110833	20075507069711	20819458800569
1789149738.205636691	20075556511372	20819506125819
1789149739.218178129	20075605914661	20819555506332
1789149740.230623325	20075655306613	20819604878246
1789149741.243063663	20075704684767	20819654262897
1789149742.255580643	20075754063969	20819703646523
1789149743.268092671	20075803535876	20819753034575
1789149744.281086877	20075852944145	20819802413543
1789149745.293907632	20075902388507	20819851793439
1789149746.306757482	20075933245897	20819876489809
1789149747.319173387	20075978527653	20819929970799
1789149748.331796570	20076027981849	20819979346014
1789149749.344302484	20076100022457	20820049298569
1789149750.356901098	20076149543576	20820098674235
1789149751.369357256	20076198918535	20820148045162
1789149752.381779764	20076248297681	20820197415856
1789149753.394116309	20076297738552	20820246794468
1789149754.406554780	20076347157438	20820298231120
1789149755.419105656	20076502351057	20820466031989
1789149756.431676073	20076671747005	20820681891088
1789149757.444082711	20076721372965	20820729457790
1789149758.456390765	20076771047919	20820781129818
1789149759.469280705	20076833081781	20820844173219
1789149760.482057832	20076874417839	20820884488225
1789149761.494516957	20076924029552	20820933817838
1789149762.507196910	20076969506569	20820978033700
1789149763.519903093	20077019212362	20821027649290
1789149764.532324322	20077068857428	20821077404580
1789149765.544970569	20077118461927	20821127016814
1789149766.557425425	20077170148329	20821176637400
1789149767.570030247	20077217696597	20821226251402
1789149768.582577486	20077267402290	20821277998667
1789149769.595505769	20077317584042	20821325557479
1789149770.608035714	20077367208851	20821375714950
1789149771.620548577	20077416817699	20821425345285
1789149772.633093453	20077466436055	20821474947345
1789149773.645539336	20077516135154	20821524557919
1789149774.658159269	20077567814599	20821578308335
1789149775.671413061	20077620419052	20821624507093
1789149776.683890542	20077689844617	20821698304181
1789149777.696560377	20077739454053	20821747917936
1789149778.709290285	20077789155246	20821797606689
1789149779.722009966	20077971256679	20822132239514
1789149780.734444436	20078114266519	20822181865296
1789149781.747252565	20078148125656	20822215709665
1789149782.759733613	20078181966694	20822249554787
1789149783.772302127	20078216187613	20822283401216
1789149784.785059548	20078250026875	20822317243070
1789149785.797578760	20078283869892	20822351130788
1789149786.810111056	20078317829443	20822384975874
1789149787.822525132	20078363102394	20822430102779
1789149788.835214940	20078388569800	20822455212328
1789149789.847818172	20078431003634	20822497950623
1789149790.859988154	20078464968040	20822531869827
1789149791.872190065	20078509511815	20822576986708
1789149792.884558770	20078543931510	20822610831112
1789149793.897080190	20078577945508	20822644679284
1789149794.909644132	20078657205987	20822919084499
1789149795.922574141	20078919184524	20823035428636
1789149796.935024444	20079133188631	20823078300568
1789149797.947453592	20079288688822	20823386118501
1789149798.959909638	20079367871330	20823498101549
1789149799.972388703	20079585283205	20823702032583
1789149800.984815195	20079627781541	20823744741381
1789149801.996260827	20079920519950	20824037077778
1789149803.008807087	20079956462232	20824073398349
1789149804.021743454	20080122223942	20824402884092
1789149805.034479607	20080311691433	20824438219507
1789149806.046976136	20080512801942	20824611807556
1789149807.059304041	20080656620832	20824773294459
1789149808.071647777	20080764789056	20824903058451
1789149809.083992449	20080985515523	20825101650109
1789149810.096862304	20081062253378	20825168466473
1789149811.109848033	20081329961448	20825426236460
1789149812.122572139	20081365028221	20825461297686
1789149813.135132142	20081693388313	20825674959552
1789149814.147800293	20081727824845	20825774359520
1789149815.160357632	20081978633885	20825889244662
1789149816.172957686	20082084069580	20826110475914
1789149817.185314542	20082187746541	20826218928956
1789149818.197591413	20082408382402	20826464410054
1789149819.210734421	20082443124441	20826498988577
1789149820.223518564	20082742357218	20826768379131
1789149821.236443155	20082777446722	20826803650530
1789149822.249353272	20082841795757	20827128382522
1789149823.261758562	20083122932422	20827178444468
1789149824.274254491	20083210039096	20827379234365
1789149825.286809358	20083420447732	20827485622455
1789149826.299083911	20083521096529	20827593599047
1789149827.311646634	20083756322262	20827890475555
1789149828.324083837	20083791389760	20827925960480
1789149829.336503856	20084080540447	20828219666744
1789149830.349219022	20084116100852	20828259986458
1789149831.361696434	20084408101124	20828414133272
1789149832.373950626	20084451725239	20828615866232
1789149833.386948701	20084496119903	20828856085857
1789149834.399684192	20084779288935	20828982993612
1789149835.412220859	20084876979919	20829102108935
1789149836.424908003	20085145397367	20829378626959
1789149837.437357841	20085189049813	20829429548837
1789149838.449833539	20085480286899	20829732992842
1789149839.462255945	20085515874662	20829768475223
1789149840.474696472	20085785526199	20829978110612
1789149841.487238536	20085820711461	20830073885264
1789149842.499883553	20085877798011	20830328761572
1789149843.512349131	20086116435916	20830389537887
1789149844.525321202	20086158759764	20830560911116
1789149845.537583010	20086464548581	20830688028048
1789149846.549847828	20086534243620	20830767510727
1789149847.562320675	20086810736738	20831043140221
1789149848.574552818	20086846227481	20831089680109
1789149849.587024162	20087076574924	20831406893033
1789149850.599410682	20087182303726	20831455371460
1789149851.611988898	20087322611938	20831723426415
1789149852.624555823	20087527200473	20831790487962
1789149853.637470296	20087610782520	20831996843927
1789149854.650070552	20087875816942	20832139181853
1789149855.662572215	20087941795646	20832288974917
1789149856.674720043	20088192964370	20832465969690
1789149857.687077386	20088275051516	20832516898883
1789149858.699480228	20088529260307	20832792747784
1789149859.711895693	20088565264458	20832828262456
1789149860.724292484	20088845854259	20833089391548
1789149861.736363051	20088893208629	20833146668145
1789149862.748924821	20089068424779	20833442651307
1789149863.761537045	20089191762927	20833524147215
1789149864.772940244	20089287126541	20833807426855
1789149865.785537403	20089548665815	20833851446687
1789149866.798100159	20089618354131	20834078240179
1789149867.811770088	20089926014124	20834198587894
1789149868.824420575	20090094038467	20834275416865
1789149869.837054712	20090245856517	20834508878308
1789149870.849540878	20090308836358	20834603109575
1789149871.862444266	20090583172755	20834845836430
1789149872.874925517	20090627235495	20834890642520
1789149873.886924752	20090890757387	20835153708757
1789149874.899563462	20090928335617	20835190907298
1789149875.912392812	20091219916438	20835446565561
1789149876.925060541	20091257215125	20835539952306
1789149877.937633143	20091475459451	20835821038162
1789149878.950077110	20091614626739	20835897146094
1789149879.960167766	20091849309175	20836043761828
1789149880.972830860	20091904321229	20836226355945
1789149881.985142529	20092100859680	20836401623139
1789149882.997836503	20092243612026	20836545240523
1789149884.010409056	20092399442683	20836699164466
1789149885.022933173	20092592244845	20836903624160
1789149886.035520093	20092792649420	20836970771587
1789149887.048134732	20092914552491	20837285343972
1789149888.060698083	20093068976507	20837378788527
1789149889.073181843	20093234527570	20837644542255
1789149890.085783757	20093378484634	20837708453051
1789149891.098179003	20093543569690	20837993153399
1789149892.110674235	20093618408090	20838062831951
1789149893.123137059	20093903004604	20838352509028
1789149894.135742761	20093960901528	20838404181544
1789149895.148267853	20094252260683	20838691797967
1789149896.160759429	20094289830350	20838729371344
1789149897.173353637	20094600875662	20838996933121
1789149898.185670123	20094639392109	20839079476207
1789149899.198170801	20094881511282	20839341191148
1789149900.210550290	20094919603773	20839379184633
1789149901.223137398	20095169648641	20839641166902
1789149902.235582259	20095240558542	20839689850016
1789149903.248189012	20095318098367	20840014744245
1789149904.260692844	20095600596757	20840059504369
1789149905.273295021	20095792303521	20840303926586
1789149906.285776029	20095949860263	20840399087924
1789149907.298433557	20095996904479	20840716752242
1789149908.311023176	20096289712226	20840798534442
1789149909.323644542	20096406374198	20841031525341
1789149910.336169661	20096590573348	20841158522501
1789149911.348616689	20096662849448	20841391151408
1789149912.361228179	20096940214372	20841538015593
1789149913.373727734	20097036123983	20841722489748
1789149914.386241432	20097240345462	20841877626534
1789149915.398557663	20097297606903	20842056074901
1789149916.410943685	20097582602451	20842220447013
1789149917.423945590	20097667258066	20842365809937
1789149918.436469641	20097933008849	20842570603740
1789149919.448989397	20098005707082	20842675383551
1789149920.461346433	20098261419435	20842918681828
1789149921.473693255	20098361306775	20842969981194
1789149922.486842817	20098611430094	20843297998988
1789149923.499391228	20098656472862	20843356165547
1789149924.511880076	20098957825744	20843656996718
1789149925.524581127	20098998774892	20843695035384
1789149926.537269853	20099268446480	20844005787891
1789149927.550187982	20099346503529	20844043127530
1789149928.562911048	20099575167807	20844330423816
1789149929.575510048	20099646509752	20844373247664
1789149930.588043436	20099878395456	20844617452996
1789149931.600314809	20099946314725	20844702359071
1789149932.613074713	20100189991549	20844900573199
1789149933.625543906	20100295477610	20845061010046
1789149934.637993611	20100600505687	20845171166772
1789149935.650769441	20100645441885	20845450191522
1789149936.663682269	20100779566833	20845666809653
1789149937.676440512	20100965035744	20845779482987
1789149938.689094481	20101188694947	20845872237505
1789149939.701428532	20101303929108	20846118697406
1789149940.714133396	20101368885908	20846276433715
1789149941.726609469	20101635035883	20846468942844
1789149942.739239298	20101684263276	20846584323170
1789149943.751876922	20101982111908	20846816176537
1789149944.764488185	20102054826613	20846863270813
1789149945.776980052	20102310399048	20847144860355
1789149946.789240718	20102349123991	20847183301438
1789149947.801709091	20102640636164	20847464658225
1789149948.814208475	20102677198179	20847501001273
1789149949.826804821	20102893124777	20847802061147
1789149950.839211710	20103073962883	20847849294414
1789149951.851841448	20103188028908	20848142874863
1789149952.864453531	20103421363570	20848186495420
1789149953.877096805	20103626058778	20848335719153
1789149954.889442651	20103759215738	20848544913328
1789149955.902195720	20103938095255	20848666666147
1789149956.914641374	20104068638263	20848883657595
1789149957.927349949	20104124205857	20849039194023
1789149958.940681339	20104389895450	20849224735507
1789149959.953704842	20104494775101	20849319154213
1789149960.966065999	20104748767118	20849613687502
1789149961.978444039	20104812340765	20849687209637
1789149962.991356493	20105047054556	20849932032327
1789149964.003916593	20105083481947	20849968799519
1789149965.016367982	20105290168012	20850328545567
1789149966.029008404	20105431474943	20850366304005
1789149967.041548552	20105710574464	20850602751342
1789149968.054160485	20105788949923	20850734394009
1789149969.066327756	20105927219705	20851008730628
1789149970.078815837	20106087240864	20851052646619
1789149971.091581990	20106311279853	20851191270622
1789149972.103878733	20106434130268	20851419696307
1789149973.116527460	20106614214716	20851515615762
1789149974.129085845	20106734557476	20851739711812
1789149975.141526036	20106903088677	20851782817888
1789149976.154177890	20107100780627	20852136740013
1789149977.166578607	20107144544440	20852188334435
1789149978.179029202	20107424386233	20852512841701
1789149979.191562581	20107513266044	20852549671389
1789149980.204129701	20107762697426	20852829705608
1789149981.216572978	20107820470954	20852896615393
1789149982.229316071	20107911248852	20853210730014
1789149983.241855294	20108167437904	20853253947607
1789149984.254458416	20108213150830	20853519080358
1789149985.267107935	20108514055777	20853610457550
1789149986.279544904	20108579151320	20853773149874
1789149987.292067693	20108901915345	20853978498732
1789149988.304686959	20108949855916	20854082202283
1789149989.317245134	20109209028382	20854335658702
1789149990.329775168	20109246354924	20854375732200
1789149991.342284406	20109536407954	20854653588370
1789149992.354894062	20109573586955	20854690744928
1789149993.367364948	20109800996879	20854990292347
1789149994.380131762	20109931446043	20855078346564
1789149995.392645265	20110155361189	20855286671112
1789149996.405140469	20110308690032	20855475194040
1789149997.417676462	20110444042152	20855689875571
1789149998.430179039	20110656832741	20855852649967
1789149999.442733049	20110730312640	20856038204727
1789150000.455506772	20110976568828	20856201602166
1789150001.468229674	20111039469646	20856331311863
1789150002.481530362	20111323205286	20856518600454
1789150003.494175945	20111400823444	20856562718740
1789150004.506832767	20111599676778	20856883795976
1789150005.519511953	20111684717807	20856920125202
1789150006.532215448	20111790047562	20857249759812
1789150007.544782019	20112030134162	20857285924128
1789150008.557322726	20112113360407	20857560271949
1789150009.569808922	20112347225346	20857632639310
1789150010.582215105	20112380929365	20857666600784
1789150011.594690005	20112419757150	20857705103014
1789150012.607288255	20112458994741	20857744350125
1789150013.619735152	20112519219807	20857869514706
1789150014.632302626	20112776427131	20858111358766
1789150015.644878340	20112820325829	20858155254502
1789150016.657486299	20112864314593	20858199207700
1789150017.670273202	20112930172426	20858265056173
1789150018.682782497	20112974071299	20858308959903
1789150019.695212908	20113017966248	20858352865107
1789150020.708015373	20113061874062	20858398616272
1789150021.720462555	20113107685743	20858440871339
1789150022.732973337	20113171709802	20858506741780
1789150023.745597162	20113215604070	20858550645975
1789150024.758228962	20113259503861	20858594533234
1789150025.770860070	20113303817776	20858638442279
1789150026.783336554	20113347813300	20858682348286
1789150027.795855188	20113391710981	20858726239963
1789150028.808546597	20113435610130	20858770284980
1789150029.821177180	20113481534150	20858814233486
1789150030.833774148	20113542384115	20858880069709
1789150031.846362057	20113589542786	20858924071069
1789150032.858853516	20113633445472	20858967964038
1789150033.871510794	20113679171905	20859012067549
1789150034.884009374	20113743197494	20859077898925
1789150035.896542342	20113787105128	20859122388502
1789150036.910607117	20113960226870	20859434325789
1789150037.923329301	20114138608699	20859483862556
1789150038.935983811	20114187998947	20859533237367
1789150039.949043005	20114237387063	20859583030678
1789150040.961798197	20114290876771	20859632415386
1789150041.974482463	20114340532176	20859687562269
1789150042.986989391	20114410519897	20859756085058
1789150043.999414453	20114441049668	20859784588009
1789150045.011997342	20114509391918	20859854919180
1789150046.024441244	20114558771161	20859904299023
1789150047.036883113	20114608245053	20859953680713
1789150048.049314605	20114657637190	20860003055762
1789150049.061818065	20114707020093	20860052432005
1789150050.074262792	20114731716381	20860079620908
1789150051.086703505	20114788115870	20860137818282
1789150052.099203002	20114855259124	20860201108679
1789150053.111601684	20114904642965	20860250552616
1789150054.124180033	20114954023003	20860299919745
1789150055.136463811	20115003401776	20860349399376
1789150056.148894760	20115054902931	20860398783553
1789150057.161358207	20115119065311	20860468417448
1789150058.173795908	20115176402386	20860522339309
1789150059.186162446	20115225785457	20860571714700
1789150060.198657447	20115520105974	20860759861768
1789150061.211230257	20115569907676	20860915970574
1789150062.223871583	20115619601754	20860965584682
1789150063.236325345	20115669224196	20861015431907
1789150064.248838748	20115718900603	20861065090406
1789150065.261412810	20115770573954	20861114702331
1789150066.273900443	20115818121236	20861166366444
1789150067.286360054	20115867814812	20861213919439
1789150068.298804271	20115942224391	20861288333907
1789150069.311306703	20115991843916	20861338438302
1789150070.323963971	20116041457203	20861388044530
1789150071.336785800	20116091068223	20861437656263
1789150072.349276674	20116140839564	20861487804377
1789150073.361715679	20116165654945	20861514670434
1789150074.374061388	20116215262321	20861564273651
1789150075.386475679	20116267267210	20861611831998
1789150076.397205630	20116321001876	20861661444754
1789150077.407500494	20116386580367	20861736508675
1789150078.420134028	20116439139762	20861786116178
1789150079.432565285	20116488743890	20861835728113
1789150080.445283082	20116538623853	20861885345497
1789150081.457726083	20116588230216	20861935307768
1789150082.470355925	20116637939564	20861984919288
1789150083.482010295	20116703087799	20862094543005
1789150084.494945631	20116987415838	20862351844721
1789150085.507631353	20117028689948	20862385752640
1789150086.520011410	20117062532385	20862419594428
1789150087.532481926	20117096471525	20862453438563
1789150088.544997310	20117130315365	20862487279947
1789150089.557550396	20117164164852	20862521121810
1789150090.570061271	20117198005738	20862554967862
1789150091.582820288	20117231843643	20862588812737
1789150092.595168476	20117265783910	20862623732864
1789150093.607727428	20117299623825	20862656634311
1789150094.620230456	20117333465630	20862690473446
1789150095.632688686	20117368253257	20862726293734
1789150096.645760080	20117412434384	20862769531386
1789150097.658652594	20117446389831	20862803372628
1789150098.671348955	20117480232376	20862837219043
1789150099.683725273	20117692976781	20862902878152
1789150100.696319499	20117787889338	20863174797956
1789150101.708782713	20117842759665	20863272822833
1789150102.721219493	20118142418530	20863559065662
1789150103.733672600	20118177894271	20863594544508
1789150104.746319048	20118487164519	20863851223591
1789150105.758898805	20118522358616	20863929623099
1789150106.772095343	20118749888756	20864108989211
1789150107.784695098	20118846180425	20864303287244
1789150108.797269109	20118963755641	20864430094538
1789150109.809777649	20119172985108	20864669361228
1789150110.822668326	20119255370823	20864711910082
1789150111.835791275	20119519979132	20865032749821
1789150112.848780594	20119570843073	20865066999260
1789150113.861340339	20119741068285	20865348773437
1789150114.873843112	20119874061406	20865390242332
1789150115.886426440	20119923829589	20865599998558
1789150116.899212845	20120189256841	20865695972118
1789150117.911765463	20120233198367	20865749475365
1789150118.924082601	20120481923992	20865998189959
1789150119.936438741	20120691390254	20866120855317
1789150120.949172551	20120777778818	20866284530239
1789150121.961739146	20120831799246	20866377529542
1789150122.974257831	20121071034511	20866597629830
1789150123.986833536	20121105256562	20866631466708
1789150124.999797772	20121336738052	20866910600032
1789150126.012806291	20121438551085	20866994461506
1789150127.026081464	20121565023265	20867186392705
1789150128.038955816	20121755158534	20867321233856
1789150129.051522838	20121856706603	20867414285325
1789150130.064015099	20122059041345	20867615874492
1789150131.077259803	20122295610476	20867781784833
1789150132.089936381	20122361849701	20867958219303
1789150133.102543823	20122560776578	20868004614841
1789150134.115185869	20122647183841	20868264150111
1789150135.127349468	20122680954931	20868297926073
1789150136.139965021	20122959552298	20868564775016
1789150137.152307581	20122993415252	20868619951438
1789150138.164815143	20123049593629	20868908078998
1789150139.177289305	20123325311535	20868983077251
1789150140.189860397	20123369307069	20869111308972
1789150141.202256723	20123621849069	20869338558564
1789150142.214993403	20123655678206	20869372498511
1789150143.227634622	20123905913605	20869681952597
1789150144.240101557	20123998769678	20869716273490
1789150145.252394029	20124193277963	20869896649072
1789150146.265000682	20124314380161	20870053872856
1789150147.277664666	20124361940909	20870181757471
1789150148.290146148	20124626918951	20870443663809
1789150149.302623140	20124660644302	20870477053340
1789150150.315186824	20124848006039	20870803625785
1789150151.327778261	20125033557412	20870860083554
1789150152.340177842	20125184398036	20871035952872
1789150153.352918174	20125309199861	20871175523413
1789150154.365346690	20125580340499	20871472070893
1789150155.378376843	20125661928800	20871518275265
1789150156.390880634	20125800266470	20871735777867
1789150157.403498000	20125995526114	20871842164704
1789150158.415955188	20126164940895	20871885106822
1789150159.428353035	20126309066186	20872176143532
1789150160.440799730	20126343215974	20872209952860
1789150161.452143969	20126611938854	20872466527144
1789150162.465820844	20126646192577	20872523462049
1789150163.478512432	20126734907597	20872767159733
1789150164.491213033	20126921243515	20872848379744
1789150165.503742171	20126966699810	20872963054061
1789150166.516320976	20127263317120	20873230326630
1789150167.528862238	20127297091407	20873263758179
1789150168.541426881	20127500499879	20873511003880
1789150169.554047128	20127579238413	20873565788258
1789150170.566526829	20127836651084	20873619388612
1789150171.579202062	20127915119903	20873941146868
1789150172.591909865	20127965079764	20874009115517
1789150173.604439491	20128257078598	20874303234680
1789150174.617003512	20128291296619	20874337457342
1789150175.629730733	20128424326379	20874630118746
1789150176.642033109	20128573017710	20874679185018
1789150177.654614769	20128624624887	20874854884340
1789150178.667116831	20128888111598	20875024202166
1789150179.679958638	20128930079206	20875065653746
1789150180.691798881	20129211316783	20875379905706
1789150181.704416179	20129245148091	20875420097365
1789150182.717469500	20129467754807	20875606079830
1789150183.730820619	20129577667781	20875782322997
1789150184.744446884	20129638694846	20875936373202
1789150185.756902468	20129864091960	20876146957399
1789150186.769621501	20129898424760	20876181610266
1789150187.782161041	20130119541019	20876539803792
1789150188.794378751	20130251252886	20876574308845
1789150189.806963021	20130423146903	20876805382122
1789150190.819910740	20130562932514	20876915973904
1789150191.832754180	20130609386406	20877043430339
1789150192.845682020	20130897117304	20877290162593
1789150193.858840530	20130931031388	20877324303015
1789150194.871604255	20131229527862	20877573922417
1789150195.883990313	20131262770535	20877695883907
1789150196.896463304	20131348403894	20877864681031
1789150197.909133296	20131546890757	20877979963728
1789150198.921791710	20131634227623	20878020863811
1789150199.934185109	20131818204954	20878261725303
1789150200.946738780	20131852006768	20878295112919
1789150201.959521613	20131945146643	20878587441648
1789150202.972151892	20132174152777	20878636977522
1789150203.984625471	20132294652979	20878731499793
1789150204.996992583	20132478653396	20878962086362
1789150206.009432743	20132512870739	20878995891283
1789150207.021898822	20132741798787	20879294192954
1789150208.034423521	20132778639020	20879463780099
1789150209.046941665	20133075420076	20879647609451
1789150210.059388981	20133108842575	20879681068810
1789150211.071729623	20133358582196	20879989694052
1789150212.084262934	20133451051906	20880033572527
1789150213.097449451	20133677154935	20880176522380
1789150214.110519291	20133756487551	20880378801806
1789150215.123270873	20133806887072	20880499598071
1789150216.135709854	20134058433696	20880700734772
1789150217.148191821	20134091457757	20880734120855
1789150218.160678409	20134300251667	20880995007079
1789150219.173115596	20134353868754	20881035897047
1789150220.185668568	20134507289008	20881147947566
1789150221.197930106	20134677233279	20881378981359
1789150222.210345465	20134711036380	20881412750161
1789150223.223989175	20134970279704	20881681943980
1789150224.236877840	20135184609208	20881772206341
1789150225.249349428	20135255932197	20881977692101
1789150226.261840306	20135307078630	20882038157100
1789150227.274463813	20135569257733	20882281319643
1789150228.286902815	20135602636328	20882315124514
1789150229.299327655	20135756278288	20882595105866
1789150230.311724927	20135908238221	20882674987684
1789150231.324285287	20136205013041	20882926941486
1789150232.336572156	20136238815313	20882960743429
1789150233.349529638	20136470043601	20883161116621
1789150234.362724653	20136511424122	20883253144984
1789150235.375511810	20136685173787	20883338528060
1789150236.387940553	20136796423858	20883607625382
1789150237.400374726	20136839292603	20883651446585
1789150238.412958349	20137108852434	20883900833787
1789150239.425383762	20137293843113	20884022591466
1789150240.438040182	20137413034218	20884254604813
1789150241.450540197	20137454381487	20884302725812
1789150242.462877921	20137714905799	20884556539625
1789150243.475402517	20137748288435	20884589925522
1789150244.487828567	20137857098782	20884871729480
1789150245.500390552	20138070052703	20884922650382
1789150246.513413215	20138113785421	20885064373829
1789150247.526079033	20138385010168	20885227828137
1789150248.538553609	20138418916289	20885261633428
1789150249.551314881	20138667538378	20885499217855
1789150250.564172532	20138701039622	20885544073257
1789150251.576859604	20138798629961	20885763646186
1789150252.589387918	20138995307487	20885867859362
1789150253.601995159	20139039143750	20885969553357
1789150254.614764915	20139338007330	20886231012269
1789150255.627191229	20139372230011	20886265235765
1789150256.639835286	20139577108764	20886564541717
1789150257.652462922	20139695990777	20886599185853
1789150258.665011223	20139923282765	20886722345726
1789150259.677620867	20140001130247	20886904544705
1789150260.689988027	20140051715069	20887000265952
1789150261.702201935	20140303748604	20887236756009
1789150262.714953391	20140338391654	20887271396015
1789150263.727847736	20140513793150	20887599171867
1789150264.740659482	20140660548874	20887633149566
1789150265.753065043	20140854261120	20887763359664
1789150266.765640153	20141006387663	20888009233644
1789150267.778452218	20141106968802	20888076522131
1789150268.791085693	20141348016164	20888360624634
1789150269.803938722	20141381914982	20888394435518
1789150270.816717474	20141619977957	20888635714375
1789150271.829247461	20141683915553	20888726487539
1789150272.841746565	20141737383416	20888928578447
1789150273.854493676	20141978736148	20889032143303
1789150274.865668122	20142019684424	20889073254757
1789150275.878655530	20142264838433	20889404327219
1789150276.891278750	20142335599222	20889438648800
1789150277.903993849	20142596452142	20889617751028
1789150278.916630738	20142638320675	20889772149858
1789150279.929060102	20142702489693	20889954446396
1789150280.941561542	20142954331314	20890107740800
1789150281.954108657	20143012755260	20890152639539
1789150282.967213922	20143296564771	20890450362942
1789150283.979699938	20143331219719	20890485430637
1789150284.992103789	20143582289585	20890691825705
1789150286.004560645	20143627837125	20890873140067
1789150287.017032147	20143875837167	20891138674990
1789150288.029432239	20143910475935	20891173314861
1789150289.042086369	20144149084639	20891401155869
1789150290.054775267	20144259355958	20891500501895
1789150291.067696015	20144495351623	20891808682247
1789150292.081746616	20144529577469	20891842906620
1789150293.094364005	20144711786596	20892230504316
1789150294.107022662	20144902415461	20892265282105
1789150295.119808572	20145017556943	20892541641171
1789150296.132277427	20145234801443	20892597628444
1789150297.144626064	20145308332460	20892736934735
1789150298.156964797	20145589495617	20892982449893
1789150299.169538047	20145623401826	20893016676411
1789150300.182044599	20145852702155	20893353815707
1789150301.194440083	20145936833770	20893389158493
1789150302.206882001	20146109093021	20893584957055
1789150303.219180396	20146258927553	20893731217917
1789150304.231725975	20146301698965	20893865322744
1789150305.244228835	20146542928317	20894045127153
1789150306.256635360	20146606749684	20894296539444
1789150307.269469612	20146835926719	20894338428660
1789150308.282219339	20146874860848	20894495927279
1789150309.294312754	20147121701874	20894634440161
1789150310.306770386	20147156506151	20894669388899
1789150311.319067162	20147415022247	20894940307808
1789150312.331365418	20147449314874	20894992175569
1789150313.344138093	20147675445428	20895168514589
1789150314.356401307	20147741307839	20895303989114
1789150315.369066583	20148004205739	20895586666829
1789150316.381472462	20148038411812	20895620878265
1789150317.393894095	20148328990824	20895800424288
1789150318.406399253	20148370938711	20895983131219
1789150319.419099435	20148445129375	20896176562913
1789150320.431679387	20148627968622	20896260158355
1789150321.444313689	20148857681361	20896549549671
1789150322.456734634	20148932354731	20896584708785
1789150323.469189466	20149193470478	20896714176622
1789150324.481745656	20149243067146	20896876874891
1789150325.494321607	20149527157731	20897139420227
1789150326.506947643	20149560944809	20897173248241
1789150327.519412982	20149701920057	20897444624247
1789150328.532154255	20149854253766	20897486535248
1789150329.544811151	20150017065378	20897588472410
1789150330.557103255	20150180255148	20897842464478
1789150331.569472811	20150247432640	20897894126421
1789150332.581948029	20150443604085	20898116023553
1789150333.594315780	20150476711991	20898149206794
1789150334.606901299	20150692716861	20898406210688
1789150335.619303973	20150775410266	20898467420389
1789150336.631765312	20150814645353	20898506651864
1789150337.644256998	20150853886022	20898547455078
1789150338.657008495	20151096315664	20898612946982
1789150339.669607269	20151193742995	20898897869100
1789150340.682220315	20151266094975	20898969932911
1789150341.694817265	20151292401060	20898996608462
1789150342.707432093	20151341651430	20899046023666
1789150343.719989682	20151390896064	20899093223996
1789150344.732479367	20151440141781	20899142468366
1789150345.745068071	20151489485439	20899192019233
1789150346.757552998	20151538739988	20899241262537
1789150347.769998217	20151588132577	20899290524864
1789150348.782669405	20151637384966	20899339808901
1789150349.795235264	20151686638084	20899389057555
1789150350.807763638	20151736324090	20899438361423
1789150351.820238861	20151785572858	20899487615117
1789150352.832510849	20151821996312	20899524912149
1789150353.845068934	20151870738639	20899574296163
1789150354.857611167	20151924790595	20899628203477
1789150355.870100482	20151958041543	20899662555771
1789150356.883299098	20152011391699	20899715033746
1789150357.895766878	20152056675808	20899761275593
1789150358.908657217	20152105922421	20899810528226
1789150359.921572622	20152179817613	20899882504869
1789150360.934422662	20152229167336	20899931752225
1789150361.947289973	20152278416816	20899980996915
1789150362.959817960	20152349953734	20900070089155
1789150363.972331013	20152670429991	20900356180949
1789150364.984736035	20152719907533	20900442440864
1789150365.997212003	20152769463849	20900491818173
1789150367.009822678	20152818846095	20900541593016
1789150368.022096500	20152868620005	20900590981606
1789150369.034516045	20152895374621	20900619782293
1789150370.047013462	20152942694947	20900667098813
1789150371.059451870	20152992227162	20900714474572
1789150372.071974626	20153041604002	20900763848847
1789150373.085138797	20153090981980	20900813239227
1789150374.097777086	20153140353664	20900862627519
1789150375.110271764	20153189731499	20900912243075
1789150376.122831782	20153239202241	20900961617270
1789150377.135153668	20153288583990	20901011045477
1789150378.147716083	20153337972060	20901060444578
1789150379.160164186	20153387348495	20901109821109
1789150380.172637839	20153436727811	20901159252875
1789150381.185158130	20153486207260	20901208733213
1789150382.197671048	20153535647241	20901258104642
1789150383.210099940	20153585022207	20901307488176
1789150384.222643941	20153634397686	20901356867006
1789150385.235082626	20153683785168	20901406606852
1789150386.247753657	20153733253940	20901455987832
1789150387.260017460	20153782633020	20901505372091
1789150388.272225219	20154048348437	20901682402521
1789150389.284551794	20154146588595	20901869330389
1789150390.297099381	20154196206615	20901918970002
1789150391.309605112	20154246165241	20901968578545
1789150392.322081290	20154295792350	20902018194452
1789150393.334502109	20154345399243	20902067803268
1789150394.347060019	20154395014791	20902117512222
1789150395.359431733	20154444630750	20902167120498
1789150396.372045801	20154494343461	20902216735433
1789150397.384408975	20154544089324	20902266348217
1789150398.397023697	20154593697464	20902315957268
1789150399.409397924	20154643312843	20902365878572
1789150400.421885895	20154693202683	20902415484429
1789150401.434318337	20154720174063	20902444422011
1789150402.446985822	20154772862070	20902489903542
1789150403.459339018	20154817319632	20902539579820
1789150404.471898400	20154866928081	20902589189694
1789150405.484305976	20154916533831	20902638806738
1789150406.497087495	20154966242930	20902688859193
1789150407.509567248	20155015863663	20902738559746
1789150408.522038933	20155065493018	20902788174217
1789150409.534611101	20155115104687	20902837820094
1789150410.547063147	20155166795962	20902891564396
1789150411.559931356	20155216494511	20902941176745
1789150412.572275873	20155426098379	20903077018581
1789150413.584615440	20155542710225	20903294995967
1789150414.597279581	20155576548665	20903328828401
1789150415.609711291	20155600990767	20903354202905
1789150416.622297991	20155633050112	20903386164740
1789150417.634860670	20155678168687	20903430436265
1789150418.647372525	20155711432650	20903464272160
1789150419.659702974	20155734788085	20903486833996
1789150420.672192916	20155779906680	20903531947173
1789150421.684650485	20155813838504	20903565785413
1789150422.697262083	20155847693554	20903599688422
1789150423.709856478	20155881534160	20903633520058
1789150424.722407355	20155915376536	20903667359782
1789150425.735062267	20155949218757	20903701195172
1789150426.747659388	20155983155796	20903736090773
1789150427.760292161	20156017936799	20903770869130
1789150428.773221075	20156227592044	20903977970659
1789150429.785860891	20156363265196	20904145158470
1789150430.798552611	20156441074248	20904445000001
1789150431.811320592	20156735008973	20904518038751
1789150432.824770358	20156967845754	20904698407626
1789150433.837879777	20157067292468	20904919827550
1789150434.850437549	20157226092421	20905165635081
1789150435.863048050	20157358196668	20905220938544
1789150436.875485476	20157538104482	20905426801877
1789150437.888239292	20157680320438	20905523350515
1789150438.901316576	20157869822942	20905714947432
1789150439.914062401	20157971755159	20905825112076
1789150440.926580120	20158065921220	20906100505980
1789150441.939044989	20158282429297	20906165687095
1789150442.951680074	20158468653635	20906336069637
1789150443.964218873	20158633654789	20906566469381
1789150444.976645654	20158691742348	20906831886305
1789150445.989129466	20158954112736	20906887340718
1789150447.002007282	20159050153804	20907099356267
1789150448.014895616	20159256177121	20907179972186
1789150449.027284665	20159323295167	20907408903279
1789150450.039896280	20159536954329	20907491247965
1789150451.052299475	20159648862957	20907680025274
1789150452.063185619	20159857524300	20907832217240
1789150453.073678313	20160075420009	20907914734295
1789150454.086692243	20160149650815	20908154185929
1789150455.099314497	20160231248918	20908339724212
1789150456.111849998	20160501336873	20908506248070
1789150457.124848304	20160581368814	20908710241313
1789150458.137485912	20160803920304	20908828705272
1789150459.150204577	20160961732724	20908974516613
1789150460.162707659	20161136871453	20909172188899
1789150461.175328074	20161202143572	20909416504707
1789150462.188183247	20161449287986	20909484730778
1789150463.201385519	20161619106064	20909644258170
1789150464.214471026	20161761066344	20909806424523
1789150465.227858034	20161857927140	20910013973388
1789150466.240274650	20162091537618	20910166422520
1789150467.252780540	20162136029613	20910397553988
1789150468.265746596	20162431582694	20910497405627
1789150469.278240090	20162665700743	20910553775139
1789150470.290863524	20162762883767	20910818716225
1789150471.303582358	20162899905225	20910949877807
1789150472.315911941	20163114968098	20911210339096
1789150473.328395027	20163163910844	20911426681106
1789150474.340996988	20163437115038	20911552116989
1789150475.353946878	20163494886860	20911746589230
1789150476.367188988	20163758235138	20911893180818
1789150477.380415254	20163847437062	20912054456006
1789150478.393225565	20164090508307	20912294933426
1789150479.405920515	20164153348323	20912476811094
1789150480.418301409	20164422081260	20912666491072
1789150481.430933540	20164465299220	20912870350294
1789150482.443672093	20164743837869	20913028170222
1789150483.456632738	20164866574248	20913164489372
1789150484.469230908	20165066081911	20913370657103
1789150485.481615456	20165183055081	20913514143258
1789150486.495358559	20165417250940	20913732269201
1789150487.507776344	20165489335080	20913900720702
1789150488.520741839	20165749246977	20914094171170
1789150489.533214739	20165796344720	20914250483406
1789150490.545534352	20166061239853	20914436492248
1789150491.557847895	20166308470309	20914476566919
1789150492.570259698	20166359820287	20914767890805
1789150493.582756838	20166460014291	20914914394911
1789150494.595207216	20166664873453	20915080346339
1789150495.607644680	20166800823874	20915204783307
1789150496.620062441	20167016937927	20915462598256
1789150497.632454782	20167113455362	20915625563660
1789150498.644961790	20167359268202	20915844321752
1789150499.657421666	20167417104565	20916047487555
1789150500.669979402	20167721720373	20916186796882
1789150501.682520984	20167931599398	20916284606653
1789150502.695158177	20168044650802	20916519663200
1789150503.707672370	20168172182425	20916678987009
1789150504.720095196	20168396962374	20916881782068
1789150505.732579057	20168584189446	20917022528968
1789150506.745406250	20168709644677	20917234003802
1789150507.757879201	20168827539059	20917428702349
1789150508.770240432	20169042465757	20917576898664
1789150509.782786797	20169120435334	20917816010270
1789150510.795310216	20169373985776	20917919236018
1789150511.807743750	20169524532134	20918087203209
1789150512.820525779	20169674689486	20918219818943
1789150513.834885981	20169914333162	20918304260110
1789150514.847783616	20169977344956	20918532648192
1789150515.860710210	20170045377198	20918763781245
1789150516.873876259	20170320262263	20918885672229
1789150517.887866677	20170366112455	20919142652089
1789150518.900658977	20170701794074	20919277171864
1789150519.913095047	20170784562401	20919510303952
1789150520.925584102	20171074556782	20919630191399
1789150521.937933492	20171127870966	20919913287304
1789150522.950774891	20171395610835	20919990910516
1789150523.963277955	20171464388423	20920244435515
1789150524.975735192	20171718561736	20920344023348
1789150525.987992254	20171846390268	20920561138894
1789150527.001239186	20172051141997	20920686833458
1789150528.013731801	20172204636307	20920913901695
1789150529.026190723	20172364709279	20920990706623
1789150530.038907322	20172483430496	20921267577236
1789150531.051265434	20172687848903	20921314922259
1789150532.063912728	20172842049183	20921576582182
1789150533.076249694	20172990469638	20921627095819
1789150534.088823985	20173125599437	20921930910150
1789150535.101504599	20173313198307	20921969912766
1789150536.114518670	20173470417397	20922259983255
1789150537.127168238	20173656182648	20922322984993
1789150538.139552278	20173817759183	20922595883379
1789150539.152188880	20173938042778	20922635009239
1789150540.165195416	20174119523498	20922927969164
1789150541.177666713	20174261002862	20922968209968
1789150542.190302490	20174495639953	20923242788364
1789150543.202970807	20174574590950	20923291858421
1789150544.215712061	20174802682026	20923595741881
1789150545.228126604	20174927945491	20923635831180
1789150546.240358668	20175154261047	20923948355856
1789150547.252772790	20175269461585	20923987683740
1789150548.265607615	20175533959326	20924255564153
1789150549.278151510	20175573317686	20924340608522
1789150550.291809827	20175866930244	20924599384790
1789150551.304806700	20175906239927	20924664954317
1789150552.318818155	20176169963140	20924939089156
1789150553.331256031	20176218299497	20924990944903
1789150554.343809175	20176514080627	20925293499631
1789150555.356354424	20176560107026	20925344473105
1789150556.368669274	20176846558309	20925626220518
1789150557.381046743	20176908237692	20925697806030
1789150558.393629715	20177209842005	20925989378411
1789150559.406148923	20177286669183	20926067847446
1789150560.418196158	20177522346217	20926331505734
1789150561.431312910	20177588977085	20926426386080
1789150562.443845263	20177856059391	20926685185739
1789150563.456138069	20177957350590	20926791385786
1789150564.468475018	20178188910562	20927057673064
1789150565.480747582	20178261666408	20927177143096
1789150566.493452259	20178502041355	20927410723173
1789150567.505992017	20178637047455	20927504477787
1789150568.519725434	20178845637808	20927814105374
1789150569.532292606	20179003427705	20927923141756
1789150570.544934858	20179186885416	20928205075247
1789150571.558180213	20179378244936	20928295008084
1789150572.570839258	20179519722845	20928557459911
1789150573.583634865	20179598551455	20928754942264
1789150574.596171358	20179873522865	20928950911846
1789150575.608738352	20179937564119	20929184084930
1789150576.621191798	20180197264112	20929274558328
1789150577.633687302	20180348968861	20929478083375
1789150578.646100708	20180512495862	20929608737573
1789150579.658619379	20180763541178	20929763593342
1789150580.671029595	20180876720454	20929913822165
1789150581.683672435	20181024122826	20930207551480
1789150582.696055908	20181210945272	20930247379765
1789150583.708647842	20181471707871	20930473409010
1789150584.720977898	20181524998084	20930581269305
1789150585.733399948	20181710311150	20930855923210
1789150586.745818347	20181849871549	20930896214721
1789150587.758242399	20182114288307	20931141903606
1789150588.770956182	20182154926514	20931211284864
1789150589.785678961	20182449652929	20931496582762
1789150590.798037189	20182517104159	20931553746266
1789150591.810272493	20182764341210	20931841083993
1789150592.822636331	20182840787529	20931922031002
1789150593.835162800	20183068818296	20932175168287
1789150594.847595667	20183136093260	20932300214840
1789150595.860198833	20183392687049	20932478859187
1789150596.872439461	20183457440562	20932621665422
1789150597.885163133	20183716109993	20932792406118
1789150598.897392579	20183781145135	20932948313440
1789150599.910210590	20184068299578	20933134433140
1789150600.922898369	20184202004097	20933271994468
1789150601.935558536	20184430053334	20933486582605
1789150602.948565787	20184585813049	20933628257198
1789150603.960926416	20184753901124	20933811287126
1789150604.973250807	20184890782344	20933988671029
1789150605.985775534	20185038529610	20934125656509
1789150606.998038240	20185178528953	20934345181933
1789150608.010356708	20185383158499	20934450413402
1789150609.022877500	20185500462909	20934723619421
1789150610.035573339	20185737811346	20934814770433
1789150611.048153840	20186017381796	20935013194034
1789150612.060616064	20186072710648	20935169261444
1789150613.073184351	20186299476276	20935432238349
1789150614.085631473	20186407858953	20935524183644
1789150615.098328622	20186622918541	20935742831111
1789150616.110780895	20186663673008	20935789465471
1789150617.124619733	20186967693962	20936073696211
1789150618.137213806	20187020553164	20936129089685
1789150619.149812457	20187322148819	20936397999211
1789150620.162340154	20187389483429	20936492645804
1789150621.175010976	20187607614666	20936713534712
1789150622.187592597	20187734736967	20936810095664
1789150623.200477726	20187942696665	20937098000491
1789150624.213409080	20188173145641	20937168953256
1789150625.226178663	20188275031098	20937439892759
1789150626.238944913	20188308245589	20937473350208
1789150627.251874071	20188350515647	20937515351013
1789150628.264385852	20188392850866	20937557604428
1789150629.277014517	20188588909870	20937641708068
1789150630.289579452	20188712453344	20937887591803
1789150631.302270335	20188761694088	20937936834773
1789150632.314808939	20188810942862	20937986417456
1789150633.327439536	20188860190857	20938035669228
1789150634.339885710	20188909545240	20938085210227
1789150635.352508041	20188956077726	20938132103613
1789150636.365207227	20189008051136	20938183714132
1789150637.377656472	20189057309917	20938233048684
1789150638.390037504	20189106568960	20938282296933
1789150639.402451602	20189155912289	20938331546862
1789150640.414961116	20189205163945	20938381003721
1789150641.427709058	20189254436096	20938430264624
1789150642.440200320	20189303688693	20938479504870
1789150643.452639144	20189352942777	20938528901502
1789150644.465092737	20189402291819	20938578147536
1789150645.477575291	20189451549533	20938627434712
1789150646.490120308	20189501020528	20938676682077
1789150647.502676363	20189550274416	20938725930307
1789150648.515164383	20189599522498	20938775290641
1789150649.527699914	20189648866334	20938824539749
1789150650.540238094	20189698119614	20938873785950
1789150651.552803235	20189749457854	20938923042248
1789150652.565677103	20189796654155	20938972291612
1789150653.578537600	20189845901108	20939021545788
1789150654.591181010	20190111465435	20939334531717
1789150655.603923883	20190230304153	20939393971739
1789150656.616332692	20190279682039	20939443345948
1789150657.629161935	20190333169741	20939492841342
1789150658.641625252	20190376398427	20939542456276
1789150659.654104248	20190425868841	20939591584108
1789150660.666461030	20190475271577	20939640960967
1789150661.678909348	20190524659081	20939690859712
1789150662.691357773	20190574041685	20939740371184
1789150663.703727644	20190623417317	20939789744364
1789150664.716201474	20190672888155	20939839113214
1789150665.729137195	20190722269460	20939888486788
1789150666.741876503	20190775935047	20939944035741
1789150667.754421662	20190825413599	20939993415511
1789150668.766853472	20190870684846	20940037356179
1789150669.779783366	20190920160373	20940086843261
1789150670.792010004	20190969544092	20940136218682
1789150671.804719806	20191020979749	20940189839340
1789150672.817218573	20191068299072	20940235105782
1789150673.829652077	20191121792856	20940290648952
1789150674.842156158	20191192246313	20940358756908
1789150675.854886449	20191241631023	20940408126684
1789150676.867371545	20191291048126	20940457508069
1789150677.880120057	20191361974035	20940559513666
1789150678.893418399	20191615319629	20940802230471
1789150679.905943859	20191665032156	20940851835437
1789150680.918191755	20191714643407	20940901553987
1789150681.930515208	20191745710165	20940926369341
1789150682.943217392	20191793351150	20940982165791
1789150683.955914067	20191838823421	20941025576598
1789150684.968339656	20191888873072	20941075188344
1789150685.980801472	20191938486180	20941124804932
1789150686.993203097	20191988095332	20941174698385
1789150688.005747361	20192037737518	20941224302119
1789150689.018305324	20192087352658	20941274036399
1789150690.030766914	20192137058847	20941323638575
1789150691.043338608	20192190912425	20941378428885
1789150692.055721435	20192240521260	20941428065230
1789150693.068357429	20192286000094	20941472471076
1789150694.080899486	20192335620560	20941522218074
1789150695.093332188	20192385357177	20941571831058
1789150696.105775508	20192434972392	20941621616592
1789150697.118056447	20192459784302	20941648483693
1789150698.130538578	20192534385023	20941720919154
1789150699.143004162	20192583995888	20941770522363
1789150700.155505785	20192633691914	20941820129836
1789150701.167955888	20192683306161	20941869855711
1789150702.180769847	20192732916731	20941919471640
1789150703.193469464	20192907489618	20942142439014
1789150704.205746975	20193026501596	20942233175104
1789150705.218186497	20193060439499	20942267015167
1789150706.230706141	20193094281133	20942300858975
1789150707.243185131	20193128121462	20942334698749
1789150708.255734324	20193173239296	20942379953804
1789150709.268119828	20193207078216	20942413795834
1789150710.280565391	20193241006705	20942447663314
1789150711.293058010	20193274883518	20942481503444
1789150712.305595128	20193302396175	20942510854399
1789150713.318215688	20193342606974	20942549393637
1789150714.330595344	20193376450007	20942583228483
1789150715.343140978	20193410389511	20942617063411
1789150716.355578063	20193444234333	20942651898707
1789150717.368193606	20193478084636	20942685738263
1789150718.380507584	20193525203067	20942731919216
1789150719.392969507	20193799513825	20943063445443
1789150720.405412050	20193882612990	20943099433325
1789150721.416649606	20194064843730	20943301652376
1789150722.427254330	20194101160541	20943337978288
1789150723.440284848	20194309566147	20943536939516
1789150724.453091409	20194428660041	20943695623697
1789150725.465829182	20194570855532	20943870284070
1789150726.478586607	20194795060577	20944042164253
1789150727.491418962	20194877365816	20944180105980
1789150728.504101032	20195083230846	20944360187855
1789150729.516280086	20195130715242	20944429526962
1789150730.528805595	20195398929756	20944696032801
1789150731.541312411	20195434687518	20944731514741
1789150732.553799021	20195701092821	20944999382527
1789150733.566681146	20195771655828	20945068518449
1789150734.579432942	20195980313462	20945291689263
1789150735.591955794	20196096874428	20945423808741
1789150736.604609687	20196170246819	20945640676189
1789150737.617214166	20196416326463	20945743078055
1789150738.629701538	20196485968148	20945875673324
1789150739.642075294	20196751795196	20946118515264
1789150740.655054506	20196815067269	20946164490774
1789150741.667523233	20197047125210	20946433442432
1789150742.680003911	20197082183988	20946468504651
1789150743.692564678	20197305627376	20946728206932
1789150744.705039454	20197376780659	20946773439384
1789150745.717548269	20197528810695	20946957295042
1789150746.730110310	20197712136862	20947109249126
1789150747.742806159	20197751808510	20947271713313
1789150748.755458170	20198058870548	20947465996727
1789150749.767992605	20198101837905	20947517426151
1789150750.780498589	20198362249620	20947859777003
1789150751.793022172	20198487944707	20947905228492
1789150752.805410729	20198752132204	20948121117367
1789150753.817942658	20198812653490	20948240373803
1789150754.830777360	20198937747888	20948434866821
1789150755.843532733	20199135800421	20948575756037
1789150756.856108152	20199223344489	20948697744988
1789150757.868759342	20199455522022	20948923154599
1789150758.881092531	20199497884303	20948966973845
1789150759.893574295	20199739991747	20949242571996
1789150760.905990646	20199775103171	20949292170229
1789150761.918320547	20199967848309	20949505409078
1789150762.930801768	20200039801022	20949567319017
1789150763.943273660	20200203350842	20949716883850
1789150764.955744731	20200327304632	20949895615845
1789150765.968257092	20200374749581	20950034113781
1789150766.981802663	20200633152520	20950270707439
1789150767.994265977	20200668213268	20950305840528
1789150769.006918852	20200948098902	20950546361973
1789150770.019520189	20200983180366	20950581820870
1789150771.031968667	20201137137433	20950818004945
1789150772.044413669	20201288101394	20950866794987
1789150773.056890640	20201426182368	20951040568340
1789150774.069235651	20201605262473	20951184248328
1789150775.081671748	20201768480991	20951236418419
1789150776.094617148	20201900087464	20951449475495
1789150777.107346762	20201934723951	20951484188390
1789150778.119840163	20202129715141	20951833434290
1789150779.132347797	20202249048536	20951868589998
1789150780.144902270	20202472162487	20952064461751
1789150781.157691100	20202611358611	20952203534119
1789150782.170765662	20202866456979	20952436105673
1789150783.183280930	20202901133807	20952470755099
1789150784.196063674	20203180561282	20952727323657
1789150785.208403670	20203216077282	20952785801462
1789150786.220993654	20203462321773	20952966208391
1789150787.233498825	20203570641271	20953150711580
1789150788.246050819	20203643601964	20953341309307
1789150789.258414437	20203917935635	20953488559175
1789150790.271004826	20203989753028	20953560977313
1789150791.283575191	20204183127996	20953783344250
1789150792.296080970	20204218604331	20953818827733
1789150793.309014241	20204482748374	20954109912796
1789150794.321530830	20204554285132	20954145281736
1789150795.334107796	20204836576564	20954294456920
1789150796.346403390	20204878675169	20954479749635
1789150797.358910031	20204938338607	20954667513728
1789150798.371266225	20205176431492	20954807781637
1789150799.384724507	20205272912327	20954887618058
1789150800.397336216	20205492371393	20955143003510
1789150801.409914444	20205527946117	20955178479829
1789150802.422409974	20205770783452	20955508934207
1789150803.434867142	20205873847232	20955544493847
1789150804.448016967	20206105317589	20955795238232
1789150805.460948302	20206199962460	20955831258737
1789150806.473189832	20206464984762	20955948270097
1789150807.485820003	20206525110045	20956165757045
1789150808.498333993	20206676978593	20956247630930
1789150809.510748562	20206873061771	20956514137277
1789150810.523343739	20206920572827	20956577407986
1789150811.535762398	20207148319235	20956819061634
1789150812.548343267	20207183541866	20956854518043
1789150813.560916976	20207412868266	20957136765803
1789150814.573430667	20207538787595	20957209311280
1789150815.586082843	20207812038758	20957344481437
1789150816.598743554	20207906389675	20957577228158
1789150817.611222480	20207994049050	20957800958034
1789150818.623564068	20208175858508	20957846583672
1789150819.636319141	20208238761014	20957994509548
1789150820.648851187	20208541254300	20958212849103
1789150821.661268946	20208583847598	20958266058290
1789150822.673788494	20208827060952	20958538306442
1789150823.686526668	20208862549570	20958573799340
1789150824.699214297	20209098497819	20958851322817
1789150825.711813563	20209187663640	20958928836652
1789150826.724451083	20209239011250	20959218940410
1789150827.736918486	20209503927754	20959294440284
1789150828.749938040	20209657287798	20959432650146
1789150829.762291944	20209843421605	20959673455255
1789150830.774575255	20209953761077	20959761051462
1789150831.787064799	20210180663883	20960070198073
1789150832.799595620	20210226255435	20960133864439
1789150833.812036238	20210537466906	20960397446277
1789150834.824937322	20210573789145	20960433765726
1789150835.837646299	20210828316946	20960744403543
1789150836.850016221	20210900241783	20960780394333
1789150837.862606351	20211161803887	20961002399900
1789150838.875196909	20211218454458	20961088456679
1789150839.887508380	20211437396038	20961262619603
1789150840.900121148	20211554687611	20961414916586
1789150841.912413416	20211792103088	20961490655529
1789150842.927182586	20211885306771	20961794505788
1789150843.939771728	20212032567221	20961894388133
1789150844.952252559	20212212607222	20962141714636
1789150845.965167199	20212260960948	20962239942841
1789150846.977414898	20212560012270	20962499157033
1789150847.990008361	20212596325496	20962535528178
1789150849.002515077	20212866236687	20962849371989
1789150850.014825634	20212932807004	20962891395650
1789150851.027193429	20213149444452	20963157589395
1789150852.039635063	20213238871259	20963207398594
1789150853.052177895	20213399137955	20963411642789
1789150854.064872539	20213565522263	20963514639095
1789150855.077232755	20213728534879	20963639869813
1789150856.089783512	20213895551389	20963883983489
1789150857.102134514	20214062015184	20963936952824
1789150858.114605665	20214183200068	20964171596072
1789150859.127215910	20214225831918	20964223562344
1789150860.139732877	20214459876909	20964467806156
1789150861.152130266	20214495813918	20964503917354
1789150862.164284008	20214762854123	20964775882047
1789150863.176617389	20214842858593	20964850860391
1789150864.189139212	20215067383996	20965061934381
1789150865.201518120	20215111167459	20965158579888
1789150866.213924764	20215307387963	20965334267008
1789150867.226273347	20215439055902	20965476853011
1789150868.238845423	20215506836351	20965678516612
1789150869.251252182	20215788991803	20965817046647
1789150870.263527188	20215919616178	20965918185928
1789150871.276006100	20216126224960	20966154188892
1789150872.288321630	20216174138131	20966237961690
1789150873.300885340	20216423914259	20966501007822
1789150874.313435981	20216460331591	20966537747054
1789150875.325753533	20216731657468	20966819138144
1789150876.338209090	20216768397187	20966855808659
1789150877.350674217	20217007148795	20967089671183
1789150878.363186984	20217077088240	20967154207908
1789150879.375675662	20217190501921	20967447410304
1789150880.388072925	20217395241424	20967491826809
1789150881.400919199	20217525330781	20967712463357
1789150882.413482656	20217722884923	20967819129535
1789150883.425626548	20217793078497	20967996960229
1789150884.438775363	20218032321650	20968188543157
1789150885.451236888	20218091177014	20968304266230
1789150886.463745485	20218349380803	20968525122633
1789150887.476455487	20218388910962	20968568035592
1789150888.489576382	20218681131990	20968860471825
1789150889.502520981	20218721101356	20968896384370
1789150890.515106601	20218979061651	20969154743175
1789150891.527769750	20219029833289	20969224785512
1789150892.540813309	20219106394394	20969542539047
1789150893.555130343	20219367024373	20969591146253
1789150894.568225940	20219442404065	20969825988652
1789150895.580701442	20219703442313	20969938003737
1789150896.593975645	20219758507723	20970079734819
1789150897.606435322	20220042609183	20970248652641
1789150898.618766810	20220085912620	20970348543889
1789150899.631247057	20220369207942	20970605512329
1789150900.643463152	20220404652473	20970640673287
1789150901.656041957	20220655913946	20970921574992
1789150902.668469578	20220692715537	20970958313988
1789150903.681100980	20220915062920	20971228774162
1789150904.693505707	20221028780530	20971264761072
1789150905.706064901	20221204780742	20971458560651
1789150906.718580327	20221374671391	20971610538007
1789150907.730906025	20221447402165	20971786889248
1789150908.743458757	20221714696150	20971940321224
1789150909.755995190	20221859370727	20972002796071
1789150910.768450814	20222050996413	20972326095236
1789150911.780931632	20222086503351	20972361158567
1789150912.793601673	20222382376366	20972662003977
1789150913.806042475	20222422530457	20972697643548
1789150914.818653616	20222515025100	20973076832456
1789150915.831202120	20222777850890	20973112146679
1789150916.843808788	20222823361479	20973394177821
1789150917.856241681	20223094512067	20973458485670
1789150918.868743171	20223271202841	20973549294443
1789150919.881143330	20223422467491	20973816304746
1789150920.894106281	20223485241298	20973910888678
1789150921.907055261	20223719219771	20974122913262
1789150922.919479349	20223755594487	20974159228003
1789150923.931843718	20224030788307	20974469918265
1789150924.944337166	20224102467456	20974505879971
1789150925.957591067	20224283144418	20974796577197
1789150926.970260274	20224399972317	20974833435907
1789150927.982738702	20224572884314	20975048143755
1789150928.995106281	20224707114142	20975140805889
1789150930.007573816	20224831831632	20975325395116
1789150931.020080230	20225005723620	20975439086008
1789150932.032414895	20225139483761	20975543059887
1789150933.045405875	20225325257359	20975798350260
1789150934.057985841	20225449570797	20975841380031
1789150935.070332964	20225622875613	20976135647340
1789150936.083069687	20225659885827	20976176640850
1789150937.096935643	20225960480378	20976463512370
1789150938.110036657	20225996914944	20976499994176
1789150939.122489374	20226220132112	20976830806317
1789150940.134990867	20226313788755	20976876760067
1789150941.148098838	20226358807418	20976921523394
1789150942.160981797	20226403031458	20976966173617
1789150943.173757225	20226637387012	20977297790790
1789150944.186435595	20226772605199	20977369570511
1789150945.199137841	20226828702126	20977421007563
1789150946.211511099	20226878573635	20977470775320
1789150947.224140209	20226909255299	20977495427531
1789150948.236917547	20226952718139	20977544662848
1789150949.249444857	20227004028313	20977598114662
1789150950.261932096	20227055326591	20977648531928
1789150951.274384362	20227105601415	20977692525039
1789150952.286879123	20227153989217	20977747398966
1789150953.299731672	20227205604163	20977791147865
1789150954.312513206	20227254561217	20977840399365
1789150955.325457087	20227300036447	20977893731199
1789150956.338018034	20227368091442	20977961939356
1789150957.350380307	20227421266477	20978012747156
1789150958.363040239	20227470543956	20978061997979
1789150959.375884656	20227519796654	20978111251615
1789150960.388758181	20227557047111	20978149324021
1789150961.401301390	20227596037760	20978188056854
1789150962.413650762	20227663826096	20978257975196
1789150963.426190599	20227717617073	20978308657472
1789150964.438843453	20227766874126	20978358072038
1789150965.451364186	20227816127784	20978407320410
1789150966.463912033	20227885674147	20978494475866
1789150967.476331565	20228185409852	20978809667072
1789150968.488735662	20228257807935	20978859199362
1789150969.501314101	20228307192556	20978908583116
1789150970.513814554	20228356573864	20978957962794
1789150971.526190437	20228405953456	20979007594165
1789150972.539040861	20228455394069	20979056970610
1789150973.551547747	20228504812210	20979106346244
1789150974.564104050	20228554190900	20979155720916
1789150975.576230090	20228603568032	20979205299554
1789150976.588580052	20228652951411	20979254677887
1789150977.600957668	20228702404083	20979306196734
1789150978.613552225	20228753873561	20979353554711
1789150979.626278474	20228801212191	20979402919621
1789150980.638687634	20228850831570	20979454420767
1789150981.651233010	20228900212932	20979501794436
1789150982.663692070	20228951706466	20979551187125
1789150983.676643716	20228999062160	20979602613808
1789150984.689066281	20229048434403	20979649937872
1789150985.701554030	20229097863293	20979699761442
1789150986.714056517	20229149299695	20979749147287
1789150987.726532971	20229196935838	20979800583318
1789150988.739249840	20229246340515	20979847904459
1789150989.751703112	20229295902846	20979897284039
1789150990.764320135	20229393310325	20979994820318
1789150991.776647719	20229699680835	20980291095578
1789150992.789392334	20229749529935	20980340934358
1789150993.802059756	20229799169887	20980390540749
1789150994.814715988	20229848777696	20980440153845
1789150995.827030366	20229898387795	20980489883639
1789150996.839376512	20229948001252	20980539661542
1789150997.852254633	20229997767772	20980589283894
1789150998.864938137	20230047403355	20980638901719
1789150999.877685414	20230097011387	20980688518207
1789151000.890225914	20230146645064	20980738443832
1789151001.902636487	20230196257254	20980788050062
1789151002.915012592	20230233016673	20980825493736
1789151003.927656073	20230272851696	20980867125577
1789151004.940222915	20230320395782	20980914664513
1789151005.952575176	20230370004464	20980964277381
1789151006.965770335	20230419611155	20981013891864
1789151007.978347712	20230473410535	20981067638639
1789151008.990894473	20230520982580	20981115175858
1789151010.003332037	20230570585086	20981160846812
1789151011.015870740	20230618130526	20981210454229
1789151012.028417777	20230667754306	20981262737865
1789151013.040902899	20230721585924	20981318511181
1789151014.053596345	20230769138176	20981364020211
1789151015.066751836	20230844764374	20981445124021
1789151016.079686598	20231127600597	20981719710881
1789151017.091970706	20231161528649	20981784614815
1789151018.104483433	20231195431804	20981817514652
1789151019.117108196	20231230247609	20981853231887
1789151020.129382582	20231265024984	20981888011687
1789151021.141801820	20231305878273	20981930315165
1789151022.154274317	20231335158852	20981959200777
1789151023.166891806	20231376067990	20981997998607
1789151024.179378244	20231409941787	20982031955650
1789151025.191873771	20231444753614	20982067724497
1789151026.204539992	20231477658632	20982099681454
1789151027.217061392	20231511502246	20982133517796
1789151028.229510025	20231549306855	20982173609525
1789151029.242281329	20231580225823	20982203076175
1789151030.254891065	20231623131773	20982246334111
1789151031.268066259	20231669177666	20982449085369
1789151032.280684298	20231905338651	20982567191513
1789151033.293506645	20232053865539	20982681191626
1789151034.306361901	20232206813497	20982878361439
1789151035.318922273	20232317099866	20983010081858
1789151036.331303270	20232519033039	20983219931316
1789151037.343818469	20232643803610	20983341111765
1789151038.356281699	20232841551272	20983571987949
1789151039.368805522	20232906565811	20983744004654
1789151040.381122375	20233173052014	20983952676106
1789151041.394280659	20233223667203	20984142819801
1789151042.406953183	20233485927565	20984275310607
1789151043.419250243	20233658847894	20984377127200
1789151044.431641674	20233845900158	20984615420990
1789151045.443942222	20233924642818	20984787630578
1789151046.456358923	20234189387404	20984958343305
1789151047.468840444	20234282212317	20985143588668
1789151048.481229993	20234542661664	20985341347900
1789151049.493573466	20234688715661	20985518474413
1789151050.506077964	20234866318643	20985704120491
1789151051.518635132	20234915322453	20985974072103
1789151052.530929924	20235209267919	20986076274055
1789151053.543416514	20235355289070	20986294015375
1789151054.556029005	20235522896695	20986410142900
1789151055.568372576	20235681105618	20986629020816
1789151056.581352090	20235836985845	20986743701738
1789151057.594136828	20236120898377	20986910015936
1789151058.607411753	20236182621160	20987089150966
1789151059.620112694	20236418851596	20987328701890
1789151060.632554589	20236486630049	20987412689737
1789151061.645032002	20236665295062	20987714178345
1789151062.657324166	20236792173041	20987757840074
1789151063.669728950	20237030951739	20988091767406
1789151064.682162270	20237164374806	20988140387621
1789151065.694773715	20237471208239	20988452241027
1789151066.707317852	20237534339110	20988548772770
1789151067.719911192	20237814943499	20988821293749
1789151068.732525227	20237902086072	20988919654076
1789151069.745025433	20238179877515	20989156182032
1789151070.757550401	20238237448502	20989330385656
1789151071.770130698	20238562805866	20989549182012
1789151072.782555992	20238672060262	20989715251563
1789151073.795182384	20238917887735	20989884669968
1789151074.807518462	20239130314406	20990035228833
1789151075.820365198	20239274724041	20990241142835
1789151076.832939440	20239475675746	20990482994905
1789151077.845333806	20239613423063	20990648506543
1789151078.857874993	20239742041899	20991023071488
1789151079.870475208	20239979788805	20991063892306
1789151080.883000936	20240324409659	20991335689639
1789151081.895647628	20240406340540	20991473261137
1789151082.908134740	20240701026926	20991786091185
1789151083.920340723	20240797483197	20991948676174
1789151084.932756246	20240996570641	20992139462355
1789151085.945249866	20241157060256	20992227549422
1789151086.957772342	20241412932558	20992535978098
1789151087.970090864	20241652587466	20992681588459
1789151088.982462641	20241730689416	20992883763989
1789151089.994834275	20242046602637	20993058286815
1789151091.007338718	20242087791824	20993250290126
1789151092.019951638	20242302808860	20993585498018
1789151093.032228593	20242461517577	20993635184130
1789151094.045247454	20242731015839	20993943538913
1789151095.057940146	20242839320474	20994035142191
1789151096.070714165	20243060561066	20994286702863
1789151097.083598603	20243148448073	20994482526540
1789151098.096089702	20243404782521	20994617520852
1789151099.108222099	20243505329691	20994879775727
1789151100.120573920	20243722542090	20994954816727
1789151101.133099549	20243839314608	20995289646865
1789151102.145688201	20244090558545	20995352653378
1789151103.157981739	20244367156357	20995617702059
1789151104.170635382	20244455613331	20995686450359
1789151105.183518708	20244655958494	20995978052096
1789151106.196081219	20244839973361	20996054851683
1789151107.209147193	20245021505279	20996363059850
1789151108.221532095	20245260541323	20996471556907
1789151109.233935516	20245379006067	20996711634745
1789151110.246596484	20245589635369	20996915519584
1789151111.258905306	20245754897145	20997107307528
1789151112.271089871	20246000640118	20997372716685
1789151113.283261025	20246111836713	20997514230318
1789151114.295748331	20246424731643	20997811727406
1789151115.308517418	20246534700024	20997888005844
1789151116.323111554	20246777174259	20998169176015
1789151117.335638025	20246859084115	20998354100519
1789151118.347931636	20247162672746	20998544871594
1789151119.360376206	20247287436207	20998785130998
1789151120.373126963	20247493407669	20998866086920
1789151121.386226594	20247809642329	20999081865347
1789151122.399072367	20247860358080	20999272930995
1789151123.411672024	20248170723681	20999553766057
1789151124.424431684	20248228151856	20999729926348
1789151125.437035986	20248587994379	20999941659829
1789151126.449478636	20248792252869	21000100494306
1789151127.462135526	20248949348455	21000303139431
1789151128.474819177	20249085265433	21000650051480
1789151129.487346177	20249297800222	21000765372499
1789151130.499921285	20249608780051	21001081106215
1789151131.512371440	20249819934902	21001149483141
1789151132.524915491	20249988677067	21001460475193
1789151133.537662890	20250138385488	21001711248012
1789151134.552403037	20250299466133	21001791515307
1789151135.565026764	20250597140415	21002036516868
1789151136.578543988	20250652222270	21002204702144
1789151137.591240723	20250930837856	21002501777211
1789151138.604206639	20251027897983	21002703796217
1789151139.617054091	20251329953052	21002910216537
1789151140.630332908	20251446815235	21003212401095
1789151141.643190050	20251689337682	21003279894875
1789151142.655779915	20252007476294	21003534854543
1789151143.668258642	20252082231412	21003716812377
1789151144.681107794	20252387344705	21003967993763
1789151145.693830335	20252487022791	21004147339386
1789151146.706498752	20252726083586	21004297428032
1789151147.719040980	20252864746776	21004594889266
1789151148.731528436	20253096599846	21004687914133
1789151149.744136486	20253271915649	21005030184641
1789151150.756459279	20253536206871	21005125015893
1789151151.769037891	20253795028464	21005434778380
1789151152.781489325	20253965740200	21005593103746
1789151153.794420411	20254116897806	21005796153358
1789151154.807021838	20254328044180	21006064274972
1789151155.819641220	20254506283246	21006185480412
1789151156.831390174	20254795960311	21006495064976
1789151157.844163330	20254853108016	21006634836505
1789151158.856944945	20255142369583	21006871289413
1789151159.869567099	20255395637592	21006955143934
1789151160.882092088	20255473529003	21007212366729
1789151161.894698604	20255737240085	21007440624306
1789151162.907121313	20255823085642	21007591951415
1789151163.919654798	20255999612790	21007988676530
1789151164.932665639	20256252925275	21008057114818
1789151165.945192396	20256470381150	21008308735321
1789151166.958026002	20256697682256	21008411381133
1789151167.970418901	20256849197107	21008707887173
1789151168.983122608	20256926954131	21009055259172
1789151169.995621262	20257219677730	21009098548627
1789151171.008188088	20257492510591	21009422145328
1789151172.020949015	20257626354083	21009563545769
1789151173.033479451	20257955096234	21009873402422
1789151174.045935469	20258090313621	21010051357078
1789151175.058674902	20258305766076	21010223715037
1789151176.071265545	20258485707842	21010501009581
1789151177.083928655	20258656432744	21010594172472
1789151178.096684692	20258933205401	21010891831528
1789151179.109300541	20259012116768	21010972692255
1789151180.121758878	20259254038164	21011242533515
1789151181.134917943	20259413405814	21011382391637
1789151182.147620064	20259590975199	21011609626207
1789151183.160280776	20259761617731	21011835321266
1789151184.172746140	20259950146156	21011998841247
1789151185.185570631	20260197673947	21012283394457
1789151186.199407467	20260296521186	21012366738897
1789151187.211877779	20260594770621	21012663412939
1789151188.224460655	20260662700236	21012776437987
1789151189.236999963	20260960536885	21013110703234
1789151190.249474632	20261128171650	21013247585404
1789151191.261958316	20261258322713	21013425876148
1789151192.274757672	20261502506881	21013579338022
1789151193.287711880	20261588385487	21013854619576
1789151194.300103134	20261897106455	21014073091548
1789151195.312822653	20261958187487	21014223171171
1789151196.325236795	20262238403767	21014511097727
1789151197.337383494	20262352510583	21014645598380
1789151198.350210803	20262641116527	21014937527575
1789151199.362824992	20262714539045	21015149822112
1789151200.375237019	20262950166038	21015276199298
1789151201.387839454	20263263770455	21015418521547
1789151202.400154491	20263348571025	21015645118686
1789151203.412746793	20263556842201	21015974520002
1789151204.425699641	20263734364205	21016064315334
1789151205.438101469	20264004623300	21016361019671
1789151206.451598384	20264093037152	21016487723209
1789151207.464750403	20264351370940	21016708519640
1789151208.477834514	20264488591746	21016892008119
1789151209.490853897	20264670450963	21017086713397
1789151210.504404765	20264976444274	21017252828634
1789151211.517081416	20265019383209	21017455810781
1789151212.529601409	20265261470164	21017761390559
1789151213.542246755	20265338188030	21017804089537
1789151214.554859266	20265374407118	21017840302695
1789151215.567500038	20265413775840	21017879580255
1789151216.580030289	20265456033524	21017921836107
1789151217.592351264	20265730612194	21018195973942
1789151218.605008451	20265809449561	21018275007083
1789151219.617810833	20265858705495	21018324608683
1789151220.630691980	20265908056131	21018373851959
1789151221.643258411	20265957314942	21018423663994
1789151222.655733487	20266006568613	21018472907853
1789151223.668392086	20266056144781	21018522167545
1789151224.681016913	20266105615167	21018571418333
1789151225.693513565	20266154961739	21018620662132
1789151226.706162001	20266204212964	21018670183330
1789151227.718793390	20266253485077	21018719425565
1789151228.731421218	20266302730316	21018768868224
1789151229.743921411	20266329514541	21018797598598
1789151230.756233122	20266376808228	21018844800489
1789151231.769208722	20266426236087	21018892001456
1789151232.781921545	20266475483001	21018941420663
1789151233.794342649	20266524732935	21018990750693
1789151234.807062528	20266573985273	21019040013995
1789151235.819661228	20266623329137	21019089263767
1789151236.832232326	20266672581569	21019138515241
1789151237.844864030	20266722000252	21019187766075
1789151238.857386128	20266771253278	21019237015674
1789151239.870043366	20266820502756	21019286417214
1789151240.882579408	20266869852812	21019335661296
1789151241.895052514	20266919108619	21019386958641
1789151242.907624046	20267234149105	21019683198761
1789151243.920129463	20267286450900	21019732577417
1789151244.932544078	20267335839417	21019782287443
1789151245.945292682	20267362690608	21019811088978
1789151246.957947185	20267412067666	21019860513882
1789151247.970384462	20267461456643	21019909893051
1789151248.982813129	20267514292124	21019955299668
1789151249.995384641	20267558165784	21020007057692
1789151251.008010331	20267632318792	21020078908425
1789151252.020398512	20267658720856	21020109726675
1789151253.032936933	20267731089427	21020177863464
1789151254.045479301	20267757848016	21020206664266
1789151255.058478298	20267805166294	21020253980196
1789151256.071340294	20267854630416	21020301307158
1789151257.083914277	20267904073897	21020350690424
1789151258.096300901	20267953445787	21020400076932
1789151259.109002020	20268002821506	21020449457457
1789151260.121273622	20268052198911	21020498832315
1789151261.133773968	20268101667360	21020548213516
1789151262.146154235	20268151040406	21020597588188
1789151263.158694762	20268200421682	21020649026863
1789151264.171175497	20268249790635	21020696514245
1789151265.183782796	20268299174121	21020747944225
1789151266.196304538	20268365846136	21020812234336
1789151267.208993989	20268659307061	21021136775741
1789151268.221527571	20268748093352	21021194748602
1789151269.233950598	20268797775892	21021244353629
1789151270.246333422	20268824653914	21021273284799
1789151271.258750985	20268874517628	21021323089753
1789151272.271381031	20268924125545	21021372706777
1789151273.283900491	20268976728042	21021418192409
1789151274.296312790	20269021312670	21021469851703
1789151275.308805668	20269070916089	21021517398473
1789151276.321469558	20269120626780	21021569065897
1789151277.334065474	20269172330135	21021616610578
1789151278.346680514	20269221977759	21021670347761
1789151279.359333307	20269269516058	21021716160114
1789151280.371853191	20269319418636	21021766031459
1789151281.384555398	20269369118084	21021815645587
1789151282.397285725	20269418724158	21021865257653
1789151283.409788126	20269468330782	21021914917298
1789151284.422372664	20269517942757	21021964554046
1789151285.434791972	20269567550432	21022014158496
1789151286.447376949	20269617516555	21022063771655
1789151287.459928336	20269667155549	21022113377576
1789151288.472356419	20269716762356	21022163200707
1789151289.484904905	20269766397065	21022212811256
1789151290.497406175	20269816011900	21022262531508
1789151291.509973687	20270024797688	21022597608803
1789151292.522396501	20270131319370	21022667566840
1789151293.534839125	20270165165108	21022701404109
1789151294.547489394	20270199268240	21022735244609
1789151295.560144328	20270233112689	21022769204997
1789151296.572916385	20270267185865	21022803049828
1789151297.585541526	20270301095900	21022836894674
1789151298.598229214	20270334960288	21022871674443
1789151299.610665346	20270368795197	21022904577566
1789151300.623173829	20270402635539	21022939359742
1789151301.635771356	20270443570978	21022982797715
1789151302.648467063	20270481729948	21023017387861
1789151303.661226805	20270515574306	21023051233472
1789151304.673901497	20270560835359	21023096353892
1789151305.686339448	20270594673930	21023130193319
1789151306.698658732	20270668355956	21023398157833
1789151307.710411984	20270888082279	21023493029704
1789151308.722291482	20271094445086	21023629353049
1789151309.734263303	20271190085647	21023854497207
1789151310.746060833	20271392749780	21023996087470
1789151311.757731461	20271500826300	21024205352200
1789151312.769626642	20271548533117	21024432851881
1789151313.781564259	20271852654413	21024586534514
1789151314.794390257	20271895955488	21024823303178
1789151315.807039728	20272214161079	21024938453158
1789151316.819694525	20272275576138	21025153118261
1789151317.832263014	20272544617787	21025298600754
1789151318.844716820	20272601340183	21025484737341
1789151319.857068959	20272866497562	21025651317493
1789151320.870180854	20272921552049	21025822398462
1789151321.882841950	20273208743501	21026062922645
1789151322.895308478	20273294247084	21026189263875
1789151323.907863272	20273540386065	21026434314755
1789151324.920510644	20273641973689	21026569994169
1789151325.933475530	20273871146296	21026785093088
1789151326.945847025	20273921489862	21026951910256
1789151327.958314506	20274223611002	21027157476123
1789151328.970915020	20274340010813	21027292329006
1789151329.983507300	20274607609419	21027515833392
1789151330.996162152	20274671780350	21027685258293
1789151332.008922687	20274975805341	21027929845237
1789151333.021404180	20275119205461	21028047650437
1789151334.033906710	20275259245701	21028272367517
1789151335.046411856	20275320176957	21028466270722
1789151336.059544613	20275573258608	21028616049478
1789151337.072023958	20275706735343	21028798355281
1789151338.084522772	20275917133053	21029019291399
1789151339.097053333	20276102605298	21029187537105
1789151340.109441341	20276231456356	21029353296374
1789151341.122081027	20276442976832	21029529593169
1789151342.134986590	20276616690225	21029698876427
1789151343.147350600	20276812323882	21029956940156
1789151344.159869562	20276929764369	21030041862307
1789151345.172469841	20277155714244	21030284784336
1789151346.184972663	20277272558345	21030394780757
1789151347.197466035	20277575960257	21030608571048
1789151348.209800821	20277656845810	21030769300141
1789151349.222290280	20277917433251	21031047279680
1789151350.234739690	20277971238184	21031113148473
1789151351.247113647	20278258403899	21031392032039
1789151352.259707668	20278304266480	21031456076130
1789151353.272103351	20278618838965	21031698268785
1789151354.284765915	20278700817017	21031789036193
1789151355.297183427	20278963985290	21032056353315
1789151356.309706295	20279078484580	21032102284730
1789151357.322200392	20279297004471	21032418872939
1789151358.335050977	20279349310960	21032504628033
1789151359.347673485	20279618123523	21032740072545
1789151360.360207942	20279676940093	21032819195458
1789151361.372615142	20279970492054	21033072735763
1789151362.385181878	20280021020899	21033174945883
1789151363.397688101	20280312495430	21033424309622
1789151364.410406038	20280361648662	21033506825907
1789151365.422907410	20280672665922	21033794830640
1789151366.435549503	20280762751220	21033846921842
1789151367.448614885	20281035032075	21034137182473
1789151368.461177566	20281107338616	21034210024886
1789151369.473702815	20281337849590	21034430538276
1789151370.486267702	20281477939224	21034476082115
1789151371.498830940	20281680173224	21034752858593
1789151372.511697839	20281781899548	21034840409882
1789151373.524359509	20281993874165	21035086332368
1789151374.536832179	20282050147623	21035227771658
1789151375.549467013	20282346902855	21035508827994
1789151376.562073718	20282402347738	21035664484172
1789151377.574516392	20282678988266	21035851218871
1789151378.586870429	20282830818459	21035944757612
1789151379.599289658	20283013005793	21036214896532
1789151380.611622007	20283174305932	21036331137284
1789151381.624249063	20283373948274	21036595571586
1789151382.636888486	20283583852440	21036681212672
1789151383.649116478	20283737810179	21036919672786
1789151384.661659426	20283798108183	21037157022371
1789151385.674181365	20284061391268	21037253465270
1789151386.686803423	20284288860686	21037388777081
1789151387.699369037	20284375840981	21037567856537
1789151388.711957161	20284491982709	21037831108050
1789151389.724301695	20284728974986	21037901572073
1789151390.736853192	20284813623940	21038209763170
1789151391.749493520	20285063441116	21038286487278
1789151392.762060480	20285249865288	21038570212500
1789151393.774546037	20285388592064	21038611672124
1789151394.787883073	20285617358006	21038916294214
1789151395.802869829	20285723608583	21038956886961
1789151396.815496143	20286001149592	21039272182516
1789151397.828274299	20286133820130	21039319469777
1789151398.840811204	20286414206968	21039617767431
1789151399.853888382	20286468423779	21039736795951
1789151400.866539833	20286771502302	21039995442183
1789151401.878986003	20286888024628	21040149056148
1789151402.891532321	20287114338780	21040318265990
1789151403.904083186	20287207126603	21040527322462
1789151404.917116469	20287459217630	21040633472766
1789151405.929725980	20287613680892	21040853513053
1789151406.942227812	20287824856809	21041019277040
1789151407.954864481	20288137169687	21041187366234
1789151408.967546592	20288200931059	21041424833830
1789151409.979826573	20288512091612	21041652040244
1789151410.992277083	20288576017859	21041790116120
1789151412.004746404	20288812381293	21042145056371
1789151413.017351929	20288973624343	21042223566136
1789151414.029835369	20289277154136	21042501771782
1789151415.042965783	20289458555442	21042549435080
1789151416.055570528	20289613584218	21042877967894
1789151417.068112676	20289689558203	21043012450566
1789151418.081301375	20289977184857	21043251852236
1789151419.094143149	20290075090621	21043490921859
1789151420.106435900	20290333642654	21043608263349
1789151421.119475955	20290490416682	21043845551955
1789151422.131950994	20290629345191	21043913126544
1789151423.144335326	20290789873060	21044206749103
1789151424.156939254	20290994394024	21044328443345
1789151425.169421857	20291153029424	21044641952029
1789151426.181753246	20291349028810	21044683071556
1789151427.194356099	20291650113246	21044956709332
1789151428.206898427	20291730505635	21045066301622
1789151429.219552287	20291970766844	21045382705285
1789151430.231978647	20292026090895	21045468647339
1789151431.244540536	20292276354047	21045718633504
1789151432.257439354	20292333806574	21045854358487
1789151433.269950280	20292631213510	21046073086829
1789151434.282579700	20292707463077	21046241945010
1789151435.295175008	20292993146645	21046444647193
1789151436.307520891	20293042512856	21046650538853
1789151437.320215702	20293327300759	21046808750517
1789151438.332614517	20293435075542	21047022504376
1789151439.345057765	20293672609042	21047203406759
1789151440.357416550	20293773912696	21047443089994
1789151441.369597940	20293987734166	21047518132349
1789151442.382513636	20294047447413	21047814167299
1789151443.395203172	20294353340727	21047952360367
1789151444.407871542	20294568301134	21048205496033
1789151445.420426568	20294668433437	21048296971180
1789151446.432854595	20294927216034	21048540794739
1789151447.445468887	20294972593608	21048620885952
1789151448.458156835	20295150986252	21048955273401
1789151449.470521026	20295276343245	21049003930122
1789151450.483023954	20295466069493	21049377603625
1789151451.495489524	20295669196874	21049432857338
1789151452.508678078	20295965078442	21049700432220
1789151453.521558459	20296026606693	21049786004093
1789151454.534208125	20296289951623	21050017695503
1789151455.546693019	20296416642268	21050089128563
1789151456.559261841	20296664272766	21050332651843
1789151457.571919834	20296773602837	21050462491648
1789151458.584366007	20297008840037	21050716748270
1789151459.596773041	20297148385039	21050840419065
1789151460.609216142	20297349157115	21051007772876
1789151461.621469919	20297406693102	21051191737681
1789151462.634572253	20297681671230	21051331348168
1789151463.647545406	20297730440400	21051544749663
1789151464.660213179	20298045138062	21051724929144
1789151465.673118274	20298143150256	21051931824130
1789151466.685661409	20298337158103	21052026971337
1789151467.698171763	20298395270308	21052252572414
1789151468.710691520	20298669308269	21052369244242
1789151469.723512962	20298926338646	21052437567748
1789151470.735927658	20298980480316	21052709786743
1789151471.748306717	20299028595413	21052923854190
1789151472.760699910	20299331907659	21053100718559
1789151473.773964210	20299533758328	21053182145636
1789151474.786440989	20299643715062	21053511062334
1789151475.798928954	20299805602295	21053600755455
1789151476.811449672	20299947048969	21053804065605
1789151477.824039603	20300012379164	21053970298777
1789151478.836666085	20300229320850	21054115954989
1789151479.849242170	20300312890408	21054271963066
1789151480.861633556	20300561167592	21054427580471
1789151481.874276035	20300616633668	21054594162102
1789151482.886771175	20300923574323	21054849801119
1789151483.899296290	20301127302201	21054914195185
1789151484.911706667	20301245103742	21055130749309
1789151485.924350648	20301300168981	21055296875976
1789151486.937578565	20301587428967	21055443797528
1789151487.950337846	20301791714224	21055507756950
1789151488.962952500	20301928637648	21055775294407
1789151489.975432567	20302003461963	21055922641268
1789151490.987954018	20302290062199	21056127172050
1789151492.000296989	20302355925573	21056289450711
1789151493.013536910	20302602470114	21056458692571
1789151494.025997264	20302667484393	21056605022512
1789151495.038415470	20302903662093	21056809584903
1789151496.050972420	20302954555688	21056946650983
1789151497.063500417	20303212747387	21057178915092
1789151498.076150210	20303284745623	21057273633660
1789151499.088538249	20303524862100	21057519662265
1789151500.101693966	20303603300864	21057601470913
1789151501.114010280	20303864330566	21057819673608
1789151502.126534555	20303905583316	21057860949699
1789151503.138914495	20303941804274	21057897179942
1789151504.151460458	20303981136174	21057936425295
1789151505.163969079	20304020377537	21057975934643
1789151506.176207910	20304280224468	21058194593003
1789151507.188849620	20304383235703	21058398409782
1789151508.201344614	20304432483434	21058447667633
1789151509.214280110	20304481822118	21058496910842
1789151510.227150314	20304531068154	21058546915670
1789151511.239694749	20304580317255	21058596157277
1789151512.252149808	20304625902302	21058645492713
1789151513.264650531	20304678820705	21058694856628
1789151514.277240837	20304728166500	21058744117196
1789151515.289915449	20304777429947	21058793587268
1789151516.302394427	20304826677687	21058842840444
1789151517.314815219	20304875932583	21058892094405
1789151518.327253398	20304925186753	21058941346292
1789151519.339957118	20304974535351	21058990790303
1789151520.352571157	20305023791031	21059040231367
1789151521.365276460	20305073037123	21059089488736
1789151522.377588220	20305122283171	21059138740786
1789151523.390368376	20305171531955	21059187996710
1789151524.402910067	20305220875383	21059239321414
1789151525.415849971	20305294737220	21059311152778
1789151526.428705762	20305343982844	21059360520927
1789151527.441256894	20305393236138	21059409765546
1789151528.453768005	20305442483033	21059459018219
1789151529.466208844	20305491828167	21059508271679
1789151530.478741784	20305794700299	21059764567833
1789151531.492322972	20305844234262	21059881029456
1789151532.504830496	20305893617512	21059930405350
1789151533.518014351	20305943019043	21059981158848
1789151534.530463136	20305992488996	21060030539309
1789151535.542950921	20306041876387	21060079918112
1789151536.555443275	20306091256706	21060129298664
1789151537.567853382	20306142695356	21060181791662
1789151538.580471333	20306194142119	21060233313223
1789151539.593088680	20306243613872	21060282719449
1789151540.605527975	20306290943826	21060331145527
1789151541.618190228	20306340324957	21060380525554
1789151542.630599127	20306412338746	21060450663806
1789151543.643669354	20306461726610	21060500270586
1789151544.656395269	20306511202434	21060549659540
1789151545.669083938	20306560582814	21060599062592
1789151546.681430660	20306609964597	21060648440813
1789151547.693645199	20306659347866	21060697868422
1789151548.706174684	20306708731045	21060747248343
1789151549.718634438	20306758201221	21060796627639
1789151550.731155991	20306807592754	21060846649321
1789151551.743600569	20306856970555	21060896027188
1789151552.756123609	20306906349451	21060945411860
1789151553.768390331	20307110146102	21061118733861
1789151554.780898989	20307225497069	21061320077496
1789151555.793367307	20307295151235	21061385062604
1789151556.805923693	20307344758657	21061434675404
1789151557.818325489	20307384516788	21061476768057
1789151558.830948781	20307443976591	21061534228314
1789151559.843388582	20307493674496	21061583835166
1789151560.855975055	20307543284064	21061633554088
1789151561.868316702	20307592900805	21061683286489
1789151562.880717097	20307642511392	21061732894649
1789151563.893137410	20307692122956	21061782507769
1789151564.905767481	20307741822239	21061832133149
1789151565.918210976	20307791440469	21061881963751
1789151566.930695467	20307841057774	21061931573998
1789151567.943155762	20307890669214	21061983253052
1789151568.955750870	20307940292469	21062032915966
1789151569.968350384	20308005113894	21062100363667
1789151570.981000060	20308049937912	21062142582837
1789151571.993369443	20308114016598	21062204601012
1789151573.006232720	20308163626100	21062254209496
1789151574.018901394	20308213237162	21062303870952
1789151575.031503752	20308262939407	21062353486475
1789151576.044119819	20308312549551	21062403250715
1789151577.056608555	20308397504823	21062535620980
1789151578.069030838	20308688997548	21062750279650
1789151579.081301970	20308722843176	21062784228192
1789151580.093936335	20308756778396	21062818074437
1789151581.106528832	20308790619233	21062851915127
1789151582.119053943	20308824462730	21062885756264
1789151583.131611225	20308858304001	21062919602846
1789151584.143877223	20308892145697	21062953503850
1789151585.156468305	20308926081081	21062987571133
1789151586.169036002	20308971211661	21063032754969
1789151587.181531303	20309005064070	21063066632421
1789151588.193857909	20309038912727	21063100479776
1789151589.206856868	20309072757663	21063134410770
1789151590.219386322	20309106693538	21063168303924
1789151591.232126673	20309140541093	21063203138149
1789151592.244746066	20309175321589	21063236045575
1789151593.257049577	20309270303733	21063540374789
1789151594.269809620	20309516723355	21063598083718
1789151595.282372838	20309708503401	21063649458170
1789151596.294783214	20309867427359	21063918394784
1789151597.307278218	20309919042470	21064069870142
1789151598.319967491	20310225376627	21064305411435
1789151599.332216480	20310273208247	21064390858414
1789151600.345148732	20310592157996	21064662027207
1789151601.357891689	20310628447883	21064697956887
1789151602.370432019	20310912289830	21064959059103
1789151603.382847437	20310955237051	21065054461417
1789151604.395487704	20311116556027	21065337609637
1789151605.408015182	20311290555259	21065380125282
1789151606.420415876	20311410919439	21065588394409
1789151607.433245435	20311617289132	21065726776883
1789151608.446121152	20311730771617	21065842793027
1789151609.458633555	20311955194913	21066074325481
1789151610.471076252	20312021240945	21066131320252
1789151611.483525846	20312271115577	21066390210948
1789151612.495904696	20312307220743	21066426107597
1789151613.508573442	20312612625400	21066667706125
1789151614.521072263	20312711680428	21066771503736
1789151615.533525668	20312863236769	21067024674294
1789151616.545936859	20313037440906	21067116969583
1789151617.558885699	20313102392223	21067316995959
1789151618.571555569	20313384811256	21067503973481
1789151619.584090194	20313450916571	21067595107696
1789151620.596730967	20313710740619	21067809334801
1789151621.609232713	20313746632460	21067845235534
1789151622.621989378	20314038402109	21068140985672
1789151623.634193150	20314074733224	21068183054473
1789151624.646665201	20314258166679	21068489537620
1789151625.659303775	20314450157973	21068539162133
1789151626.671866632	20314695934558	21068686228861
1789151627.684296729	20314806454198	21068905129847
1789151628.696937091	20315054723815	21068967512512
1789151629.709989210	20315116274188	21069194667158
1789151630.723224745	20315166840738	21069343064234
1789151631.735953639	20315423863857	21069551813103
1789151632.748298400	20315509282528	21069608036365
1789151633.761145778	20315770342591	21069948758655
1789151634.773690219	20315877087931	21069985016219
1789151635.786234055	20316178116117	21070259691194
1789151636.798841112	20316215103919	21070332682878
1789151637.811483961	20316438281485	21070603598081
1789151638.823834358	20316573015965	21070670753945
1789151639.836366914	20316859549671	21070814751662
1789151640.848842589	20316910401456	21071008486592
1789151641.861401888	20317009656266	21071224160791
1789151642.874031772	20317267505828	21071375180283
1789151643.886762436	20317488649876	21071424455433
1789151644.899754996	20317588303309	21071725773243
1789151645.912481255	20317692836767	21071820905116
1789151646.925118599	20317936351112	21072073920711
1789151647.938510081	20318038017171	21072117585028
1789151648.951355972	20318214569175	21072381655367
1789151649.963740507	20318250471279	21072417841909
1789151650.976670219	20318502344655	21072618844005
1789151651.989236052	20318538918268	21072745631000
1789151653.001812230	20318820246967	21072963225926
1789151654.014338277	20318857625893	21073093894590
1789151655.026743084	20319014054193	21073347940349
1789151656.039296344	20319186123482	21073451786105
1789151657.051856920	20319322003961	21073654636375
1789151658.064518769	20319435093261	21073730898544
1789151659.076906979	20319500175565	21073950567261
1789151660.089516128	20319784105462	21074079713007
1789151661.101881774	20319825338834	21074260549102
1789151662.114293719	20320074832582	21074400571998
1789151663.126607132	20320138929026	21074515523477
1789151664.138926258	20320433784489	21074739628309
1789151665.151420440	20320548814018	21074784015512
1789151666.165104633	20320763168813	21075088539322
1789151667.178093639	20320807558192	21075133513474
1789151668.190877191	20321071780020	21075387265055
1789151669.203475952	20321108932525	21075424446776
1789151670.216049162	20321429249293	21075680045179
1789151671.228417766	20321467132711	21075792397818
1789151672.241118514	20321739668703	21076028826475
1789151673.253960707	20321786145489	21076111509346
1789151674.266888035	20321853449802	21076451318752
1789151675.280174279	20322164822486	21076519625929
1789151676.292688853	20322423614228	21076671615774
1789151677.305259284	20322503132637	21076888833782
1789151678.317750118	20322580340913	21077123581403
1789151679.330096709	20322822887520	21077238583515
1789151680.342619439	20322960277400	21077394452462
1789151681.354892899	20323151453044	21077557954589
1789151682.367162457	20323208985585	21077728769202
1789151683.379756326	20323464166673	21077890791303
1789151684.392320472	20323528379189	21078034486681
1789151685.404556920	20323832267672	21078239540607
1789151686.417002056	20323955814892	21078289573975
1789151687.429550772	20324152651512	21078569487501
1789151688.442175193	20324210596017	21078650707516
1789151689.454696921	20324467407559	21078969015470
1789151690.467311390	20324562137996	21079019650712
1789151691.479869380	20324821150332	21079339150971
1789151692.492199510	20324910715081	21079396658534
1789151693.504380135	20325121999406	21079748960157
1789151694.517176795	20325251140882	21079786687592
1789151695.529526359	20325451590017	21080148686018
1789151696.542243997	20325592754744	21080187709080
1789151697.555196387	20325843307072	21080509327948
1789151698.567683017	20325903570825	21080548106151
1789151699.580226513	20326215325819	21080740985101
1789151700.592669110	20326253727127	21080937702182
1789151701.605284130	20326465659423	21081239164479
1789151702.617738508	20326573871550	21081277336366
1789151703.630104140	20326736146248	21081580058689
1789151704.642627218	20326904356704	21081618328138
1789151705.655697853	20327142091736	21081805520623
1789151706.668362057	20327235209989	21081978456118
1789151707.680990115	20327363809668	21082243019191
1789151708.693442628	20327594553804	21082357294234
1789151709.705989819	20327675681891	21082614736974
1789151710.718406126	20327923406313	21082716251789
1789151711.730822049	20327980817727	21082943190214
1789151712.743509197	20328273240438	21083114906103
1789151713.756040982	20328451135604	21083217017912
1789151714.768709590	20328575102826	21083447050356
1789151715.781199859	20328697380998	21083560299353
1789151716.793817913	20328904773720	21083845543134
1789151717.806855837	20328968817373	21083955419996
1789151718.819797798	20329303957726	21084205189961
1789151719.832282692	20329360128372	21084269508403
1789151720.844658794	20329621979437	21084523331143
1789151721.857038847	20329659649392	21084561138318
1789151722.870033842	20329900493732	21084861614493
1789151723.883128273	20329938491988	21084899688763
1789151724.895935434	20330167605646	21085192232078
1789151725.908367833	20330247719537	21085229915474
1789151726.920900280	20330428767105	21085532095210
1789151727.933346207	20330586934357	21085618993150
1789151728.946069277	20330821828549	21085803456389
1789151729.958675346	20330945421361	21085987763530
1789151730.971303040	20331013018256	21086267749774
1789151731.983871212	20331295344684	21086377041850
1789151732.996291545	20331556314880	21086491471621
1789151734.008693262	20331635067456	21086736155223
1789151735.021335793	20331803021007	21086870815641
1789151736.033914021	20332021235659	21087084345140
1789151737.046205718	20332143772853	21087177535900
1789151738.058757588	20332343704142	21087453559223
1789151739.071682883	20332407003155	21087531776446
1789151740.084638370	20332641534158	21087780633125
1789151741.097267250	20332677855996	21087817228142
1789151742.109687730	20332940978221	21088117189462
1789151743.122319507	20332996060929	21088154834780
1789151744.135097234	20333239100754	21088431946277
1789151745.147556445	20333314199432	21088482951381
1789151746.159890547	20333587736991	21088651104920
1789151747.172452531	20333631527073	21088869070564
1789151748.185044690	20333687935322	21089140184626
1789151749.198265052	20333969399935	21089226369433
1789151750.210779766	20334071641693	21089391343079
1789151751.223503037	20334299550083	21089566745637
1789151752.236088715	20334420077873	21089661137269
1789151753.248503533	20334657734962	21089894526472
1789151754.261180658	20334762027168	21089944090533
1789151755.273641033	20334984693792	21090211680121
1789151756.286046912	20335021440754	21090248449056
1789151757.298436779	20335290468310	21090553159883
1789151758.310922011	20335398023354	21090616693054
1789151759.323491288	20335716426841	21090811658481
1789151760.336259773	20335755814691	21090964181250
1789151761.348831099	20335937191548	21091188405838
1789151762.361250043	20336063159881	21091310877316
1789151763.373741268	20336336813203	21091369639774
1789151764.386082048	20336380485453	21091648406776
1789151765.398538210	20336510636632	21091744674190
1789151766.411021891	20336719967207	21091958342738
1789151767.423367913	20336780359851	21092052317653
1789151768.435878191	20337067443432	21092286047981
1789151769.448499673	20337104098925	21092326342865
1789151770.460972364	20337390562327	21092622379330
1789151771.473911115	20337428939090	21092657611703
1789151772.486384187	20337719969904	21092861532981
1789151773.498927780	20337805276396	21092994557064
1789151774.511493018	20338052830006	21093128048766
1789151775.524062843	20338112292351	21093330977651
1789151776.536611779	20338178379212	21093519788537
1789151777.549214413	20338421818266	21093640669896
1789151778.561663664	20338475574994	21093778367773
1789151779.574421458	20338739000915	21093977797964
1789151780.586986162	20338782756802	21094031604227
1789151781.599663283	20339090559294	21094324443241
1789151782.612302479	20339131538352	21094360879896
1789151783.624692301	20339357808714	21094671724146
1789151784.637166817	20339458326913	21094707900342
1789151785.649357057	20339662296341	21094931641524
1789151786.661916309	20339804117375	21095053547215
1789151787.674213371	20339888634277	21095259117676
1789151788.686655634	20340111966394	21095391481323
1789151789.699195478	20340164507702	21095527047794
1789151790.711756229	20340428175809	21095747454197
1789151791.724296475	20340482322565	21095802293021
1789151792.736958994	20340725150991	21096093623735
1789151793.749540461	20340760633333	21096129336932
1789151794.762233888	20340994795154	21096389950421
1789151795.774698090	20341146754475	21096525006284
1789151796.787126075	20341269905547	21096781686513
1789151797.799599215	20341452913177	21096871027722
1789151798.812464368	20341496581877	21097106260258
1789151799.824840625	20341786107688	21097256364108
1789151800.837328335	20341834716220	21097395609720
1789151801.849981326	20342157538868	21097634812789
1789151802.862648811	20342200727105	21097678329700
1789151803.875391742	20342444722689	21097931583046
1789151804.888238187	20342480627947	21097967511993
1789151805.901360217	20342722740693	21098256503687
1789151806.914149996	20342789354750	21098295909893
1789151807.926871258	20342828680533	21098335158243
1789151808.939334368	20342869737195	21098377427682
1789151809.951837014	20342910420351	21098417555556
1789151810.964429580	20343179964784	21098637223746
1789151811.977049234	20343229413796	21098775799922
1789151812.989518106	20343278756245	21098825054881
1789151814.002083755	20343330046797	21098874314829
1789151815.014533513	20343377250127	21098923829292
1789151816.026977204	20343426496956	21098973075527
1789151817.039467743	20343475747869	21099024376268
1789151818.052036207	20343525094600	21099072354068
1789151819.064509563	20343574347020	21099121604102
1789151820.077203327	20343623602434	21099170859990
1789151821.089981696	20343679003389	21099220118898
1789151822.102578583	20343746224360	21099294140777
1789151823.115086758	20343796086589	21099343391651
1789151824.127824100	20343845340246	21099392690319
1789151825.140727780	20343894594531	21099441949202
1789151826.153319171	20343943844832	21099491287003
1789151827.166447297	20343993093648	21099540540261
1789151828.179284124	20344042430363	21099589793354
1789151829.191969191	20344091683901	21099639045917
1789151830.204549220	20344140934588	21099688435703
1789151831.217115047	20344190189150	21099737686523
1789151832.229550659	20344239443771	21099787530640
1789151833.242263389	20344288787310	21099836787201
1789151834.254826365	20344338040634	21099887987999
1789151835.267442427	20344484428825	21100238831050
1789151836.280228168	20344730377799	21100288537275
1789151837.292609175	20344779755475	21100338092470
1789151838.304952687	20344829235451	21100387652173
1789151839.317698481	20344878626296	21100437022705
1789151840.330416375	20344928007640	21100486398273
1789151841.342950403	20344977393188	21100535899819
1789151842.355439681	20345028824724	21100585282260
1789151843.368000462	20345078307424	21100638826917
1789151844.380200811	20345145691242	21100709184045
1789151845.392737074	20345199705368	21100759110566
1789151846.405162282	20345249086044	21100808811439
1789151847.417406297	20345298472932	21100858219084
1789151848.430017385	20345347946083	21100907608566
1789151849.442796089	20345397329739	21100957038039
1789151850.455267802	20345446711795	21101006574083
1789151851.466251106	20345496089781	21101055958822
1789151852.478781335	20345545472437	21101107400278
1789151853.491191576	20345607283312	21101172254773
1789151854.504358255	20345669003679	21101229025407
1789151855.517024521	20345718379382	21101278416956
1789151856.529584898	20345767765207	21101327952919
1789151857.542493992	20345817146221	21101377330852
1789151858.555242175	20346063150024	21101642292081
1789151859.567775287	20346122101041	21101721623437
1789151860.580190220	20346171721732	21101772071725
1789151861.592685375	20346225051141	21101821691752
1789151862.605214254	20346270963349	21101873613911
1789151863.617907636	20346320662654	21101921214751
1789151864.630301582	20346370280416	21101970824726
1789151865.643009922	20346424018157	21102020442307
1789151866.655581799	20346474792782	21102079732548
1789151867.668254968	20346543930261	21102144866267
1789151868.680663612	20346593639248	21102194477274
1789151869.693314089	20346643258171	21102244084404
1789151870.706088432	20346670135657	21102273018758
1789151871.718706507	20346719745474	21102322634803
1789151872.731238972	20346792079527	21102393143131
1789151873.744053050	20346841784225	21102442766218
1789151874.756650374	20346891393144	21102492382046
1789151875.769387625	20346940998225	21102541997505
1789151876.781925440	20346990606680	21102591604400
1789151877.794450896	20347040216678	21102641218535
1789151878.806982296	20347089921317	21102691193036
1789151879.819757103	20347143672864	21102741338463
1789151880.832325509	20347189156294	21102790944902
1789151881.845039301	20347279694098	21102957019034
1789151882.857446960	20347496560563	21103078260255
1789151883.870191311	20347530497271	21103112132209
1789151884.882847179	20347564345397	21103145976683
1789151885.895326452	20347598191586	21103179832484
1789151886.908129419	20347633911451	21103213731637
1789151887.920546177	20347666825136	21103249564740
1789151888.933177904	20347700764391	21103282103808
1789151889.945826962	20347744947626	21103326660110
1789151890.958260910	20347778790908	21103360509248
1789151891.970986353	20347812633017	21103394352181
1789151892.983593484	20347857754716	21103439487623
1789151893.996106979	20347891692869	21103473337360
1789151895.008644046	20347936818331	21103518670674
1789151896.021932574	20347970662885	21103552517609
1789151897.034613162	20347994169130	21103576958430
1789151898.047886414	20348248736834	21103897685060
1789151899.060852055	20348345109020	21103976212200
1789151900.074684488	20348558479757	21104268543389
1789151901.086933011	20348673190487	21104305799212
1789151902.099715945	20348917954121	21104474357507
1789151903.112275162	20349001885814	21104633952335
1789151904.124637634	20349079346459	21104896168988
1789151905.136960719	20349318841532	21104971133789
1789151906.149405209	20349534363363	21105056432231
1789151907.160174896	20349598767708	21105270569667
1789151908.172649841	20349661558843	21105385933107
1789151909.185081772	20349886363027	21105567926741
1789151910.197554584	20349952542725	21105621295518
1789151911.209869849	20350194809879	21105886673641
1789151912.222291007	20350231970246	21105923857831
1789151913.234797108	20350523408704	21106205425399
1789151914.247809164	20350561087362	21106242834636
1789151915.260374483	20350813248920	21106507849299
1789151916.272783826	20350887643060	21106559743507
1789151917.285289623	20351071534284	21106779080824
1789151918.297940440	20351183936296	21106886191189
1789151919.310417998	20351249896764	21107108102283
1789151920.322856942	20351542205938	21107264024390
1789151921.335383758	20351630548204	21107408414277
1789151922.347815778	20351833007801	21107574745795
1789151923.360253317	20351880406864	21107696929932
1789151924.372472635	20352141107651	21107912421577
1789151925.385094688	20352193661201	21107967866997
1789151926.397602265	20352416670739	21108210687169
1789151927.412278456	20352476380229	21108247811415
1789151928.424678481	20352747269062	21108494960977
1789151929.437991701	20352784278346	21108595585245
1789151930.450562512	20353006727220	21108855547577
1789151931.463097034	20353051859904	21108893255835
1789151932.475462336	20353284018024	21109059696453
1789151933.487742835	20353339977252	21109181806995
1789151934.500677741	20353519738375	21109327364177
1789151935.513201460	20353598388582	21109480068041
1789151936.526292240	20353683620119	21109617844514
1789151937.539315211	20353928167773	21109799732691
1789151938.551770193	20353981888040	21109908394036
1789151939.564960913	20354236497874	21110137669719
1789151940.577647979	20354294549750	21110194186820
1789151941.590237702	20354514615887	21110445889745
1789151942.602713698	20354551686397	21110483071608
1789151943.615214181	20354818235543	21110787387517
1789151944.627803183	20354870103110	21110850961334
1789151945.640296469	20355083698981	21111112830448
1789151946.653032688	20355177906624	21111149384785
1789151947.665642338	20355464145059	21111294864051
1789151948.678293079	20355516532693	21111478245661
1789151949.690693509	20355606158883	21111725233848
1789151950.703237128	20355795683246	21111787339923
1789151951.715744661	20355988340703	21111889698698
1789151952.728451619	20356116405911	21112137477385
1789151953.741283388	20356317340291	21112190994918
1789151954.755541523	20356424537605	21112475532599
1789151955.767954608	20356487959384	21112555233887
1789151956.780459982	20356801815866	21112822936559
1789151957.792915766	20356848598820	21112868388737
1789151958.805790030	20357110096016	21113141379431
1789151959.818564606	20357146517828	21113177734616
1789151960.831785493	20357342570077	21113498275714
1789151961.844430126	20357473620928	21113534765311
1789151962.857063904	20357536152060	21113857429831
1789151963.869619683	20357800958046	21113901461559
1789151964.882343460	20357938935449	21114095501148
1789151965.895312839	20358128220685	21114219223251
1789151966.907913438	20358183727903	21114399828268
1789151967.921041202	20358467293323	21114598467892
1789151968.934279924	20358551072016	21114695269995
1789151969.946722942	20358834102702	21114994859954
1789151970.957825059	20358879780898	21115047382220
1789151971.970217552	20359162421409	21115342199079
1789151972.982592113	20359198747967	21115379279452
1789151973.995056087	20359460953716	21115649833024
1789151975.007223340	20359545310622	21115736190950
1789151976.020110061	20359807145236	21115930548621
1789151977.032786945	20359905007301	21116096303092
1789151978.045394450	20360139521114	21116257174465
1789151979.058152979	20360222573457	21116433785014
1789151980.070703139	20360450171922	21116548503548
1789151981.083036707	20360510982438	21116721646792
1789151982.095670081	20360581768073	21116866946693
1789151983.108247635	20360820318643	21117050683818
1789151984.120727798	20360888766669	21117132539650
1789151985.133268451	20361146982208	21117376830267
1789151986.145545639	20361182786839	21117412447950
1789151987.158150983	20361433906283	21117653239376
1789151988.170580421	20361469838237	21117709041954
1789151989.183002758	20361664083457	21117900789043
1789151990.195885349	20361756315094	21118005800260
1789151991.208531854	20361880996818	21118218940259
1789151992.221455484	20362074177089	21118303786332
1789151993.233943251	20362207601998	21118433311610
1789151994.246769285	20362414813646	21118644614184
1789151995.259341313	20362488544036	21118781480134
1789151996.271694148	20362733549924	21118954136501
1789151997.284281829	20362814612261	21119032372352
1789151998.296852648	20363021719422	21119222213802
1789151999.309423122	20363058072723	21119258635081
1789152000.321855809	20363349508245	21119558677202
1789152001.334380347	20363416152952	21119626808377
1789152002.347165659	20363687105657	21119877517047
1789152003.359745890	20363723893515	21119944893660
1789152004.372161460	20363838943035	21120213918157
1789152005.384525753	20364110515147	21120311165539
1789152006.397026332	20364275348270	21120474858995
1789152007.409491956	20364429181535	21120629779714
1789152008.421906157	20364475274031	21120838417426
1789152009.434391362	20364730392083	21120970720973
1789152010.446927625	20364926186081	21121039282410
1789152011.459329814	20365019575808	21121279695208
1789152012.471821826	20365114016300	21121374898513
1789152013.484266389	20365339509562	21121589597607
1789152014.496933199	20365437299870	21121640021372
1789152015.509264661	20365667929607	21121937841086
1789152016.521767858	20365703829413	21121973739668
1789152017.534223184	20365965495798	21122233552434
1789152018.546842240	20366003166733	21122302563945
1789152019.559346687	20366252810122	21122591215330
1789152020.571938162	20366322683447	21122651826899
1789152021.584333004	20366569833496	21122903499440
1789152022.596883052	20366621908921	21123000672686
1789152023.609418934	20366896356544	21123170694465
1789152024.621966143	20366971032875	21123360654673
1789152025.634609082	20367157312686	21123559521206
1789152026.647089207	20367319656199	21123738749018
1789152027.659411280	20367535103627	21123865113640
1789152028.671947766	20367579413837	21123989442474
1789152029.684387090	20367666332047	21124187084735
1789152030.697366456	20367899826783	21124339968141
1789152031.709982732	20367985452031	21124507422460
1789152032.722653956	20368271130815	21124701404290
1789152033.734891340	20368325346288	21124859625831
1789152034.747499092	20368560732529	21125011378076
1789152035.760015982	20368624692013	21125130276483
1789152036.772382814	20368890486755	21125360907026
1789152037.784822166	20368950021782	21125454206377
1789152038.797311791	20369200921086	21125671215682
1789152039.809901604	20369279320284	21125730564913
1789152040.822363587	20369531604908	21126021393382
1789152041.835294936	20369587115087	21126086313684
1789152042.848144562	20369863534440	21126342726825
1789152043.861138024	20369908118120	21126387422213
1789152044.873749016	20370190411117	21126711676549
1789152045.886314739	20370240413057	21126749287455
1789152046.898889476	20370526073279	21127042251525
1789152047.911235290	20370571370354	21127080682708
1789152048.923809734	20370874252589	21127356091503
1789152049.936208120	20370911894506	21127420566434
1789152050.948783448	20371158288051	21127703037653
1789152051.963066018	20371223216032	21127751307032
1789152052.975489338	20371392834739	21128082602659
1789152053.988027048	20371582340939	21128120443339
1789152055.000458167	20371794038672	21128371454737
1789152056.013038705	20371861814387	21128409516929
1789152057.025426347	20372007779685	21128657107192
1789152058.037865405	20372180978439	21128738914650
1789152059.050220499	20372405716051	21128872924756
1789152060.062646673	20372480043077	21129087406932
1789152061.075109237	20372715014196	21129168799438
1789152062.087466859	20372819835969	21129477059638
1789152063.099875732	20372976272948	21129598501169
1789152064.112448181	20373168919399	21129848441424
1789152065.125275931	20373354859714	21129927852788
1789152066.137574979	20373484059457	21130161596067
1789152067.150019529	20373625208827	21130269966829
1789152068.162486333	20373815237883	21130531631767
1789152069.174916612	20373876004883	21130675600292
1789152070.187455652	20374136165063	21130871612904
1789152071.199974181	20374197410279	21130982173492
1789152072.212475268	20374467334322	21131251872662
1789152073.224924249	20374568802330	21131320890877
1789152074.237288422	20374727774104	21131551802465
1789152075.249797861	20374788410722	21131621407089
1789152076.262188106	20375068842236	21131902565865
1789152077.274484457	20375123732705	21131951565004
1789152078.286779127	20375360307415	21132243989120
1789152079.299809549	20375413759068	21132292025295
1789152080.313535141	20375700908643	21132584434101
1789152081.326101325	20375738573069	21132622185303
1789152082.338477162	20376051220644	21132908363370
1789152083.351071726	20376089639636	21132952941004
1789152084.364799317	20376332554500	21133224930795
1789152085.377211372	20376370972823	21133263997650
1789152086.389903662	20376653108437	21133528438262
1789152087.402674815	20376691136607	21133603934152
1789152088.415302614	20376941036419	21133885599221
1789152089.427871782	20377031707070	21133963717149
1789152090.440399938	20377178282080	21134235676797
1789152091.453239169	20377382301099	21134305429663
1789152092.467768855	20377644754690	21134516899362
1789152093.480237596	20377682975072	21134615708174
1789152094.492748435	20377836391039	21134890978554
1789152095.505150874	20377973094094	21134935757254
1789152096.517920313	20378166271389	21135134785357
1789152097.530565247	20378371899368	21135324635542
1789152098.543426739	20378553659216	21135492273036
1789152099.556082408	20378701317700	21135644120734
1789152100.568437542	20378759000978	21135874980480
1789152101.580983882	20379061402834	21136013501897
1789152102.593363368	20379235924938	21136116563744
1789152103.605799312	20379343707493	21136296228442
1789152104.618248627	20379523360229	21136375076685
1789152105.630730180	20379613866585	21136615916735
1789152106.644208629	20379726457818	21136716711463
1789152107.656634278	20379923785110	21136965112248
1789152108.669007953	20379965278535	21137006548024
1789152109.681304344	20380003435426	21137045782163
1789152110.693708672	20380043785070	21137085015419
1789152111.704991679	20380087249706	21137128726424
1789152112.717984828	20380353090596	21137456029394
1789152113.730525365	20380459915158	21137503373516
1789152114.743101632	20380515206983	21137556302599
1789152115.755536825	20380583051131	21137625442521
1789152116.768087604	20380607743929	21137652114196
1789152117.780290816	20380656997361	21137701357332
1789152118.792820178	20380708293901	21137748567267
1789152119.805322190	20380755495455	21137797818198
1789152120.817891321	20380804739937	21137847065473
1789152121.830441044	20380854088316	21137896305936
1789152122.843011105	20380905393653	21137945647609
1789152123.855607160	20380957206780	21137994900731
1789152124.868209987	20381002358933	21138044147704
1789152125.880625746	20381033164281	21138068782146
1789152126.893279115	20381076331869	21138120066016
1789152127.905809935	20381127628883	21138167263839
1789152128.918259902	20381178933362	21138221760956
1789152129.930650027	20381229276943	21138266035685
1789152130.943234257	20381278659477	21138315633239
1789152131.955678142	20381324870691	21138364871080
1789152132.968297306	20381372079630	21138414242004
1789152133.980788886	20381421333005	21138463484225
1789152134.993374076	20381470588595	21138512723887
1789152136.006069321	20381519870224	21138562172881
1789152137.018821605	20381569195513	21138613464880
1789152138.031267987	20381832581366	21138885108087
1789152139.043840439	20381886066036	21138934487506
1789152140.056333946	20381931342472	21138985905671
1789152141.068895935	20382002289500	21139057904308
1789152142.081328946	20382042670196	21139096234774
1789152143.093845121	20382085867600	21139132233936
1789152144.106484790	20382133220789	21139189126967
1789152145.118944644	20382178481205	21139234389652
1789152146.131351311	20382252570340	21139306602593
1789152147.143832600	20382302019906	21139356020996
1789152148.156373484	20382351415067	21139405393082
1789152149.169101207	20382388448002	21139444068367
1789152150.181732540	20382425487386	21139479975052
1789152151.194173042	20382474972821	21139529600040
1789152152.206713423	20382526471239	21139579299813
1789152153.219236139	20382574246913	21139628682927
1789152154.231765009	20382628880227	21139678118634
1789152155.244233807	20382675068018	21139727509035
1789152156.256742757	20382726539870	21139776883759
1789152157.269189929	20382773934131	21139828969457
1789152158.281720508	20382823319790	21139875692172
1789152159.294162401	20382870654477	21139927106083
1789152160.306514408	20382920032734	21139974424618
1789152161.318863530	20383021998155	21140074234835
1789152162.330989871	20383301959521	21140403627905
1789152163.343847078	20383388173940	21140453320033
1789152164.356134679	20383437795001	21140503176342
1789152165.368369497	20383487404128	21140552781281
1789152166.380953934	20383537046747	21140602391652
1789152167.393580057	20383568107449	21140627206236
1789152168.406083989	20383615671140	21140682985877
1789152169.418494546	20383661147274	21140726623106
1789152170.431226785	20383712987712	21140776228178
1789152171.443784869	20383785365274	21140850629737
1789152172.456258843	20383835036586	21140900241559
1789152173.468795557	20383859842452	21140927111895
1789152174.481498366	20383909447859	21140974697894
1789152175.494211906	20383959064243	21141024498215
1789152176.507116867	20384008710632	21141074103318
1789152177.519786757	20384058390021	21141123710288
1789152178.532350807	20384107999349	21141173318599
1789152179.544840873	20384157623384	21141223317234
1789152180.557270130	20384207243127	21141272927086
1789152181.569789038	20384256886433	21141322532766
1789152182.582296612	20384306554994	21141372147997
1789152183.595461074	20384356182432	21141422039857
1789152184.608581502	20384405798058	21141471642048
1789152185.620901941	20384455419288	21141523436083
1789152186.633242656	20384700898352	21141822013518
1789152187.645775403	20384770495868	21141855991736
1789152188.658143514	20384804341629	21141889832617
1789152189.670743267	20384838236910	21141923675172
1789152190.683089301	20384862679454	21141949082725
1789152191.695552868	20384906061561	21141991388546
1789152192.708035015	20384939971092	21142025237900
1789152193.720577382	20384973815439	21142059078330
1789152194.733145166	20385007718008	21142092913142
1789152195.745737565	20385041558207	21142126749829
1789152196.758910188	20385075428671	21142160590094
1789152197.771461247	20385109335084	21142194429851
1789152198.784085002	20385145053985	21142228273568
1789152199.796512796	20385179869289	21142262116235
1789152200.808915327	20385215862844	21142302529153
1789152201.821356860	20385259370430	21142363576238
1789152202.833939203	20385520246182	21142697274001
1789152203.846707237	20385599797781	21142734705756
1789152204.859955276	20385851236031	21142987211167
1789152205.872748781	20386027562700	21143135991142
1789152206.885246171	20386151088777	21143287172027
1789152207.897750238	20386314181490	21143433632383
1789152208.910324630	20386499737719	21143625844767
1789152209.922897410	20386545672168	21143795578363
1789152210.935534981	20386839681107	21143976106742
1789152211.947931772	20386956683650	21144054735199
1789152212.960479872	20387179385498	21144285508939
1789152213.973828438	20387230649547	21144364719996
1789152214.987736956	20387528624533	21144634638830
1789152216.000443279	20387565004559	21144670965309
1789152217.012994270	20387831320849	21145003036171
1789152218.025588374	20387925229243	21145040320549
1789152219.038191338	20388137915994	21145252740011
1789152220.050990701	20388175490519	21145290319046
1789152221.063688924	20388443071633	21145542322972
1789152222.076261721	20388504370938	21145648896158
1789152223.089002337	20388696612914	21145894710901
1789152224.101724412	20388803136680	21145937805142
1789152225.114178544	20389004670924	21146112999320
1789152226.126706746	20389113019752	21146266982339
1789152227.139225957	20389372096505	21146364436943
1789152228.151753482	20389443279295	21146606879300
1789152229.164471607	20389550307670	21146789344455
1789152230.177082468	20389802604744	21146996043616
1789152231.189508341	20389883128599	21147163217972
1789152232.201795146	20390075075730	21147308622834
1789152233.214193617	20390126060565	21147475017844
1789152234.226771675	20390395347175	21147638707263
1789152235.240088453	20390450373574	21147778878902
1789152236.252562995	20390676354105	21147969323221
1789152237.264855875	20390823081584	21148029326213
1789152238.277544009	20391017836222	21148310088660
1789152239.290215544	20391125004391	21148395196468
1789152240.302765886	20391348678681	21148660667680
1789152241.315642105	20391422025379	21148720360084
1789152242.328013111	20391677151041	21148978915363
1789152243.340706173	20391714366165	21149016144397
1789152244.353263726	20391996074877	21149278562453
1789152245.365908366	20392034386695	21149316563024
1789152246.378592098	20392257153269	21149557953287
1789152247.391018609	20392294355044	21149606652666
1789152248.403669249	20392535196519	21149892188438
1789152249.416273871	20392612237137	21149934360966
1789152250.428730799	20392816965575	21150161046905
1789152251.441179157	20392940247993	21150292487781
1789152252.453640325	20392987241832	21150584873972
1789152253.466100892	20393289650943	21150681529275
1789152254.478700687	20393362589262	21150918705617
1789152255.491201115	20393618810530	21151030969042
1789152256.503814828	20393675019714	21151248210190
1789152257.516140772	20393928298329	21151380314310
1789152258.529374057	20394061987412	21151491523477
1789152259.542155032	20394270111302	21151721280707
1789152260.555026533	20394334768134	21151858159769
1789152261.567634680	20394589531301	21152090259924
1789152262.579932120	20394649846361	21152173396278
1789152263.592398764	20394928505829	21152449120014
1789152264.605075988	20394973143255	21152511378897
1789152265.617378735	20395264774094	21152838690479
1789152266.629954793	20395305587741	21152875849522
1789152267.642447237	20395607281439	21153187916359
1789152268.654923550	20395644772678	21153245206966
1789152269.667459652	20395907120767	21153507456631
1789152270.679851226	20395945531782	21153545876236
1789152271.692415957	20396218300451	21153804810233
1789152272.704716338	20396256290388	21153856245107
1789152273.717292936	20396538110745	21154087620633
1789152274.729980843	20396576022639	21154195722459
1789152275.742507943	20396813731046	21154384841764
1789152276.754822545	20396896155005	21154545681549
1789152277.767427915	20397151626322	21154724307199
1789152278.779956426	20397226644958	21154924842164
1789152279.792415077	20397325187791	21155199083076
1789152280.804807861	20397586397027	21155275424423
1789152281.817663066	20397858694485	21155382486330
1789152282.830346697	20397906895040	21155635825346
1789152283.843032057	20398117653155	21155770967355
1789152284.855656139	20398257538527	21155985576390
1789152285.868453357	20398492432031	21156062597875
1789152286.881061168	20398586808314	21156315319914
1789152287.891517985	20398663572981	21156475254507
1789152288.904704371	20398858219162	21156607382299
1789152289.917471155	20399000235993	21156681371022
1789152290.929961649	20399137928612	21156876804617
1789152291.942810522	20399202117112	21156954865465
1789152292.955617118	20399447741405	21157196273288
1789152293.968233381	20399492637124	21157256053903
1789152294.981132644	20399728056594	21157496559239
1789152295.993937396	20399765669167	21157533713735
1789152297.006396183	20400057294724	21157836005688
1789152298.019079206	20400095321850	21157873825243
1789152299.031717143	20400317566573	21158206329311
1789152300.044800385	20400425917416	21158243993429
1789152301.057374005	20400677549577	21158505947217
1789152302.070168514	20400754351629	21158543227644
1789152303.081788932	20400937036336	21158813413998
1789152304.094346121	20401042662540	21158871145347
1789152305.106812180	20401180462489	21159107099851
1789152306.119398824	20401339420827	21159188578281
1789152307.132389967	20401512442176	21159311356513
1789152308.144999456	20401638784146	21159497581989
1789152309.157546688	20401711031521	21159613453701
1789152310.170106388	20401936139262	21159785126444
1789152311.182714402	20402014826441	21159838817557
1789152312.195027782	20402274260629	21160143037205
1789152313.207675405	20402310615187	21160179367351
1789152314.220056022	20402562547259	21160451492521
1789152315.232330404	20402600127269	21160489068752
1789152316.244984342	20402852803141	21160763484305
1789152317.257345158	20402937248800	21160856034778
1789152318.269792062	20403136596334	21161075930955
1789152319.282211860	20403254610583	21161213037357
1789152320.295479248	20403497579796	21161325077404
1789152321.308226761	20403562074687	21161560282099
1789152322.320617339	20403618079007	21161742883625
1789152323.333242868	20403891965727	21161871014763
1789152324.345857592	20404022134991	21161943380737
1789152325.358350079	20404198863610	21162177794750
1789152326.370702692	20404242153198	21162220754869
1789152327.383198078	20404547793242	21162534912590
1789152328.395773184	20404613205467	21162572177924
1789152329.408340088	20404874513082	21162822159427
1789152330.420906439	20404911252541	21162860997142
1789152331.433214306	20405137351123	21163124916815
1789152332.445720846	20405209632296	21163199309388
1789152333.459195023	20405297695915	21163490813368
1789152334.472219856	20405556764086	21163566916631
1789152335.485039504	20405700822344	21163741672236
1789152336.497564586	20405874092074	21163893842247
1789152337.510072387	20405980677737	21164007458291
1789152338.522387524	20406203687977	21164223486040
1789152339.534948031	20406281024388	21164303444978
1789152340.547593881	20406591427634	21164566936430
1789152341.560110406	20406638832337	21164659334937
1789152342.572344201	20406880223851	21164909448398
1789152343.585056286	20406916580049	21164945727540
1789152344.597736993	20407130541804	21165257423394
1789152345.610091300	20407243498063	21165293039880
1789152346.622281250	20407474134205	21165489497154
1789152347.634654179	20407569349122	21165648534599
1789152348.647003363	20407666572894	21165859890016
1789152349.659779915	20407926342839	21166005081056
1789152350.672347684	20407991861218	21166180836039
1789152351.684841322	20408237459939	21166316497789
1789152352.697637111	20408354862309	21166407170128
1789152353.709989724	20408525734740	21166604059683
1789152354.722607641	20408581025494	21166650062760
1789152355.735104301	20408823574059	21166891242498
1789152356.748053051	20408859997775	21166927807134
1789152357.760955537	20409131217606	21167209757269
1789152358.773547563	20409167689403	21167274790788
1789152359.785945453	20409293783104	21167587468498
1789152360.798563059	20409495093336	21167631873115
1789152361.811599622	20409615727060	21167872328169
1789152362.824098077	20409813492297	21167959913092
1789152363.836499859	20409939719825	21168137936420
1789152364.849063690	20410153294476	21168330075991
1789152365.861688085	20410211046167	21168518146666
1789152366.874243894	20410455099280	21168646639171
1789152367.886759188	20410519740614	21168812477805
1789152368.899302503	20410784766284	21169022894234
1789152369.912460844	20410855798718	21169136307853
1789152370.925058504	20411122977612	21169352023280
1789152371.937794975	20411177121214	21169436825134
1789152372.950334826	20411471407360	21169729979479
1789152373.962856385	20411516671078	21169776447321
1789152374.975194407	20411801222342	21170079301049
1789152375.987850322	20411837996011	21170116458766
1789152377.000382810	20412096156925	21170428618178
1789152378.012940608	20412197413619	21170466476154
1789152379.025648265	20412450136827	21170687112136
1789152380.038122216	20412488161915	21170776323572
1789152381.051064773	20412692395302	21171057852136
1789152382.063429225	20412786950265	21171095083417
1789152383.075861226	20413005842518	21171286772862
1789152384.088470117	20413106818505	21171424710715
1789152385.100995962	20413307880273	21171602819294
1789152386.113294018	20413405645015	21171753186246
1789152387.125922021	20413463443551	21171990965070
1789152388.138316711	20413736671946	21172094030805
1789152389.150982844	20413936097501	21172217186545
1789152390.164022613	20414007663354	21172394778066
1789152391.176683985	20414228251201	21172472745919
1789152392.190139871	20414318515071	21172695809248
1789152393.202789788	20414376264840	21172883158292
1789152394.216034118	20414651899179	21173038158173
1789152395.229343182	20414716412831	21173192408337
1789152396.241992920	20414932471549	21173348429575
1789152397.254525220	20415032727148	21173445232441
1789152398.267106665	20415272199188	21173698347409
1789152399.279717797	20415337149327	21173796050056
1789152400.292258916	20415613577749	21174079262808
1789152401.304874889	20415713418914	21174161899042
1789152402.317195131	20415955704519	21174411800251
1789152403.329658680	20416026889221	21174517948306
1789152404.342000008	20416247686459	21174743378487
1789152405.354450510	20416313576814	21174845091313
1789152406.367174855	20416570227446	21175066054065
1789152407.379698606	20416645643634	21175169988379
1789152408.392272225	20416822546029	21175328348490
1789152409.404719971	20416887548861	21175427343542
1789152410.417331942	20417153581147	21175659211587
1789152411.429493641	20417258400882	21175725169911
1789152412.442164732	20417451094425	21175976928866
1789152413.454626106	20417493460103	21176019197434
1789152414.467216900	20417532790455	21176058433320
1789152415.479680932	20417574554939	21176100268462
1789152416.492248754	20417796872072	21176398035290
1789152417.504808138	20417901575064	21176447338893
1789152418.517142481	20417950823204	21176496584888
1789152419.529643646	20418000158405	21176546328954
1789152420.542293808	20418049407401	21176595567066
1789152421.554750454	20418098657553	21176644814674
1789152422.567359391	20418147914209	21176694500920
1789152423.579837527	20418197174105	21176744575326
1789152424.592495477	20418246523997	21176793894364
1789152425.605209642	20418295771888	21176843259285
1789152426.617761472	20418345026757	21176892504464
1789152427.630537628	20418394304513	21176941745147
1789152428.643338336	20418447673105	21176997464922
1789152429.656202527	20418492910028	21177040595660
1789152430.668744816	20418542398163	21177091891774
1789152431.681379934	20418591638160	21177139087628
1789152432.694013673	20418644992348	21177193710835
1789152433.706646953	20418690136673	21177239672831
1789152434.718947287	20418741520870	21177286876516
1789152435.731446691	20418788719179	21177336124845
1789152436.743980714	20418838100169	21177387423834
1789152437.756550070	20418887739770	21177436945414
1789152438.769162096	20418939037271	21177484142067
1789152439.781592753	20418990427871	21177533470238
1789152440.794163974	20419230250380	21177838570545
1789152441.806663944	20419330896222	21177886035765
1789152442.819110157	20419378296127	21177935406108
1789152443.831742482	20419427680627	21177984779108
1789152444.844314999	20419477157399	21178034155964
1789152445.856980515	20419526533285	21178083531105
1789152446.869475806	20419576161566	21178133041584
1789152447.882097727	20419625538222	21178182419409
1789152448.894735923	20419674921449	21178231797558
1789152449.907347590	20419724393984	21178281171227
1789152450.919698352	20419773770441	21178330555199
1789152451.932408690	20419823152203	21178379927510
1789152452.944778965	20419876648468	21178430828082
1789152453.957249917	20419921918123	21178478951381
1789152454.969798127	20419971394707	21178530380378
1789152455.982269050	20420020767034	21178577705019
1789152456.994915531	20420070144660	21178627084676
1789152458.007465599	20420119516461	21178676462813
1789152459.019911535	20420168890452	21178725843116
1789152460.032204663	20420218367300	21178775393811
1789152461.044554863	20420267754017	21178824793036
1789152462.057238227	20420317134984	21178874171152
1789152463.069712506	20420366528130	21178923544155
1789152464.082225946	20420415906838	21178972915545
1789152465.094824244	20420697039284	21179199785997
1789152466.107277931	20420780335938	21179337221290
1789152467.119530072	20420829950242	21179386820503
1789152468.132166781	20420879560352	21179436435942
1789152469.144676575	20420929170401	21179486043953
1789152470.157306742	20420978870525	21179535941324
1789152471.169764315	20421028492592	21179585546431
1789152472.182400230	20421078109818	21179635519155
1789152473.195069908	20421127726187	21179685119763
1789152474.207813281	20421177344729	21179735149139
1789152475.220369505	20421227046666	21179784756124
1789152476.233013941	20421276714583	21179834373613
1789152477.245835578	20421330455055	21179884313711
1789152478.258463138	20421375966146	21179933910741
1789152479.271076211	20421425574734	21179983608822
1789152480.283684936	20421475273014	21180033217458
1789152481.296441752	20421524878795	21180082824549
1789152482.308903742	20421574499435	21180134720135
1789152483.321426681	20421624108226	21180182263212
1789152484.334084276	20421673712281	21180231973726
1789152485.346554488	20421723418286	21180281579396
1789152486.359608032	20421773034481	21180331187107
1789152487.372019024	20421822650606	21180380796267
1789152488.384267288	20421872260856	21180430400703
1789152489.396741464	20421924207106	21180769255711
1789152490.409192950	20422235484523	21180843813343
1789152491.421853576	20422269324533	21180877652836
1789152492.434341855	20422303166347	21180911494629
1789152493.446952426	20422337022949	21180945332786
1789152494.459372092	20422370867655	21180979266786
1789152495.472014882	20422404806232	21181013202399
1789152496.484701284	20422438651873	21181047043065
1789152497.497416338	20422483773803	21181092158652
1789152498.509979036	20422517612639	21181125996340
1789152499.522657589	20422552397824	21181161881190
1789152500.535216463	20422586335781	21181195786986
1789152501.547840266	20422630521479	21181239041263
1789152502.560370005	20422664508888	21181272896347
1789152503.572901181	20422698354900	21181306796223
1789152504.585447392	20422788690712	21181383484564
1789152505.597974226	20423031598621	21181610712404
1789152506.610442692	20423067918335	21181647064993
1789152507.622879082	20423299387364	21181898473613
1789152508.635335000	20423335936199	21181935067980
1789152509.647784256	20423521892244	21182235027527
1789152510.660258172	20423652119290	21182271042640
1789152511.672653828	20423813071409	21182505880281
1789152512.685374513	20423900624275	21182549877005
1789152513.698390366	20423997034919	21182749874938
1789152514.710970999	20424209303219	21182897808089
1789152515.724093708	20424277489073	21183030825464
1789152516.736789362	20424534979456	21183253110845
1789152517.749864101	20424579429393	21183302746947
1789152518.762616716	20424859502912	21183609331182
1789152519.775303929	20424927848272	21183645434751
1789152520.788938384	20425171701281	21183916423235
1789152521.801792986	20425244320369	21183971430498
1789152522.816053228	20425290033157	21184290222760
1789152523.828700392	20425600113323	21184346844157
1789152524.841320709	20425671289934	21184535317849
1789152525.853888200	20425888618173	21184614970720
1789152526.866455802	20425935759177	21184730153069
1789152527.879260784	20426155517201	21184921498880
1789152528.891670146	20426191420747	21184957439433
1789152529.904302362	20426497140609	21185254187130
1789152530.917326869	20426536771956	21185322790735
1789152531.929762717	20426715730622	21185595297869
1789152532.942227139	20426842343913	21185638146237
1789152533.954752593	20427067876943	21185753896351
1789152534.967247930	20427199398881	21186005011079
1789152535.979692575	20427335091433	21186107246881
1789152536.992222294	20427527554547	21186343766427
1789152538.005192717	20427605249497	21186409453972
1789152539.017741425	20427872683231	21186718719962
1789152540.030220294	20427908582663	21186754901221
1789152541.042615766	20428168749984	21186989311210
1789152542.055143964	20428205160649	21187081009554
1789152543.067948085	20428350072422	21187355013362
1789152544.080889052	20428510825464	21187397883793
1789152545.093443867	20428556056498	21187638313190
1789152546.107049537	20428840145764	21187750449330
1789152547.121061795	20428926108607	21187871636074
1789152548.133545161	20429154892567	21188081698944
1789152549.146054265	20429197170615	21188123793719
1789152550.159081026	20429457763220	21188417331926
1789152551.171641463	20429496244719	21188453239434
1789152552.184190626	20429766382925	21188698259928
1789152553.196644587	20429823518076	21188770842226
1789152554.209410527	20429869337880	21189092625568
1789152555.222113742	20430139894154	21189147013192
1789152556.234408064	20430264702561	21189321098792
1789152557.246981090	20430464276349	21189523359199
1789152558.259424127	20430606762260	21189607387369
1789152559.272354585	20430785617870	21189881967443
1789152560.285803237	20430885148280	21189924804606
1789152561.298536593	20431112064618	21190228284480
1789152562.311060538	20431147544375	21190263763758
1789152563.323342445	20431417508595	21190524690070
1789152564.335859458	20431453020991	21190589439544
1789152565.348080160	20431529050789	21190855573006
1789152566.360391965	20431820933222	21190956363207
1789152567.372799031	20431890474072	21191189798422
1789152568.385399651	20432118928441	21191274994540
1789152569.398030423	20432285008295	21191371085538
1789152570.410679545	20432438065153	21191574247864
1789152571.423221803	20432571474746	21191617274753
1789152572.435844506	20432764472670	21191881560866
1789152573.449073880	20432800783195	21191917874837
1789152574.461984382	20433050976831	21192268949145
1789152575.474516668	20433147845099	21192305215473
1789152576.486884471	20433390070635	21192575598168
1789152577.499550681	20433463850689	21192611586346
1789152578.512830685	20433640620600	21192816778275
1789152579.525494503	20433773333863	21192919798140
1789152580.537980802	20433942910077	21193067252668
1789152581.550393987	20434111449641	21193257698524
1789152582.562942309	20434194021895	21193410386184
1789152583.575539392	20434460465962	21193587610062
1789152584.588215975	20434557717379	21193676120019
1789152585.600650602	20434777687927	21193904083151
1789152586.613174416	20434822285497	21193950397418
1789152587.625848184	20435139092770	21194251186540
1789152588.638725369	20435191090272	21194287728498
1789152589.651083302	20435431407259	21194568497136
1789152590.663538933	20435507964969	21194604895463
1789152591.676375335	20435689897037	21194848684295
1789152592.688902283	20435835353521	21194932522235
1789152593.701764379	20435911253704	21195190288468
1789152594.714657456	20436152442823	21195260392652
1789152595.727095320	20436302081619	21195377729599
1789152596.739636325	20436481759528	21195600082278
1789152597.751977624	20436571571136	21195704230793
1789152598.764404225	20436809692225	21195947678255
1789152599.777054704	20436875123557	21196023477210
1789152600.789509684	20437127727743	21196285954972
1789152601.802113125	20437164085875	21196321843904
1789152602.814815143	20437454055378	21196617483065
1789152603.827980738	20437491923942	21196659620806
1789152604.840472023	20437714159408	21196916446464
1789152605.852668432	20437752995502	21196961225645
1789152606.865608768	20438038701424	21197183855287
1789152607.878363736	20438083239718	21197311756232
1789152608.890872612	20438286747778	21197573777069
1789152609.903456524	20438424291279	21197681946072
1789152610.915929651	20438542321890	21197994872731
1789152611.929244599	20438785608729	21198082934148
1789152612.941756435	20438999008918	21198299131699
1789152613.954326959	20439097841685	21198355436718
1789152614.966884123	20439309651133	21198574000638
1789152615.979217831	20439409075019	21198666854764
1789152616.991977767	20439590866805	21198902809001
1789152618.004191663	20439751168825	21199008863840
1789152619.016648411	20440006943046	21199186009364
1789152620.029109389	20440123111818	21199380580595
1789152621.041561053	20440348467340	21199614040536
1789152622.055275861	20440445055441	21199702528625
1789152623.067931906	20440702732380	21199880589654
1789152624.080397809	20440795674658	21200063259380
1789152625.093009055	20441041300712	21200234733594
1789152626.105518271	20441117971134	21200435072243
1789152627.117929701	20441304346877	21200655466359
1789152628.130506354	20441439847033	21200786255529
1789152629.142806302	20441697200772	21200949902303
1789152630.155220023	20441783263762	21201149519129
1789152631.167849899	20442014869347	21201328774781
1789152632.180338435	20442055234551	21201421386598
1789152633.192773232	20442131354536	21201753076396
1789152634.205348882	20442417011214	21201803165594
1789152635.218213294	20442523166800	21202125764433
1789152636.230710876	20442748525258	21202164790189
1789152637.243083766	20442960722699	21202402125393
1789152638.256377711	20443060589974	21202496801541
1789152639.269231912	20443347583109	21202676662142
1789152640.281764755	20443403129896	21202819295388
1789152641.294173780	20443566227188	21203122489916
1789152642.306678313	20443725987581	21203171897845
1789152643.319140205	20444019143531	21203367405761
1789152644.331555442	20444098030540	21203534021673
1789152645.344130354	20444361661810	21203727662263
1789152646.356851972	20444401180011	21203817235726
1789152647.369410937	20444712783221	21204021308702
1789152648.381819392	20444763952783	21204169831632
1789152649.394847464	20444969234211	21204453420688
1789152650.407465720	20445086246262	21204492389381
1789152651.419840582	20445368725629	21204700893508
1789152652.432416650	20445408252354	21204844274395
1789152653.445975197	20445573167984	21205187486968
1789152654.458568425	20445751710924	21205227904262
1789152655.471123376	20445996590120	21205522023942
1789152656.483596082	20446065420358	21205561776841
1789152657.495949243	20446358990374	21205847402094
1789152658.508541199	20446398136701	21205933895999
1789152659.521127798	20446648782961	21206277199716
1789152660.533898406	20446758632877	21206324464135
1789152661.546420377	20447054970426	21206619966625
1789152662.559036868	20447113491000	21206671593649
1789152663.571358193	20447407134811	21206973008273
1789152664.584536122	20447453950878	21207019831454
1789152665.597001458	20447711164857	21207287817114
1789152666.608278645	20447814665340	21207344052492
1789152667.621214400	20448015180670	21207631023817
1789152668.633525993	20448118473107	21207705092795
1789152669.646024740	20448309700445	21207965357310
1789152670.658581145	20448426754429	21208055669500
1789152671.670911953	20448622116331	21208268127562
1789152672.681464710	20448678538105	21208412018903
1789152673.694421554	20448965654484	21208621478147
1789152674.706945278	20449083312539	21208742128631
1789152675.719444599	20449317614715	21208963680889
1789152676.732258984	20449531751219	21209019931937
1789152677.744700843	20449688398264	21209354744533
1789152678.757628168	20449885946213	21209437852873
1789152679.770318835	20450001596623	21209647668936
1789152680.782780060	20450052387680	21209862851990
1789152681.795224910	20450344862512	21210020546267
1789152682.807797350	20450550178416	21210127402610
1789152683.820776639	20450637595816	21210332807637
1789152684.833310359	20450794182279	21210494540894
1789152685.845971410	20450931435958	21210656949698
1789152686.858337885	20451124984075	21210801882502
1789152687.869572264	20451243929500	21210959863988
1789152688.881035255	20451375516520	21211178008006
1789152689.893903166	20451569306353	21211314085898
1789152690.906310919	20451717573535	21211542544884
1789152691.918872749	20451942307706	21211666925131
1789152692.931352028	20452079615392	21211944009861
1789152693.944039358	20452266197956	21211991281816
1789152694.956431435	20452524215368	21212204356920
1789152695.968871624	20452590010698	21212315595176
1789152696.981400631	20452839310450	21212567189403
1789152697.994060959	20452933755893	21212699143377
1789152699.006536248	20453213926058	21212956155606
1789152700.019980907	20453266710494	21213042374546
1789152701.032875141	20453514829733	21213329959407
1789152702.046162177	20453571142741	21213386615750
1789152703.058878186	20453884645996	21213668811580
1789152704.071559489	20453951709794	21213757406676
1789152705.083943595	20454227939557	21214043714932
1789152706.096983263	20454279139489	21214113302830
1789152707.109550102	20454553231526	21214407265314
1789152708.122190941	20454671943501	21214461144213
1789152709.134681772	20454896158557	21214791284041
1789152710.147164197	20455003375310	21214880059825
1789152711.159561628	20455217897989	21215123335792
1789152712.171940487	20455259328042	21215164363293
1789152713.184542411	20455298654055	21215203602199
1789152714.197318985	20455337890939	21215242875312
1789152715.209647784	20455392385622	21215306567742
1789152716.222993587	20455696124689	21215596674038
1789152717.236859842	20455768317329	21215665166778
1789152718.249711021	20455817675600	21215714403257
1789152719.264290488	20455866927378	21215763644511
1789152720.276928292	20455895666598	21215794421609
1789152721.289476136	20455940833908	21215837517220
1789152722.302155039	20455992135706	21215886758344
1789152723.314725304	20456039436369	21215935992945
1789152724.327420186	20456088685484	21215985390897
1789152725.339906380	20456139996249	21216038827432
1789152726.352433789	20456191289195	21216083978308
1789152727.364804722	20456242338283	21216133224849
1789152728.377381683	20456285808981	21216184505721
1789152729.389800510	20456359679286	21216256353481
1789152730.402171150	20456409032979	21216305598831
1789152731.414713615	20456458288395	21216354931524
1789152732.427057739	20456507544637	21216404300340
1789152733.439605365	20456556891732	21216453551761
1789152734.452189329	20456606149838	21216502861946
1789152735.464454824	20456655398518	21216552108706
1789152736.476924423	20456704643557	21216601461652
1789152737.489517987	20456755945659	21216650753923
1789152738.502058736	20456803246468	21216700293147
1789152739.514663153	20456852502603	21216749561085
1789152740.527011168	20457016182456	21217013177536
1789152741.538987800	20457145473268	21217082700655
1789152742.551350879	20457194855259	21217132412830
1789152743.564000234	20457244331517	21217181788609
1789152744.576600393	20457293711275	21217231163397
1789152745.589048262	20457343087665	21217280542150
1789152746.601425972	20457392460371	21217329921826
1789152747.614410316	20457441836704	21217379413106
1789152748.627188473	20457491310140	21217428786346
1789152749.640069317	20457540686335	21217478254620
1789152750.652228066	20457590192793	21217527627544
1789152751.664859027	20457639574109	21217577031550
1789152752.677237515	20457689003463	21217626400817
1789152753.689540851	20457738479298	21217675909975
1789152754.702087930	20457787862335	21217725287831
1789152755.714707245	20457837255014	21217774797666
1789152756.727372428	20457886642736	21217824169026
1789152757.739856786	20457936019593	21217873686508
1789152758.752400390	20457985495259	21217923080756
1789152759.765089783	20458034876021	21217972500104
1789152760.777375059	20458084257874	21218021871926
1789152761.789919899	20458135695578	21218075631754
1789152762.802405485	20458183019224	21218120891507
1789152763.814866359	20458232486503	21218170300346
1789152764.827501779	20458456273546	21218478084757
1789152765.840122774	20458594460805	21218522948188
1789152766.852663639	20458642132940	21218570616548
1789152767.865144217	20458688623162	21218617111331
1789152768.877763969	20458932323572	21218945102129
1789152769.890122530	20459058625486	21219069035335
1789152770.902641040	20459345771766	21219303924727
1789152771.915245059	20459517138802	21219510740161
1789152772.927813235	20459679015986	21219696487173
1789152773.940314767	20459929560302	21219954254010
1789152774.952799538	20460041201164	21220075476776
1789152775.965348287	20460297397729	21220314842296
1789152776.977857941	20460377105476	21220492605996
1789152777.990384366	20460601534695	21220629088867
1789152779.003020222	20460746493185	21220861914315
1789152780.015580504	20460947568697	21220985107560
1789152781.027806468	20461166823251	21221240649810
1789152782.040314671	20461283464901	21221321059025
1789152783.052704565	20461550181346	21221588544642
1789152784.065469525	20461604251924	21221659894293
1789152785.078599104	20461854216436	21221921894274
1789152786.091279611	20462022679892	21221986886961
1789152787.104033113	20462200323930	21222297853519
1789152788.116465345	20462319306135	21222453863673
1789152789.129160326	20462577628224	21222675109749
1789152790.141807468	20462705589875	21222880540991
1789152791.154416333	20462899956462	21223027680467
1789152792.167558515	20462965730332	21223342722944
1789152793.180262694	20463272839117	21223400726675
1789152794.192735192	20463357290530	21223744629152
1789152795.205354587	20463635593290	21223792938411
1789152796.217966514	20463888446631	21224042547901
1789152797.230305977	20463968235936	21224096419446
1789152798.243070773	20464205158854	21224403739031
1789152799.255577343	20464333445628	21224483166254
1789152800.269513438	20464591400906	21224799059466
1789152801.282213222	20464670306100	21224924273823
1789152802.294614014	20464912591081	21225139774239
1789152803.306943359	20465021595660	21225274508994
1789152804.319480862	20465198079990	21225416088692
1789152805.332290743	20465272720438	21225610143813
1789152806.344549378	20465550845458	21225748328448
1789152807.357622140	20465703544898	21225892310785
1789152808.370202964	20465892982745	21226101048382
1789152809.382627728	20466024643376	21226343319163
1789152810.395016038	20466205422402	21226413369302
1789152811.407384802	20466300006502	21226739481645
1789152812.419810950	20466536966782	21226785043023
1789152813.432283767	20466771487189	21227027258172
1789152814.444933122	20466859247069	21227116907220
1789152815.457244938	20467050636873	21227442160873
1789152816.469781754	20467199626836	21227486807930
1789152817.482210674	20467475717602	21227762975937
1789152818.494683083	20467524332445	21227811788512
1789152819.506326772	20467795833635	21228093461026
1789152820.519106824	20467844965915	21228160338004
1789152821.530996101	20468117419853	21228454095848
1789152822.543775689	20468201582498	21228542021280
1789152823.556395633	20468449832998	21228855456850
1789152824.568951404	20468602998617	21228938868622
1789152825.581584981	20468782181077	21229187517700
1789152826.594077685	20469005778680	21229251021808
1789152827.606491000	20469127889082	21229543205117
1789152828.618686872	20469306248857	21229662004593
1789152829.631173109	20469459708426	21229894413277
1789152830.643783999	20469553526569	21230129282121
1789152831.656161412	20469832031544	21230256927024
1789152832.668825143	20469952581942	21230524278268
1789152833.681550991	20470143382448	21230577947209
1789152834.694099744	20470357541673	21230824571887
1789152835.706892617	20470464977275	21230899417109
1789152836.720723029	20470728289900	21231129755228
1789152837.733382223	20470815023011	21231269100391
1789152838.745876972	20470954541547	21231634513289
1789152839.758280479	20471185409686	21231678959427
1789152840.770855909	20471422941704	21231966638144
1789152841.783530383	20471473046646	21232016421121
1789152842.795875683	20471774763691	21232298344654
1789152843.808442785	20471870847937	21232352338139
1789152844.820830148	20472046412817	21232619429762
1789152845.834102852	20472114867109	21232717574994
1789152846.847223940	20472367361575	21232950216715
1789152847.859790861	20472446769757	21233081177032
1789152848.872221554	20472709581827	21233273317694
1789152849.884379498	20472825732038	21233422563314
1789152850.896603492	20473037544319	21233600953122
1789152851.908648196	20473280860737	21233699920417
1789152852.921065532	20473390028120	21233982914048
1789152853.933381802	20473481934597	21234262862843
1789152854.945707442	20473754550887	21234328075295
1789152855.958006124	20473954476774	21234595484848
1789152856.970685163	20474118004609	21234711471632
1789152857.983258502	20474339089359	21235017281490
1789152858.995686304	20474401169657	21235063943765
1789152860.008535748	20474699233881	21235361597465
1789152861.021152029	20474759542438	21235454256971
1789152862.033510807	20475051083760	21235733929729
1789152863.046658687	20475194407077	21235812982463
1789152864.058892164	20475415384945	21236097691307
1789152865.071451467	20475476641039	21236314065465
1789152866.083996923	20475724847248	21236466724013
1789152867.096536655	20475937381054	21236620695109
1789152868.109043189	20476018077374	21236770469851
1789152869.121534979	20476285638580	21236931536789
1789152870.133940291	20476331010534	21237113422272
1789152871.146343935	20476607345557	21237322836640
1789152872.158855270	20476653704889	21237426094187
1789152873.171362118	20476959866876	21237671627404
1789152874.184030989	20477011525134	21237784098736
1789152875.196424196	20477313633504	21238039920358
1789152876.208690428	20477383780554	21238166181162
1789152877.222681259	20477606350716	21238389653277
1789152878.235182481	20477673922801	21238523495024
1789152879.247967491	20477928931668	21238771846612
1789152880.260349159	20478075852965	21238903129366
1789152881.272897202	20478287801547	21239190071297
1789152882.285491747	20478356505638	21239344678634
1789152883.298084412	20478604781148	21239527469589
1789152884.310658099	20478785047161	21239697449899
1789152885.323163200	20478920307179	21239862701772
1789152886.335618201	20479236064230	21239999143391
1789152887.348231081	20479305239299	21240266900662
1789152888.360621823	20479582379841	21240503067715
1789152889.373216500	20479628775650	21240630020567
1789152890.385292015	20479889960038	21240957124504
1789152891.398065968	20480007814935	21241027921994
1789152892.411123448	20480279474502	21241310140878
1789152893.423507048	20480334065484	21241446129021
1789152894.435881127	20480612664656	21241683128646
1789152895.448339582	20480744435571	21241803160919
1789152896.460801498	20480950917296	21242070722498
1789152897.473265297	20481019660372	21242294438048
1789152898.485816647	20481312788847	21242472148188
1789152899.498199988	20481415924076	21242680316153
1789152900.510899410	20481619087959	21242788154332
1789152901.523572496	20481841659511	21243046398688
1789152902.536087098	20481943277801	21243101959633
1789152903.548377444	20482193028341	21243389612981
1789152904.560708530	20482261926911	21243480190268
1789152905.573234286	20482518475484	21243822360783
1789152906.585765888	20482658259736	21243915819944
1789152907.598261187	20482918939677	21244185835062
1789152908.610743597	20483014179427	21244328345412
1789152909.623306876	20483258938583	21244506115499
1789152910.635794070	20483489526742	21244626855332
1789152911.648387284	20483595584563	21244851693050
1789152912.661369647	20483778815263	21245100003298
1789152913.677094979	20483900483424	21245185915070
1789152914.689805638	20484219847998	21245391088093
1789152915.703140231	20484274947297	21245520690869
1789152916.716132882	20484573648161	21245809324274
1789152917.728905550	20484657523432	21245891601928
1789152918.741484236	20484956232457	21246171744104
1789152919.754394104	20485046556244	21246292401138
1789152920.767419035	20485260874133	21246486608861
1789152921.779776596	20485330940069	21246686230441
1789152922.792399939	20485628191737	21246883694849
1789152923.805041151	20485804389418	21247057073472
1789152924.817479673	20485972313295	21247208621598
1789152925.830022082	20486106816890	21247472878657
1789152926.842438815	20486274832460	21247541197456
1789152927.855091937	20486471168709	21247809817389
1789152928.867545499	20486577699977	21247863850926
1789152929.879885029	20486815629655	21248161909292
1789152930.892375867	20486898453062	21248224316915
1789152931.904815260	20487110790904	21248560001484
1789152932.917830247	20487264661093	21248620478560
1789152933.930557697	20487507816776	21248887274501
1789152934.943254481	20487584646327	21248984610701
1789152935.955945165	20487841250944	21249236310743
1789152936.969199961	20487902960642	21249405434109
1789152937.981915252	20488191838485	21249626513059
1789152938.994714608	20488315157373	21249816881468
1789152940.007103628	20488555582496	21250020085609
1789152941.019573529	20488775027285	21250199991794
1789152942.032082374	20488862048059	21250316400895
1789152943.044516168	20489100673705	21250545128478
1789152944.057217610	20489146868410	21250591760179
1789152945.069584672	20489432017299	21250888938803
1789152946.082273099	20489509542395	21250965227891
1789152947.094781457	20489803679256	21251282996316
1789152948.107417376	20489884913371	21251404278312
1789152949.120027326	20490132989740	21251627592539
1789152950.132443461	20490212846987	21251818318678
1789152951.145121042	20490481808045	21251984953166
1789152952.157397271	20490696103903	21252118937200
1789152953.170085494	20490815008416	21252357936962
1789152954.182550042	20491076918070	21252503507247
1789152955.195094486	20491139353942	21252692073988
1789152956.208123284	20491377190657	21252968404814
