1789187394.697095514	20528883491896	21289965276079
1789187395.709650671	20528883495852	21289965278322
1789187396.720488946	20528883530214	21289965280183
1789187397.732944010	20528883564936	21289965282104
1789187398.745410910	20528883569047	21289965284364
1789187399.757894209	20528883604197	21289965287164
1789187400.770383200	20528883607891	21289965288680
1789187401.782756982	20528883642880	21289965291315
1789187402.793242495	20528883677396	21289965293944
1789187403.799994858	20528883681150	21289965295473
1789187404.812421553	20528883716068	21289965297761
1789187405.824939298	20528883720251	21289965299406
1789187406.837325198	20528883755016	21289965301676
1789187407.849773850	20528883792071	21289965305620
1789187408.862259059	20528883795831	21289965307202
1789187409.874702635	20528922499174	21290003983699
1789187410.887334881	20528980615843	21290061957009
1789187411.899825497	20529045109107	21290126359680
1789187412.912394916	20529116244806	21290197213307
1789187413.924944502	20529180690119	21290261620788
1789187414.937548971	20529419387819	21290501493174
1789187415.949793611	20529513031671	21290603864999
1789187416.962394843	20529539766127	21290632424123
1789187417.974599419	20529597038569	21290689308609
1789187418.987051513	20529647562688	21290735689527
1789187419.999489945	20529698136616	21290790603878
1789187421.011909557	20529751120884	21290841142090
1789187422.024558635	20529803878239	21290893871915
1789187423.037353685	20529856649889	21290946590316
1789187424.049915989	20529909380845	21290999312471
1789187425.062451766	20529962144700	21291052040487
1789187426.075000554	20530015033820	21291104768954
1789187427.087881402	20530067978434	21291157492961
1789187428.100772378	20530125775763	21291210247649
1789187429.113314109	20530200517562	21291289328708
1789187430.125865714	20530231314388	21291322123248
1789187431.138396529	20530279656560	21291370617478
1789187432.150818167	20530332423462	21291421155599
1789187433.163387196	20530398709657	21291493231236
1789187434.175841786	20530464615785	21291554780077
1789187435.188478600	20530517370286	21291607506321
1789187436.201146886	20530570103997	21291660231839
1789187437.213524941	20530622865347	21291713530537
1789187438.225851256	20530675997214	21291766265070
1789187439.238217194	20530785466840	21292093058498
1789187440.250779792	20530996208935	21292146499671
1789187441.263492667	20531048938619	21292199285441
1789187442.275864305	20531101911680	21292252206008
1789187443.288285567	20531142234408	21292296621571
1789187444.300831297	20531183230004	21292335690520
1789187445.313145594	20531233825367	21292384107124
1789187446.325782635	20531286564286	21292436840559
1789187447.338183384	20531339331081	21292491753335
1789187448.351288944	20531392091558	21292542793601
1789187449.363706512	20531444823447	21292595789294
1789187450.376231020	20531497735950	21292648512607
1789187451.388541216	20531550459928	21292701467939
1789187452.401012790	20531629577561	21292780555350
1789187453.413486185	20531682622689	21292833283612
1789187454.425988161	20531735348209	21292886071695
1789187455.438267932	20531788136677	21292938794429
1789187456.450882721	20531840861358	21292991523034
1789187457.463335382	20531893619183	21293044322349
1789187458.475898154	20531946429685	21293097042201
1789187459.488259362	20531999157453	21293150410793
1789187460.501080700	20532051913614	21293203132529
1789187461.513434991	20532104643343	21293255858817
1789187462.526243308	20532157521120	21293308577654
1789187463.538668883	20532357664474	21293526400998
1789187464.551606907	20532509749299	21293670948277
1789187465.563978620	20532562553715	21293723676151
1789187466.576209772	20532611197735	21293776405290
1789187467.588760608	20532646080496	21293808650564
1789187468.601265781	20532696646253	21293860575072
1789187469.613757341	20532747173575	21293908907520
1789187470.626330542	20532799946451	21293962253064
1789187471.638899131	20532853053821	21294014968502
1789187472.651426481	20532905779276	21294067693873
1789187473.664136361	20532958525415	21294120420046
1789187474.676450174	20533011244281	21294173152693
1789187475.689002985	20533064010923	21294226036095
1789187476.701467068	20533122667804	21294278834960
1789187477.714145356	20533196212932	21294357956618
1789187478.726644721	20533229061542	21294394752416
1789187479.739199971	20533275405340	21294439562679
1789187480.751558101	20533328164122	21294490103962
1789187481.764196021	20533381099969	21294542829281
1789187482.776558170	20533433829687	21294595557580
1789187483.789275383	20533487022116	21294648292435
1789187484.801959550	20533539916022	21294703208960
1789187485.814339059	20533592675041	21294753744346
1789187486.827215828	20533645707148	21294808658270
1789187487.840159943	20533761500159	21295036975526
1789187488.852866453	20533870123084	21295104452576
1789187489.865536806	20533933267565	21295167322454
1789187490.878120658	20533996379702	21295230191180
1789187491.890643664	20534059311888	21295293709680
1789187492.903347012	20534223648332	21295450965474
1789187493.916132511	20534295457731	21295554268894
1789187494.928628453	20534529710453	21295771562805
1789187495.941025266	20534696549435	21295817974160
1789187496.953327749	20534922218225	21296097646009
1789187497.965749563	20534966083990	21296185790548
1789187498.978112698	20535211604372	21296474768006
1789187499.992383910	20535288419527	21296517368448
1789187501.005116262	20535417388404	21296739836627
1789187502.017656009	20535558225018	21296816897041
1789187503.029980719	20535701292343	21297107426793
1789187504.042546742	20535877720161	21297186324016
1789187505.055555233	20536001073720	21297351816220
1789187506.068007037	20536207155797	21297545365283
1789187507.080276537	20536280755859	21297860401035
1789187508.096967875	20536547444586	21297954708508
1789187509.109956129	20536655248901	21298200511024
1789187510.122704104	20536878928126	21298315777171
1789187511.135126060	20536986451310	21298542195321
1789187512.147533714	20537209690739	21298656185368
1789187513.159932749	20537276908472	21298812306151
1789187514.172291862	20537489906877	21298985729121
1789187515.184773867	20537528015192	21299222699623
1789187516.198625227	20537820968300	21299346369359
1789187517.211059328	20537876991972	21299542311912
1789187518.223755639	20538181300016	21299687630572
1789187519.236626321	20538298077925	21299813488882
1789187520.249157542	20538474865713	21300040149689
1789187521.261985647	20538551452408	21300194232636
1789187522.274403306	20538817472445	21300381416199
1789187523.286970421	20538882294549	21300514870905
1789187524.299319296	20539146792647	21300691814194
1789187525.311640475	20539280355661	21300736658074
1789187526.323872255	20539537900941	21300952698174
1789187527.336762926	20539584172163	21301139011578
1789187528.351007830	20539692363028	21301328511846
1789187529.363549006	20539897038052	21301471617919
1789187530.376023574	20539936103239	21301748019141
1789187531.388380317	20540238978600	21301843511728
1789187532.400880082	20540426056894	21301980832203
1789187533.414026349	20540609711936	21302223762315
1789187534.426798979	20540757910475	21302384506630
1789187535.439127493	20540962006985	21302605751923
1789187536.451731288	20541147372364	21302644167777
1789187537.463943887	20541263205132	21302897007817
1789187538.476421957	20541301265061	21303122874954
1789187539.488955923	20541624446565	21303268149757
1789187540.501434146	20541663206287	21303306966120
1789187541.513919487	20541848846252	21303540243209
1789187542.526372579	20541994799817	21303668100175
1789187543.538758549	20542139931106	21303961625745
1789187544.552390637	20542326623782	21304000028540
1789187545.564974837	20542480844995	21304267222878
1789187546.577345523	20542656837060	21304360306171
1789187547.589910751	20542702580628	21304545539047
1789187548.602996566	20542938735743	21304651960471
1789187549.615480636	20543149479859	21304807764216
1789187550.628034773	20543281229161	21304994155204
1789187551.640394337	20543508219780	21305160229252
1789187552.653272148	20543653886626	21305356612545
1789187553.666324054	20543847889003	21305511612098
1789187554.678998429	20543965634991	21305668220351
1789187555.691411406	20544004135002	21305906004702
1789187556.703870096	20544297757302	21305960712248
1789187557.716341867	20544424555334	21306137088665
1789187558.728822505	20544599484705	21306301907025
1789187559.741177919	20544757365301	21306507558556
1789187560.753884507	20544912396343	21306644384284
1789187561.766226295	20545000078212	21306890147434
1789187562.778690795	20545263315816	21307005108913
1789187563.791678307	20545493012087	21307133643608
1789187564.804635845	20545665087841	21307407290472
1789187565.817149325	20545881677934	21307523734049
1789187566.829579040	20546007072064	21307827920669
1789187567.842782974	20546204725932	21307981160628
1789187568.857878585	20546380029943	21308250257422
1789187569.870522965	20546418887194	21308289070853
1789187570.883425013	20546672276390	21308463879459
1789187571.896117709	20546723975981	21308607937200
1789187572.908614571	20546858938086	21308906320267
1789187573.921092060	20547052974123	21308952704633
1789187574.933634754	20547202435892	21309277931966
1789187575.946139048	20547416710650	21309316422981
1789187576.958667207	20547638799907	21309599253840
1789187577.971031604	20547747690713	21309637430724
1789187578.983462787	20548020685345	21309859333667
1789187579.995742994	20548109467651	21310019080927
1789187581.008176388	20548286706008	21310352034854
1789187582.020438984	20548452171363	21310391929292
1789187583.032939767	20548695419927	21310615428250
1789187584.045166101	20548773652031	21310733204795
1789187585.057512580	20549047056639	21310956991528
1789187586.069949996	20549086538453	21311085190761
1789187587.082766612	20549389588353	21311268613213
1789187588.095248617	20549428400811	21311446943652
1789187589.107891743	20549701769822	21311674482311
1789187590.120430982	20549770625646	21311809073782
1789187591.132935663	20550103711564	21311962731663
1789187592.145500257	20550143159798	21312191988293
1789187593.160205392	20550190030784	21312333755314
1789187594.173140025	20550467020927	21312505619444
1789187595.185364243	20550571989674	21312573417839
1789187596.198012932	20550739776146	21312827827093
1789187597.210630681	20550884321487	21312873908142
1789187598.223365661	20550977196347	21313088205520
1789187599.235953456	20551019020431	21313282324647
1789187600.248397177	20551343590993	21313437958479
1789187601.261051719	20551382416730	21313490355965
1789187602.273569076	20551642085238	21313655823875
1789187603.285878528	20551685536461	21313793320010
1789187604.298103753	20551951373072	21313948374108
1789187605.310595423	20552018243825	21314145798923
1789187606.323221432	20552223372456	21314372676336
1789187607.335646069	20552322521773	21314430481983
1789187608.349172753	20552586621224	21314564755536
1789187609.361988503	20552626204211	21314724267115
1789187610.374257365	20552909827692	21314808876866
1789187611.386927445	20552949279953	21315017543056
1789187612.399506123	20553099640343	21315192063919
1789187613.411849078	20553262077341	21315320668426
1789187614.424222495	20553397502011	21315383883531
1789187615.436661488	20553635287769	21315664480349
1789187616.448969450	20553780652845	21315747514885
1789187617.461361080	20553949130178	21315988249538
1789187618.473917642	20554093530320	21316075529701
1789187619.486260808	20554241310196	21316260608050
1789187620.498709861	20554326826033	21316389339632
1789187621.511105233	20554563579900	21316573169492
1789187622.523579858	20554619098216	21316686171699
1789187623.535885303	20554874831347	21316923720722
1789187624.548545597	20555042143151	21316990765707
1789187625.560947695	20555188178044	21317247232558
1789187626.573502756	20555268385513	21317424632687
1789187627.585726090	20555521814418	21317610421784
1789187628.597960664	20555670557710	21317738289046
1789187629.610111581	20555873785849	21317972400459
1789187630.622612351	20556096055112	21318010986772
1789187631.637415301	20556196509582	21318294659680
1789187632.649908484	20556305385748	21318422216046
1789187633.662255848	20556490707349	21318588847552
1789187634.674608621	20556529980565	21318791873214
1789187635.686915559	20556805232570	21318903231800
1789187636.699348735	20556844406927	21318942504400
1789187637.711775549	20557109201479	21319187601082
1789187638.724203035	20557148263685	21319295790871
1789187639.736500328	20557412851532	21319471444452
1789187640.749013739	20557451598273	21319628799170
1789187641.761303094	20557714104633	21319883347816
1789187642.777996798	20557812790680	21319989549442
1789187643.791622773	20558000973306	21320256956718
1789187644.804794504	20558159928538	21320303234994
1789187645.817271805	20558403738782	21320570883193
1789187646.829584685	20558507173421	21320666921253
1789187647.845706155	20558688453611	21320876770956
1789187648.858676139	20558828242370	21320942190006
1789187649.871330471	20559023279124	21321239896628
1789187650.887430832	20559176548333	21321286047699
1789187651.900816364	20559317917678	21321554264887
1789187652.913205463	20559425260250	21321660574971
1789187653.925861413	20559659258084	21321885691180
1789187654.938236689	20559878949016	21321925860929
1789187655.950766945	20560003171044	21322259219908
1789187656.963707859	20560221232664	21322313901768
1789187657.977624203	20560318205659	21322623607478
1789187658.990088159	20560357931701	21322816442334
1789187660.003058367	20560652576373	21322977757510
1789187661.015891233	20560692302617	21323017481584
1789187662.028690709	20560956704923	21323280264172
1789187663.041347373	20561075101829	21323419975814
1789187664.053874970	20561202218894	21323693954636
1789187665.066100001	20561366449361	21323751031747
1789187666.078617444	20561556513951	21324047345709
1789187667.090981793	20561709827539	21324125753735
1789187668.103467765	20561947935386	21324356530841
1789187669.115843654	20562111215535	21324458121192
1789187670.128281348	20562276128844	21324716076159
1789187671.140812053	20562457144706	21324763146274
1789187672.153221060	20562696003356	21325030560761
1789187673.166755321	20562743148675	21325181721220
1789187674.178899653	20563050005906	21325397529470
1789187675.192544042	20563156539007	21325550475195
1789187676.205171043	20563411638822	21325756688336
1789187677.217734643	20563580197076	21325831698993
1789187678.230001540	20563746462888	21326110870521
1789187679.242405526	20563965074904	21326202124315
1789187680.254688571	20564131727957	21326476732275
1789187681.267196830	20564172226097	21326517036276
1789187682.279619289	20564339091924	21326741211170
1789187683.292067712	20564444020176	21326788868544
1789187684.304336862	20564627277719	21327115029007
1789187685.316796643	20564811824473	21327161669673
1789187686.329416410	20565055062692	21327461045138
1789187687.341750290	20565151296965	21327583310427
1789187688.354550088	20565399117958	21327783204064
1789187689.367821981	20565505012492	21327898836010
1789187690.380427664	20565584538707	21328037972373
1789187691.393714870	20565681322002	21328189619777
1789187692.406496636	20565786928772	21328230116454
1789187693.419235147	20565826207278	21328269348914
1789187694.431683603	20565865635731	21328308584786
1789187695.444261708	20565906685099	21328501139433
1789187696.457308060	20566181204310	21328654016587
1789187697.470105090	20566230447765	21328704007714
1789187698.482872819	20566279705600	21328753584964
1789187699.495732857	20566329121563	21328803104109
1789187700.508536229	20566378350372	21328852337520
1789187701.521145772	20566429659897	21328901563398
1789187702.533814855	20566476844372	21328950775255
1789187703.547092628	20566526104701	21329000051572
1789187704.559383098	20566575465576	21329049276431
1789187705.571923158	20566624700105	21329099034175
1789187706.584343008	20566673960158	21329148254564
1789187707.596758726	20566725237642	21329197487094
1789187708.609297888	20566796426728	21329271896945
1789187709.621930198	20566846330430	21329321160054
1789187710.634325676	20566895555684	21329370458739
1789187711.646971336	20566920204886	21329395704162
1789187712.659458888	20566969437419	21329444925719
1789187713.671938113	20567018695627	21329494159496
1789187714.684425502	20567067957287	21329543575721
1789187715.696837140	20567117187381	21329593230748
1789187716.709520562	20567166446617	21329642462683
1789187717.722702220	20567215676403	21329691679069
1789187718.735365530	20567264932385	21329740928814
1789187719.747990234	20567314196493	21329790152591
1789187720.760186397	20567580774424	21329958039366
1789187721.772165812	20567693478048	21330189336057
1789187722.784257969	20567746202136	21330242069816
1789187723.796133180	20567798959362	21330294997552
1789187724.808506578	20567851720297	21330347711105
1789187725.821011962	20567904452888	21330400562022
1789187726.833533020	20567957210069	21330453290936
1789187727.846249564	20568009937592	21330506048312
1789187728.858869375	20568057760745	21330555131707
1789187729.871355018	20568089112523	21330588762745
1789187730.883790729	20568167923831	21330664414995
1789187731.896300359	20568215624566	21330714585894
1789187732.908946251	20568273688847	21330770186077
1789187733.921478178	20568326453790	21330822910630
1789187734.934017801	20568379221093	21330876333034
1789187735.946401399	20568411913225	21330902714187
1789187736.958953957	20568460567498	21330960208973
1789187737.971556635	20568511090129	21331008543605
1789187738.984246395	20568541884950	21331041504941
1789187739.996455701	20568592444792	21331088165084
1789187741.009012311	20568642986425	21331143093926
1789187742.022217145	20568697929717	21331193635965
1789187743.034747186	20568750667632	21331250749904
1789187744.047446868	20568801222079	21331299086597
1789187745.059786437	20568853974272	21331351882874
1789187746.072160224	20568924157772	21331622120655
1789187747.085701122	20569263451223	21331741913889
1789187748.097806544	20569315170612	21331793704167
1789187749.110385714	20569366927129	21331845437973
1789187750.122882779	20569418677528	21331897156520
1789187751.135550944	20569470396544	21331948951230
1789187752.147866325	20569522144265	21332000668590
1789187753.160467943	20569573865491	21332053031464
1789187754.172993984	20569625620983	21332104866583
1789187755.185374230	20569651516869	21332132872724
1789187756.197875986	20569729106442	21332208312803
1789187757.210652396	20569780855918	21332260042113
1789187758.223536382	20569832580502	21332312169789
1789187759.236030093	20569884342194	21332363885329
1789187760.248572802	20569936102506	21332415605052
1789187761.261216870	20569970962940	21332450534958
1789187762.273906503	20570015880886	21332497615758
1789187763.286388695	20570067592991	21332549348200
1789187764.299180422	20570119340419	21332596774914
1789187765.311701035	20570168957447	21332648690861
1789187766.324290176	20570220671638	21332700423236
1789187767.336854053	20570272445829	21332752874704
1789187768.349737815	20570324169964	21332804600470
1789187769.362866348	20570375924480	21332856325286
1789187770.375949571	20570510094063	21332911293698
1789187771.388668665	20570644738521	21333125530520
1789187772.401665274	20570670467520	21333151266098
1789187773.414432916	20570696879042	21333178397690
1789187774.426868087	20570730458085	21333211240431
1789187775.439393406	20570764754400	21333245572402
1789187776.451911044	20570790456200	21333271310347
1789187777.464513611	20570824746081	21333305665581
1789187778.477140399	20570859014667	21333339954677
1789187779.489637179	20570884747278	21333365659448
1789187780.502142192	20570910480614	21333392819228
1789187781.514654901	20570944741033	21333425705909
1789187782.527287960	20570971554850	21333455694094
1789187783.539701415	20571004735054	21333485737300
1789187784.552193759	20571112033111	21333553953746
1789187785.564556988	20571289371218	21333809866850
1789187786.576958866	20571361924108	21333944150736
1789187787.589341550	20571631523559	21334152078266
1789187788.602358899	20571677287173	21334330676689
1789187789.615402142	20571994727175	21334544332196
1789187790.628629550	20572177436057	21334590156169
1789187791.641040995	20572307155070	21334876535557
1789187792.653566413	20572461232098	21334949241982
1789187793.666707038	20572668807490	21335258050152
1789187794.679329270	20572753114771	21335303201583
1789187795.691924993	20573010839516	21335545480905
1789187796.704357180	20573056254227	21335665522289
1789187797.716824184	20573184368977	21335814820735
1789187798.729495686	20573378418557	21336017188853
1789187799.742267004	20573446575034	21336184109174
1789187800.754911131	20573570955501	21336229390593
1789187801.767624341	20573641309747	21336484656039
1789187802.780251645	20573910691855	21336579114703
1789187803.792619349	20574038166606	21336749094394
1789187804.805407878	20574211467742	21336889758050
1789187805.818889684	20574253248264	21337046665746
1789187806.831609121	20574482439311	21337160730672
1789187807.844123053	20574658768351	21337214938066
1789187808.856576474	20574815183737	21337513290758
1789187809.869094909	20574962412517	21337558149208
1789187810.882403346	20575085797480	21337794119410
1789187811.895494520	20575219161444	21337838921160
1789187812.907969651	20575416020253	21338144123345
1789187813.920463260	20575525083535	21338188501681
1789187814.932814716	20575764934260	21338393253574
1789187815.945042091	20575825449626	21338547940825
1789187816.957427531	20576079243249	21338773963090
1789187817.969736784	20576122294448	21338880107937
1789187818.982180037	20576424558453	21339095959089
1789187819.994774131	20576462450193	21339249926791
1789187821.007049443	20576606389369	21339536633164
1789187822.019219692	20576831952426	21339629319502
1789187823.031550404	20576975390163	21339884315082
1789187824.044528665	20577170368031	21339957842044
1789187825.057122361	20577356530544	21340117689121
1789187826.069574825	20577479830585	21340257402563
1789187827.082226130	20577559102449	21340492452950
1789187828.095185271	20577798841910	21340596213297
1789187829.107630660	20577915773916	21340742048565
1789187830.120030917	20578147557243	21340905443993
1789187831.133027234	20578262942524	21341014258351
1789187832.145653844	20578458659165	21341226382152
1789187833.157897311	20578502640030	21341339913665
1789187834.170385421	20578768276787	21341556027816
1789187835.182855759	20578812544444	21341655351550
1789187836.195319683	20579038092895	21341884686952
1789187837.207653725	20579161546183	21341931733670
1789187838.220000650	20579370581562	21342214021123
1789187839.232376257	20579472757852	21342250504226
1789187840.246996915	20579576601130	21342559901682
1789187841.260432898	20579782459448	21342618968384
1789187842.273689571	20579955924334	21342835041429
1789187843.285976880	20580062113141	21342898582411
1789187844.298372991	20580365666257	21342973747589
1789187845.312693778	20580410578377	21343276614138
1789187846.325171141	20580537823938	21343479519895
1789187847.338050744	20580740905856	21343646376361
1789187848.351208999	20580867197922	21343818123032
1789187849.364152962	20581089817448	21344045078947
1789187850.376471967	20581127911709	21344259912392
1789187851.388806032	20581430431565	21344404987773
1789187852.401122059	20581565921965	21344461523052
1789187853.413396123	20581782088928	21344732581230
1789187854.425833175	20581826523752	21344867702135
1789187855.440409329	20582072610513	21345047033522
1789187856.453330053	20582116558300	21345152128097
1789187857.465906740	20582373048318	21345425761763
1789187858.478068375	20582456768548	21345470639344
1789187859.490467785	20582712387682	21345680225848
1789187860.502865092	20582749333491	21345792793836
1789187861.515350295	20582935663078	21346044722437
1789187862.527764663	20583048463792	21346081959677
1789187863.539980816	20583211921016	21346325020364
1789187864.552414809	20583348691881	21346362681904
1789187865.564831007	20583565829911	21346585840586
1789187866.577398682	20583649520433	21346673188184
1789187867.589729611	20583844351991	21346844355289
1789187868.602059985	20583981404056	21347014790368
1789187869.614822856	20584190034707	21347178301303
1789187870.625959534	20584310595220	21347373412620
1789187871.638210100	20584519086263	21347510159987
1789187872.650535967	20584581061414	21347633987341
1789187873.663438544	20584792630104	21347710425980
1789187874.676015889	20584919141452	21347991777899
1789187875.688160211	20584956368144	21348201083182
1789187876.700986446	20585209562595	21348272242125
1789187877.713418499	20585269081903	21348417616140
1789187878.725848762	20585531744106	21348604422261
1789187879.738241695	20585576291916	21348741048260
1789187880.750677938	20585851656681	21348924145601
1789187881.763221721	20585955310684	21348968678265
1789187882.775605529	20586151170409	21349224627511
1789187883.788098858	20586222749111	21349278372224
1789187884.800492864	20586392339615	21349487542131
1789187885.813718316	20586437498074	21349573204377
1789187886.826124269	20586653374159	21349878848564
1789187887.838575882	20586760016167	21349931537079
1789187888.851432530	20586974156227	21350095335128
1789187889.864964025	20587060765366	21350242126528
1789187890.877418705	20587283435176	21350487875670
1789187891.889737136	20587420364694	21350602158294
1789187892.902678048	20587535528930	21350931436980
1789187893.915504539	20587760977439	21350972055783
1789187894.928208027	20587899440059	21351214681408
1789187895.940896054	20588110237690	21351321681055
1789187896.953315263	20588286961115	21351508935361
1789187897.966185149	20588460319356	21351671311557
1789187898.978902914	20588677127577	21351788661166
1789187899.991421151	20588811028758	21352041650713
1789187901.004034279	20588917914654	21352089300061
1789187902.017789252	20589091559468	21352302237552
1789187903.030335679	20589134645503	21352528114877
1789187904.043085928	20589422514461	21352642659149
1789187905.056399339	20589568833690	21352733166990
1789187906.069071470	20589686212959	21352920060895
1789187907.081401682	20589858959577	21352960489033
1789187908.093855709	20589955132989	21353204648921
1789187909.106315291	20590019528613	21353289345139
1789187910.119257397	20590276618336	21353517293560
1789187911.131804627	20590321584850	21353677397260
1789187912.145356661	20590577198971	21353856495724
1789187913.157989510	20590621514595	21353939926549
1789187914.170931914	20590840522183	21354167015777
1789187915.183707064	20590960413695	21354211785204
1789187916.196038232	20591217531142	21354417230550
1789187917.208697742	20591254607033	21354553331508
1789187918.221057997	20591428795365	21354786939985
1789187919.233341797	20591536038449	21354824766387
1789187920.245749653	20591811328208	21355038323202
1789187921.258315784	20591876350141	21355165071586
1789187922.270720396	20591945118947	21355466966213
1789187923.283146854	20592186656674	21355505016439
1789187924.295558655	20592350570713	21355704959866
1789187925.307966631	20592556505129	21355864542107
1789187926.320445823	20592687875631	21356009578299
1789187927.335086154	20592891565228	21356248265645
1789187928.347679471	20593031655669	21356374863954
1789187929.360476579	20593241319588	21356637537394
1789187930.373503877	20593325696813	21356744182648
1789187931.387157814	20593535200609	21356961023170
1789187932.400307203	20593716772103	21357006366310
1789187933.413300331	20593815849841	21357281059465
1789187934.425752266	20593949648918	21357337599856
1789187935.438309664	20594165858589	21357625862029
1789187936.450781139	20594210286399	21357745962849
1789187937.463235962	20594496429829	21357931055084
1789187938.475518633	20594585755739	21358026104240
1789187939.487864812	20594770760642	21358311782354
1789187940.500185430	20594865878345	21358356920795
1789187941.514439485	20595030239624	21358731713626
1789187942.527413802	20595205228139	21358771615542
1789187943.539770289	20595426062449	21359082655179
1789187944.552075079	20595536644132	21359120136677
1789187945.564259590	20595869030930	21359317873504
1789187946.576756247	20595907430751	21359500584478
1789187947.589068465	20596121121966	21359773581089
1789187948.601588807	20596217909538	21359860412435
1789187949.615033486	20596433238597	21360084194030
1789187950.628093567	20596559361323	21360241323411
1789187951.640583097	20596872640704	21360383340912
1789187952.653130707	20596911578834	21360603316767
1789187953.665385273	20597174609603	21360803362667
1789187954.678085031	20597272141521	21360993402748
1789187955.691046889	20597333608476	21361286579094
1789187956.703581686	20597594523519	21361325591582
1789187957.716067978	20597779616901	21361549323687
1789187958.728232922	20597906202356	21361666817393
1789187959.740652626	20598019056564	21361890102386
1789187960.753136910	20598236121857	21362006996761
1789187961.766087832	20598433241386	21362179653687
1789187962.778749770	20598577744751	21362358184413
1789187963.791161183	20598801301980	21362446227216
1789187964.803763753	20598879250688	21362689064355
1789187965.816575125	20598986193373	21362915502549
1789187966.829147353	20599199534086	21363019249587
1789187967.841750851	20599425979436	21363108866100
1789187968.854329645	20599581090772	21363390950787
1789187969.866753143	20599679027101	21363599987267
1789187970.879358555	20599912628373	21363752265497
1789187971.891630106	20600060165064	21363830620448
1789187972.904573490	20600203967204	21364052997886
1789187973.917102862	20600314666162	21364219574788
1789187974.929892226	20600525518505	21364394263470
1789187975.942496696	20600712743297	21364485912523
1789187976.954969774	20600897221445	21364795650832
1789187977.967531623	20600936593872	21365014228223
1789187978.981715754	20601209373754	21365147132806
1789187979.994580060	20601405969570	21365208152432
1789187981.007321473	20601531342923	21365479339144
1789187982.019842267	20601741552032	21365517835447
1789187983.033749115	20601892983968	21365840509615
1789187984.046419257	20602025259593	21365958429899
1789187985.059195294	20602224551735	21366211500680
1789187986.071423171	20602296000187	21366357734307
1789187987.083978633	20602488867816	21366515463212
1789187988.096414938	20602643194086	21366590578448
1789187989.108750893	20602820828027	21366847281276
1789187990.121151648	20602990740891	21366891919105
1789187991.133776326	20603165943473	21367192182305
1789187992.146114513	20603202224261	21367228394018
1789187993.158722625	20603241500818	21367268125414
1789187994.171110966	20603280886623	21367306856819
1789187995.183514373	20603376813490	21367435208225
1789187996.196009712	20603617408340	21367653532821
1789187997.208506362	20603666664146	21367702756478
1789187998.221037389	20603715922428	21367752090900
1789187999.233533228	20603765175822	21367801307800
1789188000.245977066	20603816464122	21367854718792
1789188001.258396243	20603863630095	21367899846483
1789188002.270760959	20603912885830	21367949334315
1789188003.283332396	20603962142145	21367998557020
1789188004.295981335	20604011414334	21368048636576
1789188005.308698016	20604060639985	21368097847876
1789188006.321248428	20604109870003	21368149109058
1789188007.333802081	20604159116328	21368196287203
1789188008.346129786	20604185815397	21368224999517
1789188009.358604140	20604239153486	21368270158340
1789188010.371266063	20604293093016	21368331701675
1789188011.383893529	20604333507162	21368372721943
1789188012.396681262	20604382757838	21368421950082
1789188013.409223096	20604429955423	21368467074488
1789188014.421974503	20604479227483	21368517359074
1789188015.434606491	20604528457957	21368566571422
1789188016.447283070	20604577682070	21368615792798
1789188017.459773557	20604629047666	21368665028520
1789188018.472807182	20604676259818	21368714470099
1789188019.485576823	20604725526984	21368765747565
1789188020.498031921	20604988939859	21368998450047
1789188021.510467209	20605088264274	21369185853524
1789188022.522636416	20605137679636	21369235281723
1789188023.535179576	20605192436603	21369284680135
1789188024.547799685	20605238557614	21369334055929
1789188025.560029756	20605285892871	21369383717641
1789188026.572643701	20605335264807	21369433105447
1789188027.585564838	20605384672213	21369482488660
1789188028.598132360	20605434080857	21369531987603
1789188029.610561385	20605485552090	21369581388454
1789188030.623048320	20605532878059	21369630812127
1789188031.635636306	20605584318674	21369684302707
1789188032.648220585	20605631660692	21369729577881
1789188033.660924410	20605681074886	21369779249040
1789188034.673944936	20605730489377	21369828630375
1789188035.686687837	20605779864463	21369878015093
1789188036.699677792	20605829243808	21369927393503
1789188037.712665409	20605878648055	21369976831361
1789188038.725334309	20605928061975	21370026214446
1789188039.737848204	20605977474810	21370075594823
1789188040.750221444	20606014508186	21370113940930
1789188041.763059503	20606076224918	21370174397022
1789188042.775552128	20606125638540	21370223781712
1789188043.788033191	20606175057570	21370273328450
1789188044.800557961	20606310016462	21370531428471
1789188045.813155759	20606516138282	21370644059108
1789188046.825641406	20606568869394	21370696790790
1789188047.838186011	20606597457924	21370723347478
1789188048.850839860	20606648033826	21370776251841
1789188049.863319425	20606700805936	21370831169367
1789188050.875927210	20606753529081	21370881705434
1789188051.888351883	20606806260195	21370934431340
1789188052.900873375	20606859015548	21370987432380
1789188053.913361968	20606911774905	21371040487011
1789188054.926322488	20606964545667	21371093209134
1789188055.939198087	20607017264892	21371145930888
1789188056.951720348	20607045831011	21371176688838
1789188057.964192122	20607096385045	21371225248209
1789188058.976532537	20607149146770	21371278076767
1789188059.989617258	20607201905804	21371330805350
1789188061.002484093	20607240902279	21371370405007
1789188062.015159765	20607280999447	21371412144642
1789188063.027674794	20607333767991	21371463773085
1789188064.040190226	20607386535365	21371516495981
1789188065.052614691	20607439300293	21371569224041
1789188066.065220292	20607478847679	21371611089871
1789188067.078269156	20607544756458	21371674766801
1789188068.090827475	20607597519095	21371727491614
1789188069.103241102	20607630499308	21371753864312
1789188070.115811398	20607676701154	21371809725986
1789188071.128213688	20607836129023	21372134562623
1789188072.140445920	20608033360579	21372164185623
1789188073.152732485	20608063370041	21372193364932
1789188074.165339583	20608091764489	21372223341396
1789188075.177846935	20608130689708	21372261436083
1789188076.190493040	20608159857658	21372290615467
1789188077.202980298	20608189028124	21372319786903
1789188078.215491103	20608223767633	21372358983912
1789188079.227827785	20608257165293	21372388241310
1789188080.240356325	20608286368228	21372417417116
1789188081.252906092	20608315543799	21372447410675
1789188082.265169911	20608354436944	21372485541976
1789188083.277522314	20608383642902	21372514716252
1789188084.289919759	20608414800429	21372543894912
1789188085.302463876	20608488404519	21372587791778
1789188086.314914928	20608683108008	21372814537985
1789188087.327304222	20608767748370	21372948445921
1789188088.340107222	20608832710848	21373064635157
1789188089.352622662	20609089620316	21373250558352
1789188090.365299059	20609133029266	21373380580285
1789188091.377624120	20609338051144	21373587523465
1789188092.390110137	20609420880224	21373641104945
1789188093.402566727	20609621630775	21373894023454
1789188094.414849000	20609708426940	21373928404808
1789188095.427128373	20609799584726	21374258430745
1789188096.439810929	20610043651033	21374293259749
1789188097.452622343	20610137587669	21374406289279
1789188098.464964876	20610281108367	21374520800881
1789188099.477576556	20610322313354	21374636911331
1789188100.490088183	20610574614518	21374785141457
1789188101.502679606	20610609627007	21374888791488
1789188102.515177532	20610758989726	21375188820918
1789188103.528273589	20610924165576	21375223196777
1789188104.541386451	20610999327177	21375455565241
1789188105.553989343	20611247804834	21375566755103
1789188106.566334550	20611403225010	21375601337119
1789188107.578939066	20611574724220	21375913170464
1789188108.591343057	20611608269168	21375946819873
1789188109.604171612	20611811337856	21376156750558
1789188110.616775917	20611902398384	21376260302599
1789188111.629192611	20612107252479	21376334652783
1789188112.641630181	20612205999622	21376563906707
1789188113.654075078	20612299452083	21376647443496
1789188114.666539003	20612462489190	21376810451008
1789188115.678848827	20612496552254	21376844710919
1789188116.691300621	20612730359613	21377034816065
1789188117.703774776	20612810359710	21377168173801
1789188118.716161702	20612910324511	21377410791635
1789188119.728383031	20613115492571	21377532597958
1789188120.741064504	20613198246626	21377635519163
1789188121.753527143	20613410937582	21377837845470
1789188122.765942137	20613444331304	21377871257441
1789188123.778448332	20613783227539	21378045095562
1789188124.790874685	20613817141110	21378244406838
1789188125.804519626	20613851257467	21378515289431
1789188126.817753411	20614120526289	21378557102601
1789188127.830166095	20614153791976	21378691229780
1789188128.842590427	20614425456367	21378871870355
1789188129.855128382	20614458884892	21378905282805
1789188130.867583754	20614575230174	21379135037203
1789188131.879918853	20614702166194	21379168316146
1789188132.892242207	20614926553040	21379202218741
1789188133.905091023	20615007523419	21379483495663
1789188134.917967097	20615107039128	21379524916673
1789188135.930330706	20615260855967	21379799356998
1789188136.943366130	20615343913466	21379869234189
1789188137.956138317	20615447375720	21380148943492
1789188138.968758875	20615657302801	21380232359287
1789188139.981475198	20615868909069	21380266255646
1789188140.994458410	20615992907302	21380603589481
1789188142.006639620	20616034727444	21380696993383
1789188143.019053115	20616229228265	21380991057679
1789188144.031352376	20616331478365	21381024731852
1789188145.044940710	20616454786137	21381279149593
1789188146.057753388	20616655091117	21381367995894
1789188147.069970668	20616877621558	21381411598323
1789188148.082500479	20616981127436	21381694082076
1789188149.094972164	20617050715250	21381735018252
1789188150.107617582	20617233954944	21381973448013
1789188151.120199127	20617337244441	21382030409165
1789188152.132821766	20617470373161	21382235542325
1789188153.145951034	20617639805010	21382342742594
1789188154.158829333	20617805137690	21382376936488
1789188155.171619211	20617946090341	21382648898241
1789188156.184060820	20617979104404	21382681904354
1789188157.196472853	20618169545311	21382970593922
1789188158.208881888	20618282416463	21383004899012
1789188159.221587507	20618464765691	21383133842108
1789188160.234155266	20618595318090	21383307700653
1789188161.246596026	20618636693395	21383380745374
1789188162.259136007	20618851113549	21383592967258
1789188163.272022657	20618884936212	21383626814070
1789188164.284956739	20618995146839	21383936750578
1789188165.297533809	20619206535792	21383977912381
1789188166.310121051	20619359548777	21384099549668
1789188167.322675733	20619501891961	21384263719566
1789188168.335100857	20619542391484	21384331442492
1789188169.347444646	20619686661419	21384564542812
1789188170.359778319	20619827422287	21384598550973
1789188171.371961617	20619990120467	21384800496637
1789188172.384533258	20620150201064	21384941260950
1789188173.396865837	20620272603751	21384974584474
1789188174.409061144	20620467006627	21385247976435
1789188175.421375500	20620505523089	21385288794659
1789188176.433839373	20620745616423	21385539468422
1789188177.446176801	20620821465950	21385572550887
1789188178.458475921	20620915161135	21385724165752
1789188179.470964496	20621115043764	21385826527308
1789188180.483533532	20621155620070	21385918653730
1789188181.496806841	20621374795619	21386117972366
1789188182.509453993	20621409922282	21386150946713
1789188183.521943505	20621611678776	21386293486182
1789188184.534299963	20621711270346	21386462300845
1789188185.546785266	20621776192611	21386554578691
1789188186.559116601	20622015964650	21386757017901
1789188187.571568837	20622048968892	21386790053106
1789188188.583999965	20622351542300	21386919094840
1789188189.596398708	20622388931818	21387129608757
1789188190.608742352	20622463128060	21387261365197
1789188191.621352088	20622693032929	21387413819144
1789188192.633777007	20622726013693	21387447106285
1789188193.646129879	20622895024425	21387695563387
1789188194.658493129	20622987490811	21387747628717
1789188195.670833958	20623159466917	21387850681070
1789188196.683421213	20623262308592	21388061778493
1789188197.695826958	20623302831262	21388141843086
1789188198.708219415	20623546334937	21388393316342
1789188199.720456809	20623658504860	21388428139525
1789188200.732830030	20623911166009	21388560896346
1789188201.745387869	20623980085169	21388769694676
1789188202.758184189	20624046019135	21388902257451
1789188203.770699137	20624276707660	21389105419025
1789188204.783036104	20624310032390	21389142241679
1789188205.795706180	20624509531413	21389437219445
1789188206.808454322	20624642443573	21389470877948
1789188207.821143694	20624794101814	21389565656690
1789188208.833837469	20624934462890	21389752883720
1789188209.846614417	20624991803738	21389844960778
1789188210.859668269	20625259298080	21390068023620
1789188211.872181379	20625292619787	21390100995625
1789188212.885037521	20625442421426	21390278515105
1789188213.898602458	20625545006182	21390382900044
1789188214.911406765	20625657494993	21390502094097
1789188215.923985312	20625858948288	21390676955027
1789188216.936271450	20625894055577	21390716247845
1789188217.948922968	20626170587503	21390899510365
1789188218.961840242	20626204685501	21391022514395
1789188219.974783708	20626416300331	21391149814305
1789188220.987356241	20626517230457	21391354555758
1789188222.000210925	20626549880400	21391465563176
1789188223.013287125	20626801038875	21391625045788
1789188224.026117814	20626833638908	21391660828760
1789188225.038560158	20627144127472	21391724188742
1789188226.051100920	20627185440230	21392012375584
1789188227.063587216	20627229090268	21392164757789
1789188228.076281236	20627450691746	21392267546562
1789188229.088835981	20627483696291	21392300487215
1789188230.101449074	20627761976257	21392502974204
1789188231.113857831	20627795786138	21392642003213
1789188232.126084628	20627973597776	21392755430782
1789188233.138406092	20628117439752	21392975099610
1789188234.150771479	20628234117395	21393007271342
1789188235.163356346	20628403805831	21393249460239
1789188236.175992938	20628436816369	21393282434200
1789188237.188360219	20628727735796	21393410424531
1789188238.201010154	20628768556538	21393604290312
1789188239.213855468	20628862605487	21393750450915
1789188240.226053858	20629025541703	21393890636830
1789188241.238527935	20629066059621	21393952643971
1789188242.251730495	20629302479594	21394153295477
1789188243.264357661	20629362245545	21394237129881
1789188244.276523459	20629506498474	21394429364815
1789188245.288898513	20629635859229	21394530276119
1789188246.301347016	20629806107395	21394564396092
1789188247.313764969	20629946832612	21394876404200
1789188248.326236562	20630012900321	21394922974770
1789188249.338889061	20630303974706	21395094173896
1789188250.351332214	20630337051012	21395270826147
1789188251.363696462	20630559310054	21395362799719
1789188252.376067280	20630650252538	21395583403657
1789188253.388640225	20630683543686	21395705841167
1789188254.401156509	20630902454021	21395907486646
1789188255.413732180	20631008172621	21395941458514
1789188256.426152252	20631110734819	21396239333355
1789188257.438495791	20631379708780	21396352136735
1789188258.450977454	20631478676462	21396484000452
1789188259.463391637	20631746197600	21396696303389
1789188260.475735894	20631799571806	21396736736931
1789188261.487863352	20632085603281	21396910474178
1789188262.500952243	20632119411171	21397071285350
1789188263.513711521	20632233037966	21397298840107
1789188264.526043045	20632452588088	21397414574495
1789188265.538714838	20632515846570	21397557456308
1789188266.551376917	20632788403890	21397759909997
1789188267.563794252	20632822665281	21397794133208
1789188268.576923200	20632950112927	21398102467295
1789188269.589552882	20633144701214	21398135904013
1789188270.602040106	20633307070761	21398229183120
1789188271.614551073	20633428400826	21398409673678
1789188272.626852663	20633462549949	21398552154365
1789188273.639386512	20633714308688	21398725190182
1789188274.652096744	20633747035047	21398758160075
1789188275.666027296	20633937726695	21398994881241
1789188276.679950849	20634031976998	21399072406835
1789188277.692566874	20634195231997	21399168992614
1789188278.704896894	20634285969120	21399336624116
1789188279.717492554	20634331594655	21399409679028
1789188280.730070163	20634541667431	21399602073568
1789188281.742564585	20634575402677	21399635454247
1789188282.755026145	20634854456270	21399822468749
1789188283.768299885	20634888539213	21399958861538
1789188284.780802188	20635001087095	21400091874862
1789188285.794043923	20635123506864	21400223030302
1789188286.806636148	20635164050567	21400303104024
1789188287.820160046	20635407027441	21400570311876
1789188288.834140414	20635500047929	21400619545012
1789188289.847030214	20635663088225	21400812265024
1789188290.859598606	20635784551821	21400923492049
1789188291.871980996	20635928071539	21401053749975
1789188292.884466032	20636111272444	21401280003456
1789188293.896922522	20636151819889	21401371335929
1789188294.909367976	20636339364318	21401582510574
1789188295.922376124	20636438335382	21401616903173
1789188296.935040700	20636737593188	21401729127333
1789188297.947620509	20636771166450	21401979156083
1789188298.960068686	20636805717743	21402205260538
1789188299.972687645	20637117213354	21402315094149
1789188300.985114558	20637206849560	21402356540860
1789188302.000778900	20637431173650	21402629163836
1789188303.013171863	20637465887088	21402663650531
1789188304.026041612	20637563740764	21402953189058
1789188305.038757603	20637769123515	21402986613573
1789188306.051505752	20637931962069	21403100695947
1789188307.063887245	20638105850525	21403323295793
1789188308.076459642	20638221057171	21403364756457
1789188309.088924246	20638429244845	21403617022227
1789188310.101316388	20638462253423	21403650024445
1789188311.113856034	20638653033560	21403870392626
1789188312.126095096	20638796510943	21403984182542
1789188313.137512942	20639049045925	21404018167269
1789188314.148500936	20639102216919	21404289808977
1789188315.161013680	20639144975303	21404417073387
1789188316.173220566	20639397675199	21404624750911
1789188317.185762489	20639431937336	21404658976430
1789188318.198532707	20639651236187	21404888327217
1789188319.211220559	20639719318514	21404956190343
1789188320.224206601	20639752805744	21405081062147
1789188321.236420793	20640000084334	21405237643979
1789188322.249244154	20640034137256	21405270842213
1789188323.261765733	20640073478254	21405310078575
1789188324.274320292	20640112719242	21405349567139
1789188325.286739698	20640272047989	21405573067369
1789188326.299124095	20640455284771	21405712252527
1789188327.311639306	20640504562097	21405761500815
1789188328.324267125	20640553836791	21405810753303
1789188329.336546585	20640582567764	21405841542476
1789188330.349046438	20640633608694	21405884746023
1789188331.361546702	20640676989332	21405934135873
1789188332.374103084	20640726268440	21405983384601
1789188333.386670519	20640775551118	21406032636891
1789188334.399278035	20640824795568	21406082020439
1789188335.411841017	20640874082378	21406131263044
1789188336.424451324	20640923336286	21406180505664
1789188337.437026013	20640972613383	21406229755014
1789188338.449608749	20641021885465	21406279006961
1789188339.462037371	20641071140661	21406328330183
1789188340.474645723	20641120422300	21406377618631
1789188341.487128476	20641169682344	21406426874017
1789188342.499687376	20641218969401	21406476110475
1789188343.512200619	20641268259523	21406527462634
1789188344.524918342	20641317509755	21406574662444
1789188345.537535358	20641366789241	21406623914309
1789188346.550454479	20641416039350	21406673156219
1789188347.562918432	20641465325638	21406722403380
1789188348.575400955	20641514601326	21406771653200
1789188349.588228065	20641563864752	21406821218780
1789188350.600770795	20641799405973	21406976037898
1789188351.613720541	20641897040317	21407193966362
1789188352.626147784	20641946440440	21407243343950
1789188353.638707814	20641995848868	21407292719269
1789188354.651461249	20642045221148	21407342249239
1789188355.664002173	20642094634520	21407391619848
1789188356.676446337	20642144009300	21407440991976
1789188357.689484233	20642193414560	21407490447170
1789188358.701977281	20642242835606	21407539943106
1789188359.715110427	20642292216842	21407589326032
1789188360.727721867	20642341622542	21407638703404
1789188361.740555707	20642377627951	21407675734382
1789188362.753146879	20642421886947	21407712828680
1789188363.765878036	20642489827761	21407786875486
1789188364.778665559	20642539202410	21407836402374
1789188365.791103882	20642588612837	21407885818196
1789188366.803352280	20642638002605	21407935182848
1789188367.815751458	20642687412308	21407985151436
1789188368.828100842	20642736819319	21408034531232
1789188369.840955429	20642786206153	21408084407880
1789188370.853842010	20642835623557	21408133775546
1789188371.866272612	20642885004571	21408183334096
1789188372.878903973	20642934408720	21408232715944
1789188373.891477331	20642983814975	21408282434318
1789188374.903902025	20643209274800	21408513845111
1789188375.916360083	20643328451057	21408627232663
1789188376.928728800	20643378056358	21408676840345
1789188377.941452512	20643427695413	21408726449071
1789188378.953954934	20643477337597	21408776055091
1789188379.966364799	20643504224915	21408805067319
1789188380.978903484	20643551799844	21408850818617
1789188381.991264865	20643603484448	21408904557335
1789188383.003714617	20643651058341	21408952095495
1789188384.016431675	20643700694548	21408999634077
1789188385.028744822	20643750302182	21409049237763
1789188386.041683577	20643804092122	21409104101841
1789188387.054384864	20643849559244	21409148646499
1789188388.067402988	20643905390745	21409198255863
1789188389.079930425	20643948849941	21409249917906
1789188390.092375082	20644004652566	21409297467805
1789188391.104957737	20644054300281	21409347159024
1789188392.117424001	20644105519535	21409409335261
1789188393.129855520	20644172167816	21409471341019
1789188394.142250404	20644203193088	21409496161841
1789188395.154660011	20644271424155	21409570659615
1789188396.167172325	20644321075100	21409620324664
1789188397.180222223	20644370688192	21409669928752
1789188398.192948674	20644413211202	21409717471130
1789188399.206239925	20644608346860	21409850767413
1789188400.219064071	20644744361364	21410073123172
1789188401.231425083	20644778241122	21410107178403
1789188402.243875077	20644803620219	21410129746390
1789188403.256302552	20644834683406	21410163586060
1789188404.268773484	20644870430965	21410197435626
1789188405.281284198	20644902397777	21410231268858
1789188406.293702652	20644942081191	21410274988238
1789188407.306223032	20644981390104	21410310245582
1789188408.318816881	20645015263552	21410345033070
1789188409.331545367	20645049135107	21410377941217
1789188410.343931975	20645083918250	21410411789752
1789188411.356296951	20645128133750	21410457178040
1789188412.368928647	20645161983853	21410491070889
1789188413.381291451	20645195865804	21410524935069
1789188414.393688944	20645229740987	21410558780788
1789188415.406109328	20645420323491	21410770639920
1789188416.418548525	20645517536996	21410886390891
1789188417.431569405	20645654111211	21411105487850
1789188418.444362422	20645816523923	21411195029960
1789188419.457164829	20645942885539	21411381998663
1789188420.469881197	20646125328399	21411563498338
1789188421.482295699	20646161677651	21411747858911
1789188422.494696201	20646466414145	21411924237026
1789188423.506979169	20646579174847	21412011978781
1789188424.519572072	20646754271118	21412212011858
1789188425.531783156	20646797693198	21412290785423
1789188426.544315537	20647071911995	21412512113638
1789188427.556870136	20647108438824	21412566416696
1789188428.569450886	20647310855393	21412837670006
1789188429.582016751	20647406666518	21412874139759
1789188430.594546811	20647637413567	21413017050140
1789188431.607250478	20647724981239	21413241797883
1789188432.620020874	20647818219255	21413455831403
1789188433.632628391	20648032507326	21413579004963
1789188434.645137599	20648068392760	21413812191223
1789188435.657392599	20648380062039	21413916423059
1789188436.669770542	20648415959260	21414076715263
1789188437.682878911	20648698545532	21414256429833
1789188438.695579916	20648804514541	21414299097684
1789188439.707992929	20649027010232	21414593126556
1789188440.720101816	20649063288526	21414629051369
1789188441.732546543	20649265082673	21414918237153
1789188442.745474258	20649390188070	21414956042493
1789188443.757902801	20649501458406	21415227333483
1789188444.770217033	20649677817438	21415263354000
1789188445.782601615	20649804453032	21415408314677
1789188446.795425176	20650015564455	21415630443544
1789188447.807999168	20650148312541	21415756228181
1789188448.820297749	20650344613504	21415979164792
1789188449.832681550	20650380081349	21416130087997
1789188450.845457904	20650664534992	21416308838370
1789188451.858235790	20650767777500	21416352754428
1789188452.871337927	20650950529758	21416637625101
1789188453.883721447	20651017548113	21416688655283
1789188454.896006029	20651272368568	21416887184420
1789188455.908616947	20651308544761	21417011920003
1789188456.921016801	20651507999771	21417214263133
1789188457.934032403	20651607550226	21417330488521
1789188458.946635276	20651849495995	21417470488435
1789188459.959057069	20651935954966	21417678420778
1789188460.971546841	20652171051675	21417715898359
1789188461.983920681	20652275236864	21418007994611
1789188462.996363683	20652430864504	21418151707972
1789188464.008676368	20652604050624	21418366192719
1789188465.021086356	20652683994849	21418521611682
1789188466.033653338	20652926058323	21418678609585
1789188467.046068763	20653099181074	21418722723692
1789188468.058553309	20653275042268	21418977638354
1789188469.070946487	20653318235547	21419109187822
1789188470.083399115	20653553632943	21419295976339
1789188471.095969480	20653604415900	21419339959045
1789188472.108151473	20653852528737	21419587462405
1789188473.120758295	20653889134981	21419661132592
1789188474.133126911	20654089626105	21419942839662
1789188475.145426756	20654208541393	21419980154838
1789188476.157823288	20654470592535	21420147293734
1789188477.170611528	20654587878446	21420329750159
1789188478.182992558	20654779547854	21420522911692
1789188479.195380663	20654927525965	21420649500893
1789188480.207674618	20655133804107	21420775419183
1789188481.220139188	20655265955229	21420988226579
1789188482.232393662	20655303404557	21421251154705
1789188483.244785332	20655625091884	21421366643831
1789188484.257342600	20655819957942	21421403316198
1789188485.269960786	20655956096853	21421687794643
1789188486.282348451	20656079245028	21421779166286
1789188487.294768479	20656265044394	21421966787826
1789188488.307337976	20656373851766	21422010891863
1789188489.319758290	20656584247508	21422217719044
1789188490.332222380	20656627889156	21422364203600
1789188491.344441433	20656853245067	21422673957924
1789188492.356917063	20656978727871	21422710043320
1789188493.369303729	20657238534154	21422941718838
1789188494.381846322	20657325845280	21423047597729
1789188495.394279722	20657523778885	21423200303515
1789188496.406712513	20657614660034	21423375887649
1789188497.419429280	20657799885628	21423508701092
1789188498.431849131	20657942935787	21423753353125
1789188499.444304149	20658096611017	21423878700603
1789188500.456711804	20658261741052	21424121305891
1789188501.469139026	20658340499985	21424256803250
1789188502.481765723	20658592572217	21424471567904
1789188503.494437754	20658636166074	21424601279513
1789188504.506998501	20658901621738	21424790394346
1789188505.519491339	20658945492788	21424869477715
1789188506.532152511	20659216743048	21425138151284
1789188507.544650421	20659285890739	21425174632967
1789188508.557078043	20659540181415	21425417061448
1789188509.569518761	20659683913498	21425543242570
1789188510.582231914	20659916782367	21425765829397
1789188511.595292374	20660023568660	21425902238438
1789188512.607549585	20660182289145	21426136607379
1789188513.619946103	20660341889898	21426230583147
1789188514.632360882	20660468110024	21426426067225
1789188515.644782069	20660660742941	21426559018075
1789188516.657223541	20660796495041	21426694334496
1789188517.669647377	20660978946506	21426887196440
1789188518.682250856	20661167031156	21426924617687
1789188519.694595514	20661320202134	21427208907916
1789188520.706921449	20661364241925	21427331661011
1789188521.719323503	20661610311639	21427528429959
1789188522.731696936	20661710463890	21427572933330
1789188523.745155301	20661885011256	21427877962002
1789188524.757584394	20661984312644	21427933774196
1789188525.770918509	20662229540427	21428197346244
1789188526.784243066	20662296639657	21428234232419
1789188527.796689918	20662558377088	21428413590941
1789188528.809235742	20662595819754	21428563096917
1789188529.821750482	20662778981194	21428778669390
1789188530.834038034	20662845021675	21428842095461
1789188531.846426584	20662951066716	21429045935474
1789188532.858882329	20663134549399	21429150985410
1789188533.871266990	20663231375528	21429396346673
1789188534.883666158	20663463544812	21429500020773
1789188535.896412144	20663659316239	21429562218102
1789188536.908797734	20663792924484	21429858627036
1789188537.921241537	20663957774715	21429932505126
1789188538.933925167	20664084318620	21430189875018
1789188539.946747699	20664242977651	21430233482060
1789188540.959727770	20664452511603	21430550966272
1789188541.972115062	20664495681548	21430655212553
1789188542.984516116	20664734967461	21430925903102
1789188543.997050880	20664830256043	21430968579969
1789188545.009681807	20665101702787	21431185057358
1789188546.022202430	20665157502694	21431331251206
1789188547.034654177	20665449388166	21431501103725
1789188548.046947136	20665486824611	21431660520273
1789188549.059009506	20665692902292	21431872289861
1789188550.071987852	20665806110110	21432019040521
1789188551.084802742	20666011780131	21432183849504
1789188552.097317468	20666183549003	21432435892787
1789188553.109722554	20666388526358	21432534100379
1789188554.122176731	20666501811264	21432783761094
1789188555.134641051	20666547319118	21432959156657
1789188556.146936175	20666843141912	21433114992062
1789188557.159501792	20666957248108	21433213494260
1789188558.172507879	20667163449328	21433467967012
1789188559.185129873	20667280417388	21433518222189
1789188560.197508019	20667472147230	21433813280318
1789188561.211051890	20667516012714	21433886881700
1789188562.223939295	20667712602648	21434181115955
1789188563.236937195	20667836666083	21434217230776
1789188564.250007113	20667992638223	21434519880169
1789188565.262845802	20668176939906	21434557837830
1789188566.276118757	20668379748975	21434780343776
1789188567.288500453	20668526144260	21434906606078
1789188568.301185536	20668679698357	21435156722512
1789188569.314271164	20668865660465	21435255838418
1789188570.327096691	20668902787541	21435586648260
1789188571.339991455	20669234831884	21435654325722
1789188572.352377044	20669303054813	21435869911534
1789188573.364703918	20669554526740	21435984001218
1789188574.377256480	20669591606449	21436218901668
1789188575.389732638	20669913329676	21436323043068
1789188576.402064325	20670088865225	21436372938121
1789188577.414577357	20670286146829	21436694149400
1789188578.427096341	20670377036373	21436829320363
1789188579.439467098	20670625459207	21437035352203
1789188580.452008822	20670708932335	21437103636473
1789188581.464373488	20670984873239	21437341915459
1789188582.476831249	20671067811528	21437458171503
1789188583.489378887	20671294987949	21437762535227
1789188584.501792650	20671359791579	21437799322599
1789188585.514304628	20671652589923	21438013472415
1789188586.526815494	20671690368763	21438119517242
1789188587.539282881	20671972287736	21438279174272
1789188588.552268134	20672010150199	21438429477763
1789188589.565797724	20672134600164	21438702093254
1789188590.578667840	20672300606463	21438739566221
1789188591.591363825	20672473134513	21438922284968
1789188592.603755091	20672618712053	21439047713091
1789188593.616369457	20672792422033	21439144306645
1789188594.628790170	20672897964419	21439336840782
1789188595.642048855	20672981737912	21439542131967
1789188596.654716146	20673226487280	21439675295628
1789188597.667190858	20673302341506	21439810631871
1789188598.679549677	20673498477073	21439996393058
1789188599.692046450	20673542549651	21440149993317
1789188600.706407594	20673788653848	21440345762043
1789188601.720911015	20673902220447	21440396260173
1789188602.734344458	20674108540213	21440685317628
1789188603.746789028	20674201176047	21440730455234
1789188604.759948225	20674442760080	21440976196384
1789188605.773306801	20674513692002	21441140072767
1789188606.787115859	20674694643454	21441375838700
1789188607.799869257	20674797085252	21441413165841
1789188608.812362057	20675089846738	21441616158624
1789188609.824787361	20675127747959	21441743869347
1789188610.838095580	20675397004598	21441987010848
1789188611.850711805	20675468634804	21442074639500
1789188612.863424920	20675780655302	21442218995489
1789188613.876224663	20675818754940	21442444581897
1789188614.888756837	20675983041079	21442729443308
1789188615.901533544	20676198318461	21442833682988
1789188616.914011224	20676450857684	21442967604760
1789188617.926256313	20676548022784	21443203113425
1789188618.938877473	20676657475503	21443438632894
1789188619.954921914	20676878263070	21443553007090
1789188620.967278249	20677054470961	21443712553609
1789188621.979683946	20677238365310	21443962420334
1789188622.992073805	20677395911039	21444089502617
1789188624.004259649	20677559139321	21444322678176
1789188625.016765281	20677746789996	21444359809380
1789188626.029268934	20677908801485	21444682132908
1789188627.041556162	20677945054181	21444718353551
1789188628.054019279	20677984328517	21444757586006
1789188629.066374877	20678023619106	21444796821493
1789188630.078838443	20678154741532	21444873522835
1789188631.091219968	20678396378705	21445169762292
1789188632.103803932	20678445649259	21445219033754
1789188633.116012352	20678494898716	21445268280807
1789188634.128303447	20678544177852	21445317623382
1789188635.140633793	20678593455428	21445366871702
1789188636.153293043	20678629114198	21445403804261
1789188637.165622323	20678669412471	21445444837422
1789188638.178111372	20678722730590	21445490079300
1789188639.190532953	20678768006078	21445543416717
1789188640.203082372	20678839847068	21445613183705
1789188641.215580725	20678889094387	21445662436109
1789188642.228137035	20678919901446	21445687072241
1789188643.240550334	20678963009792	21445738452327
1789188644.253126574	20679016800830	21445793803913
1789188645.265454950	20679066432762	21445843773420
1789188646.277976285	20679111073542	21445884167884
1789188647.291133284	20679160357699	21445933707505
1789188648.303576817	20679209606989	21445982956849
1789188649.316255621	20679258891312	21446032274905
1789188650.329088081	20679308204589	21446081626973
1789188651.341524574	20679357463046	21446130875362
1789188652.354072466	20679406746159	21446180125593
1789188653.366482394	20679455992540	21446229371371
1789188654.378762014	20679505272896	21446278640820
1789188655.391150657	20679769815797	21446344251717
1789188656.403879790	20679867902925	21446683480174
1789188657.416492376	20679932300913	21446745517144
1789188658.429338894	20679981671963	21446794896194
1789188659.441869093	20680031083455	21446844269971
1789188660.454266115	20680068145991	21446885105970
1789188661.466963851	20680107243552	21446922513603
1789188662.479748872	20680175168080	21446991744599
1789188663.492305226	20680228664076	21447041846687
1789188664.504617511	20680278070583	21447091281457
1789188665.517093184	20680327481318	21447140831846
1789188666.529563085	20680376863080	21447190201142
1789188667.542241608	20680426277303	21447239573855
1789188668.554876878	20680475655846	21447288953583
1789188669.567383252	20680525070415	21447338474891
1789188670.579894813	20680574482395	21447387856002
1789188671.592419220	20680623900890	21447437228743
1789188672.605067945	20680673312104	21447486605407
1789188673.617519637	20680708295033	21447522608679
1789188674.630003524	20680747423829	21447562824904
1789188675.642843254	20680796834165	21447610145999
1789188676.655657585	20680846557084	21447659684852
1789188677.668456404	20680896363434	21447709072934
1789188678.681047836	20680945956300	21447758449522
1789188679.693790826	20681062100665	21447896993218
1789188680.706455988	20681290645523	21448132724371
1789188681.719000097	20681343352107	21448187972205
1789188682.731567449	20681402284764	21448247650469
1789188683.744221271	20681443629188	21448288242023
1789188684.756567537	20681493260506	21448331716296
1789188685.769208807	20681538782056	21448381319846
1789188686.781867122	20681588397540	21448430931314
1789188687.794547820	20681638037848	21448480536790
1789188688.807233350	20681687652641	21448532214256
1789188689.819861102	20681737294984	21448581895483
1789188690.832557167	20681793120683	21448629440665
1789188691.845154991	20681836554928	21448681441233
1789188692.857731148	20681910995877	21448753794993
1789188693.870264609	20681960627178	21448804931126
1789188694.882718256	20681987542445	21448833985599
1789188695.895215632	20682037185103	21448883598549
1789188696.907742286	20682087116291	21448934290980
1789188697.920134341	20682136442215	21448978944064
1789188698.932379731	20682184000251	21449030658042
1789188699.944847537	20682237775777	21449084400101
1789188700.957271151	20682287416079	21449133392877
1789188701.969618318	20682332887085	21449177757745
1789188702.982483269	20682407342310	21449252455720
1789188703.994647104	20682449663498	21449517860282
1789188705.006412187	20682761090745	21449586283687
1789188706.018493882	20682794963374	21449620123548
1789188707.030969152	20682828834055	21449653995692
1789188708.043489710	20682852560226	21449678431968
1789188709.055742251	20682897025497	21449721670407
1789188710.068042511	20682930914865	21449755530151
1789188711.081005695	20682964790106	21449789369172
1789188712.093403850	20682999715030	21449823208439
1789188713.106039500	20683043934140	21449868417700
1789188714.118594932	20683068427995	21449896146861
1789188715.130984276	20683100490904	21449924824412
1789188716.143458076	20683134398079	21449958666357
1789188717.156011971	20683168405473	21449992793234
1789188718.168924014	20683202276142	21450026634032
1789188719.181700498	20683236113284	21450060472199
1789188720.194159137	20683426554683	21450202069191
1789188721.206633400	20683552004363	21450406082736
1789188722.218896223	20683652751675	21450603802785
1789188723.231566574	20683895044292	21450738883265
1789188724.243793520	20684043213637	21450894205604
1789188725.257047776	20684237751760	21451081839027
1789188726.269950947	20684444664833	21451199957450
1789188727.282548434	20684571276390	21451395240860
1789188728.295684744	20684707946256	21451622412973
1789188729.307505990	20684933385617	21451766979772
1789188730.320307963	20685140785213	21451914132338
1789188731.332683233	20685245570581	21452128410748
1789188732.345186784	20685485750812	21452246297745
1789188733.357628493	20685587651081	21452430911996
1789188734.370807415	20685784890259	21452577910422
1789188735.383528421	20685900149127	21452782856911
1789188736.396025095	20686027957431	21453026323192
1789188737.408423284	20686272183622	21453165071951
1789188738.421254381	20686568943154	21453216570276
1789188739.434128420	20686615322238	21453547634582
1789188740.446961744	20686737792291	21453784231935
1789188741.459491356	20686948888523	21453890561290
1789188742.471996774	20687229397572	21454006365538
1789188743.484455200	20687291119269	21454262490014
1789188744.496886248	20687337707257	21454589116660
1789188745.509266921	20687594604834	21454644872947
1789188746.522230513	20687750804721	21454874465793
1789188747.534883499	20687939543843	21454999805902
1789188748.547195970	20688087781120	21455234411456
1789188749.559759307	20688243015396	21455352729011
1789188750.571968657	20688402677229	21455596303931
1789188751.584415126	20688556343215	21455725311940
1789188752.596981595	20688750870233	21455949138959
1789188753.609331363	20688919239487	21456087839149
1789188754.621865485	20689173612939	21456298682524
1789188755.634273110	20689282091741	21456430909078
1789188756.647092439	20689431852998	21456723916492
1789188757.659862316	20689614390124	21456763543913
1789188758.672289644	20689777842240	21457036762588
1789188759.684715970	20689936674002	21457075500746
1789188760.697144789	20690188614358	21457330404255
1789188761.709503153	20690320048009	21457449188800
1789188762.722593502	20690633877408	21457636304901
1789188763.735590883	20690673444018	21457823750372
1789188764.748177175	20690859038897	21458116350452
1789188765.760513240	20691050377041	21458163010591
1789188766.772891136	20691333224674	21458390342669
1789188767.785315548	20691387565740	21458517550052
1789188768.797753004	20691664725851	21458729569660
1789188769.809971031	20691711392263	21458919584965
1789188770.822458717	20691973488171	21459176327139
1789188771.834784437	20692089172845	21459222431443
1789188772.847295833	20692311531609	21459546887304
1789188773.859752981	20692476645740	21459596125436
1789188774.872051928	20692684605419	21459855924780
1789188775.884521633	20692810318574	21459960123533
1789188776.896863504	20693018208727	21460267542954
1789188777.909893204	20693065853914	21460450020995
1789188778.923980947	20693387263495	21460659144128
1789188779.936277065	20693544116638	21460805623680
1789188780.948966752	20693806043957	21461017476092
1789188781.961283761	20693951298869	21461126861534
1789188782.973702602	20694155793386	21461343870198
1789188783.986245699	20694266979362	21461492518722
1789188784.998761714	20694519812134	21461687976872
1789188786.011165281	20694559293681	21461931010002
1789188787.023624278	20694853368650	21462021465248
1789188788.036012406	20694963219155	21462204265062
1789188789.048414384	20695198921352	21462357073407
1789188790.060749794	20695391124830	21462485242661
1789188791.073154733	20695503458459	21462651576496
1789188792.085629183	20695768587666	21462699223879
1789188793.097966758	20695809495917	21463046384378
1789188794.110617628	20696015528682	21463225135116
1789188795.123341112	20696135992872	21463362925205
1789188796.135635940	20696273370031	21463628616606
1789188797.147971281	20696450657913	21463697046338
1789188798.160405509	20696689611632	21464003707799
1789188799.173017624	20696874628005	21464052319895
1789188800.185567568	20697083165932	21464369463242
1789188801.197916536	20697189568709	21464502128010
1789188802.211549702	20697419771684	21464781755510
1789188803.224159206	20697582561710	21464850884468
1789188804.236547818	20697802120517	21465127316356
1789188805.249160414	20697850974259	21465343721334
1789188806.261561088	20698125394052	21465470270376
1789188807.274028412	20698263337354	21465629913646
1789188808.287154678	20698471350540	21465816187607
1789188809.300298783	20698512423633	21466064312451
1789188810.312720929	20698798632794	21466113718427
1789188811.325347558	20698935022359	21466360196269
1789188812.337820796	20699174359813	21466479101567
1789188813.350155384	20699399138209	21466675725190
1789188814.362607395	20699481405835	21466786125571
1789188815.375635079	20699613537246	21467072099716
1789188816.388026040	20699826109248	21467120898103
1789188817.400307351	20699904428989	21467349755238
1789188818.412698567	20700142455344	21467506368635
1789188819.425171427	20700232231779	21467744706828
1789188820.437714982	20700459700177	21467862933558
1789188821.450043256	20700576939963	21468185330821
1789188822.462668501	20700806312631	21468288673118
1789188823.474999470	20701045865116	21468544985194
1789188824.486608794	20701170865775	21468643737318
1789188825.498894753	20701382938871	21468972227854
1789188826.511695360	20701547674692	21469020054465
1789188827.525250229	20701725734547	21469179818909
1789188828.542556638	20701894844873	21469406426462
1789188829.554997752	20701943222365	21469498696878
1789188830.567401261	20702183474451	21469783547784
1789188831.579848399	20702419207040	21469850053669
1789188832.592309150	20702587505599	21470118918364
1789188833.604726780	20702628474206	21470349686695
1789188834.617147838	20702964069370	21470495454695
1789188835.630214363	20703148614303	21470647010177
1789188836.643074372	20703282976693	21470834414302
1789188837.655653966	20703420123187	21471119172037
1789188838.667966945	20703611474453	21471212121523
1789188839.679757190	20703860855819	21471479093775
1789188840.691443247	20704038323622	21471597983674
1789188841.703256956	20704257260116	21471833078698
1789188842.714887969	20704356147861	21471966994378
1789188843.727171620	20704564154610	21472097465240
1789188844.739379280	20704685801071	21472365496546
1789188845.751769362	20704803590694	21472444855111
1789188846.764875603	20705030536117	21472730009634
1789188847.777564695	20705193989581	21472871577859
1789188848.790011500	20705349454442	21473118340546
1789188849.802553762	20705398629993	21473190850759
1789188850.814938291	20705568991830	21473465892436
1789188851.827355864	20705792229633	21473514051136
1789188852.839984722	20706024299804	21473780360547
1789188853.852306011	20706074224606	21474020667953
1789188854.864875761	20706340999341	21474149283132
1789188855.877530906	20706472367644	21474364890590
1789188856.889859232	20706739529916	21474547371432
1789188857.902478998	20706787194014	21474648343226
1789188858.914984870	20707096137835	21474864811377
1789188859.928779099	20707185615553	21475013197606
1789188860.941987448	20707423107834	21475211087800
1789188861.954313659	20707652836993	21475289452780
1789188862.966946373	20707742693905	21475521053205
1789188863.980398747	20707900945542	21475764018931
1789188864.993847372	20708120983925	21475908746274
1789188866.006454695	20708169793021	21476086276578
1789188867.018870002	20708476120599	21476293622237
1789188868.031283228	20708645159170	21476376807078
1789188869.043507428	20708792377654	21476649364650
1789188870.055963229	20708991293332	21476779482195
1789188871.068426725	20709177653910	21477014971321
1789188872.080766512	20709355764243	21477238195728
1789188873.093312092	20709564755170	21477431394700
1789188874.106398352	20709686287161	21477478707877
1789188875.118829116	20709881149139	21477804191505
1789188876.131381825	20710007945577	21477854681559
1789188877.143791596	20710056135977	21478130130785
1789188878.156881438	20710363722304	21478170874526
1789188879.169365381	20710570204277	21478396732748
1789188880.182126638	20710700224437	21478507233801
1789188881.194683003	20710984674365	21478698273191
1789188882.207207256	20711024819144	21478861961574
1789188883.219770335	20711329683905	21479066756802
1789188884.233378982	20711376932369	21479246279903
1789188885.245775584	20711585439333	21479570342004
1789188886.258449988	20711711527086	21479664242417
1789188887.270935073	20711981042872	21479885367382
1789188888.283517344	20712096103342	21479932642989
1789188889.295954963	20712255397984	21480290077918
1789188890.308263686	20712419487024	21480405998805
1789188891.320761084	20712687838615	21480672644075
1789188892.333208257	20712855384823	21480739007949
1789188893.345550490	20712971720950	21481035462364
1789188894.357858808	20713153095248	21481074241190
1789188895.370300805	20713336314928	21481399525956
1789188896.383237018	20713584075615	21481444304025
1789188897.397399962	20713700829262	21481744164928
1789188898.410288462	20713760848126	21482022096909
1789188899.422686310	20714076067909	21482218269545
1789188900.435083029	20714140988536	21482266368043
1789188901.447442826	20714411528976	21482484551052
1789188902.459793502	20714477667710	21482665421273
1789188903.472187759	20714656369135	21482986521503
1789188904.484666583	20714842324680	21483034148833
1789188905.497010012	20714891004302	21483281499441
1789188906.509432087	20715126993900	21483348471947
1789188907.521812748	20715348416741	21483487253482
1789188908.534245734	20715481538085	21483702618716
1789188909.546467205	20715745285514	21483828736951
1789188910.558853446	20715807984771	21484028670412
1789188911.571405597	20715847498942	21484068409156
1789188912.583967798	20715892551465	21484113175710
1789188913.595212589	20715968452435	21484167454774
1789188914.607576070	20716213673398	21484381527838
1789188915.620100072	20716263137822	21484493919407
1789188916.632720172	20716312378565	21484543169345
1789188917.645370044	20716361660133	21484592412133
1789188918.658050898	20716411094171	21484641891935
1789188919.670582025	20716460348124	21484691180058
1789188920.682958204	20716485006576	21484715804900
1789188921.695676225	20716534254617	21484765053374
1789188922.708270154	20716583531770	21484814300157
1789188923.721119824	20716632810283	21484865599733
1789188924.733489492	20716688200186	21484912807336
1789188925.746432726	20716755956097	21484986664204
1789188926.759264440	20716805199351	21485035909294
1789188927.771824453	20716854506843	21485085159663
1789188928.784855539	20716903789176	21485134410740
1789188929.797361716	20716953048713	21485184066856
1789188930.809758348	20716977708471	21485210743254
1789188931.822018866	20717029893617	21485262072378
1789188932.835013566	20717077477117	21485309814477
1789188933.847654646	20717132905455	21485357024186
1789188934.860135322	20717197633298	21485430579916
1789188935.872777003	20717250323300	21485480135146
1789188936.885514049	20717299568774	21485529381862
1789188937.898035863	20717348842307	21485578629422
1789188938.910741143	20717661821054	21485732163053
1789188939.923314255	20717711631258	21485931839803
1789188940.935737225	20717765154972	21485981370358
1789188941.948288158	20717812496425	21486036871880
1789188942.960797019	20717884546988	21486104783373
1789188943.973373800	20717914797653	21486129494180
1789188944.986030450	20717959221945	21486179241090
1789188945.998402721	20718008633775	21486228615644
1789188947.010919616	20718060065042	21486280157272
1789188948.023438482	20718107644323	21486329419642
1789188949.035931173	20718158365541	21486376747548
1789188950.048626496	20718206430630	21486428171242
1789188951.061170001	20718255837515	21486477555243
1789188952.073607704	20718329897568	21486549589737
1789188953.086244996	20718379307992	21486599344889
1789188954.098758115	20718428717056	21486648721353
1789188955.111305947	20718457558487	21486678894227
1789188956.123690367	20718504871914	21486726900357
1789188957.136133015	20718554246850	21486772169149
1789188958.149534900	20718601613536	21486821539247
1789188959.162085341	20718651020898	21486870916425
1789188960.174498785	20718700432290	21486922348123
1789188961.187042018	20718774594657	21486994365930
1789188962.199421907	20718841245967	21487153579765
1789188963.211765994	20719148892868	21487339290045
1789188964.224272083	20719198707108	21487448954363
1789188965.236898195	20719248352729	21487498561999
1789188966.249169626	20719297958629	21487548167647
1789188967.261647972	20719347610037	21487599952981
1789188968.274242806	20719397260294	21487647493248
1789188969.286967359	20719447147466	21487697102850
1789188970.299308070	20719496795792	21487746961784
1789188971.311726952	20719546411067	21487796563765
1789188972.324179151	20719596037277	21487846172010
1789188973.336654496	20719645684640	21487895938738
1789188974.349257937	20719695320184	21487945549453
1789188975.361617721	20719744953280	21487995160815
1789188976.374187438	20719794562528	21488044766141
1789188977.387130802	20719844165689	21488094377678
1789188978.399568582	20719893807709	21488144306595
1789188979.412265115	20719943451192	21488193916556
1789188980.424670341	20719993090857	21488243609483
1789188981.437063979	20720042703769	21488293210318
1789188982.449678660	20720092311262	21488342891093
1789188983.462189437	20720151845663	21488404904656
1789188984.474611303	20720216490288	21488466979128
1789188985.487135962	20720266136108	21488516583692
1789188986.499809380	20720606585840	21488630718483
1789188987.512160644	20720641068553	21488881493620
1789188988.524675908	20720674941771	21488915328905
1789188989.537298893	20720698477923	21488939768355
1789188990.549847166	20720731428779	21488972668783
1789188991.562266458	20720776541928	21489016854454
1789188992.574291476	20720810422342	21489050692543
1789188993.586803449	20720844298718	21489084529291
1789188994.599258296	20720889460301	21489129827803
1789188995.611699587	20720923332885	21489163667739
1789188996.624146830	20720954452939	21489197506149
1789188997.636675173	20720991011519	21489231343142
1789188998.649539621	20721024886502	21489265178187
1789188999.662412972	20721070038141	21489310408138
1789189000.675394310	20721103914252	21489344246358
1789189001.688032303	20721187239236	21489571822652
1789189002.700838496	20721474934404	21489695462342
1789189003.713731496	20721574731426	21489840521689
1789189004.727757511	20721796160981	21490056083359
1789189005.740345298	20721864939656	21490178352861
1789189006.752899793	20722103591803	21490373315543
1789189007.765147470	20722150722529	21490415430613
1789189008.777657789	20722389135343	21490705472746
1789189009.789942323	20722463871985	21490743368152
1789189010.802334105	20722605915115	21490994027999
1789189011.814710720	20722788510820	21491137194545
1789189012.827072809	20722909470757	21491289710665
1789189013.840150308	20723084303082	21491452680989
1789189014.852721032	20723126156093	21491555053330
1789189015.864985961	20723347503400	21491845687947
1789189016.877390107	20723422826880	21491880025147
1789189017.889817903	20723612879098	21492139233755
1789189018.902519249	20723735724949	21492261985530
1789189019.914993705	20723828555406	21492424635156
1789189020.927438820	20724060148775	21492596098497
1789189021.939922434	20724101437404	21492657836822
1789189022.952160085	20724401907153	21492829417568
1789189023.964366420	20724436456642	21492962503933
1789189024.976801327	20724707415402	21493033220009
1789189025.989070165	20724748897008	21493285096807
1789189027.001699334	20724865121131	21493318018785
1789189028.014342911	20725017741958	21493668408881
1789189029.026851668	20725127166485	21493702408833
1789189030.039274532	20725316843492	21493959943873
1789189031.051596564	20725420271868	21494035267845
1789189032.064052410	20725631869320	21494091921118
1789189033.076467224	20725755362331	21494380220262
1789189034.089703269	20725880242092	21494421276715
1789189035.102312985	20726067913476	21494625124574
1789189036.114410318	20726101588714	21494746110931
1789189037.126918232	20726286815201	21494976829910
1789189038.139225686	20726463103480	21495087418418
1789189039.151848134	20726586831291	21495216427604
1789189040.164338644	20726759955729	21495433514585
1789189041.176952904	20726829691941	21495474421317
1789189042.194929839	20727032712997	21495781759496
1789189043.207649809	20727155760562	21495839113794
1789189044.220216961	20727264119194	21496021338936
1789189045.232801063	20727438711864	21496112024073
1789189046.245188393	20727580365814	21496172353083
1789189047.257731387	20727752184934	21496465955216
1789189048.270175655	20727786652123	21496499486599
1789189049.282717452	20728026280676	21496729190677
1789189050.295147328	20728119235657	21496802132140
1789189051.307718348	20728283375100	21496925040090
1789189052.320245745	20728454779357	21497108036675
1789189053.332345087	20728565334959	21497149227846
1789189054.344625531	20728687350230	21497500810253
1789189055.357094959	20728783854827	21497535599061
1789189056.369308315	20729018562345	21497745789682
1789189057.381785772	20729097771665	21497878865889
1789189058.394038854	20729269433488	21497992269971
1789189059.406779008	20729470907309	21498182576481
1789189060.419199194	20729504636145	21498302433415
1789189061.431427886	20729829309060	21498468555380
1789189062.443759597	20729870482652	21498621337515
1789189063.456237533	20730011767363	21498892829041
1789189064.468668643	20730234775553	21498975540010
1789189065.481166878	20730519754783	21499009927744
1789189066.493741506	20730568607771	21499348767698
1789189067.506257192	20730642786532	21499448523106
1789189068.518590160	20730893200093	21499675421723
1789189069.531235747	20730938985213	21499708887504
1789189070.544033834	20731086728860	21499998512704
1789189071.556469563	20731254827407	21500034383289
1789189072.568977885	20731467395462	21500218522675
1789189073.581112185	20731588992077	21500348639940
1789189074.594031896	20731771462608	21500382820366
1789189075.606807222	20731895632987	21500684783417
1789189076.619384808	20731937454176	21500773528967
1789189077.632812141	20732250044468	21500996740023
1789189078.645394611	20732284997758	21501103980564
1789189079.657980752	20732432898517	21501412595631
1789189080.670552905	20732639437143	21501448098764
1789189081.682924788	20732772745263	21501628919184
1789189082.695304066	20732953880076	21501792061619
1789189083.707722588	20732987999693	21501940670599
1789189084.720078593	20733270537183	21502168254227
1789189085.732547374	20733305188132	21502202497637
1789189086.744873606	20733463471478	21502482242342
1789189087.757539513	20733599740223	21502517127448
1789189088.769880964	20733927374580	21502551228607
1789189089.782101674	20733973189408	21502850584830
1789189090.794894047	20734008305116	21502992857534
1789189091.807917278	20734280534326	21503147896886
1789189092.820524101	20734322284831	21503221076685
1789189093.833034856	20734565119900	21503452163696
1789189094.845232980	20734599379764	21503486829661
1789189095.857545118	20734859199001	21503647907909
1789189096.869842848	20734973774918	21503860717809
1789189097.882044846	20735120879633	21503955046216
1789189098.894301879	20735290611724	21504167682089
1789189099.906786026	20735332916361	21504304047419
1789189100.919266605	20735625138350	21504452528444
1789189101.931534862	20735659393599	21504486755333
1789189102.943879277	20735938625014	21504593680963
1789189103.956358367	20735972837586	21504790696203
1789189104.968869879	20736067446121	21505013322234
1789189105.981557153	20736308269439	21505095922614
1789189106.994478120	20736426715117	21505199702441
1789189108.006920393	20736635182509	21505462645317
1789189109.019425878	20736693760747	21505504538137
1789189110.032048652	20736875169603	21505816623052
1789189111.044537725	20737005420039	21505852627025
1789189112.057016166	20737127061169	21506161676819
1789189113.070019330	20737339672946	21506196745041
1789189114.082681513	20737444916275	21506412591769
1789189115.095610636	20737635236581	21506571216558
1789189116.108154442	20737777855748	21506605492519
1789189117.120445896	20737952959159	21506938061141
1789189118.132995546	20737987611560	21506972726655
1789189119.146264801	20738307037019	21507122084289
1789189120.159429729	20738342928097	21507318079175
1789189121.172063225	20738540090262	21507531029405
1789189122.184528748	20738678413733	21507653435847
1789189123.196925513	20738862272848	21507743523223
1789189124.209181805	20739004383667	21507999116730
1789189125.221416240	20739039253769	21508152293628
1789189126.233870309	20739331690455	21508356036208
1789189127.246222401	20739374208502	21508398534560
1789189128.258604064	20739706144444	21508600688944
1789189129.270859805	20739741938778	21508756353117
1789189130.283287831	20739925246066	21508961961114
1789189131.295821880	20740047415546	21509071456064
1789189132.308357478	20740120981378	21509305185716
1789189133.320616371	20740373435749	21509427452189
1789189134.332946703	20740408873279	21509593477854
1789189135.345249670	20740711884232	21509785178931
1789189136.357835633	20740754897898	21509857149603
1789189137.370083247	20741048089588	21510067019614
1789189138.382448651	20741084692992	21510177941724
1789189139.394825040	20741295011024	21510408868220
1789189140.407404592	20741421036132	21510494253972
1789189141.419680039	20741645872064	21510638651519
1789189142.432040251	20741776367981	21510829566814
1789189143.444628493	20741887096449	21510934191054
1789189144.457748838	20742104907845	21511207467666
1789189145.470624754	20742225858978	21511249318164
1789189146.483913367	20742400379978	21511581964934
1789189147.496571401	20742435715453	21511617470613
1789189148.508979327	20742713237034	21511788927145
1789189149.521370318	20742751936350	21511923497293
1789189150.534368659	20742985158847	21512098269730
1789189151.547469755	20743067247413	21512278426752
1789189152.559738745	20743210189692	21512413115273
1789189153.572262692	20743367891861	21512622053939
1789189154.585406970	20743413880127	21512748192656
1789189155.598168317	20743682065760	21512945673965
1789189156.611809823	20743743770797	21512995717552
1789189157.624641865	20744017468126	21513219649353
1789189158.636850981	20744052706244	21513342988149
1789189159.649904804	20744303229207	21513521884117
1789189160.662406873	20744397331379	21513706882458
1789189161.674956627	20744447801766	21513969886032
1789189162.687454915	20744753621421	21514092688999
1789189163.699823099	20744903225325	21514126874937
1789189164.712282005	20745041903259	21514392735999
1789189165.724663211	20745084543383	21514479371363
1789189166.737054288	20745346491097	21514675743825
1789189167.749614888	20745382813128	21514771117604
1789189168.762132527	20745711950995	21514813889479
1789189169.775058050	20745746715102	21515095423524
1789189170.787771409	20745940224448	21515219004261
1789189171.800303257	20746072071948	21515470595988
1789189172.813229646	20746215540014	21515504676557
1789189173.825562387	20746399578592	21515789475528
1789189174.838475551	20746446739712	21515840644711
1789189175.850998871	20746675135092	21516099612875
1789189176.864028568	20746799992860	21516188128624
1789189177.876513548	20747040907359	21516330059802
1789189178.889512253	20747164806139	21516543072718
1789189179.901977798	20747315657278	21516707516186
1789189180.914240097	20747540893353	21516899540142
1789189181.926878962	20747604534321	21517032165856
1789189182.939441629	20747828767194	21517197226577
1789189183.952322512	20747886730250	21517239391278
1789189184.964708187	20748083832167	21517432095572
1789189185.977393645	20748188073401	21517516855253
1789189186.990037400	20748498666178	21517616266481
1789189188.002610960	20748533448831	21517851854017
1789189189.014964947	20748667959283	21518016159497
1789189190.027345157	20748879272625	21518207676900
1789189191.039893913	20748992533540	21518276919871
1789189192.052152490	20749206166813	21518553996781
1789189193.065346873	20749241275294	21518589083802
1789189194.077988688	20749520902751	21518841671869
1789189195.090902224	20749555454863	21518952885983
1789189196.104024642	20749690113730	21519146090947
1789189197.116347803	20749899884619	21519287152913
1789189198.128821240	20750102619629	21519321690080
1789189199.141429441	20750236551491	21519594181378
1789189200.153864231	20750315785852	21519714711874
1789189201.166208838	20750575616249	21519977002578
1789189202.178808508	20750614488200	21520110310645
1789189203.191031273	20750935682500	21520144897002
1789189204.203293918	20750977679145	21520483690958
1789189205.215629448	20751072023556	21520607352986
1789189206.228075586	20751334243354	21520830017312
1789189207.240278420	20751376140237	21520941219432
1789189208.252801616	20751618617990	21521203917484
1789189209.265189794	20751693417253	21521238458227
1789189210.277677426	20751893717663	21521459430192
1789189211.289957294	20751977682931	21521552299416
1789189212.302380465	20752220557001	21521634528784
1789189213.314788117	20752312385568	21521906762371
1789189214.327817239	20752458272667	21521940882317
1789189215.340747074	20752647427271	21522242200759
1789189216.353828469	20752681271057	21522275800716
1789189217.366368469	20752862058426	21522585286845
1789189218.379054263	20753005663618	21522619775929
1789189219.393074109	20753119218526	21522831159331
1789189220.408465992	20753299730015	21522923659653
1789189221.421211328	20753333502799	21523086266817
1789189222.433773280	20753615040278	21523258691849
1789189223.446328373	20753648467807	21523292085466
1789189224.458978737	20753812457409	21523580916548
1789189225.471174570	20753960769921	21523614490876
1789189226.483664041	20754113373262	21523753950468
1789189227.496062075	20754285510772	21523939252224
1789189228.509112987	20754326096408	21524033346767
1789189229.523400251	20754606059416	21524210016926
1789189230.536135429	20754644133729	21524317260607
1789189231.549063349	20754680461302	21524353479868
1789189232.561528461	20754716760943	21524389700653
1789189233.573892759	20754756049906	21524428934353
1789189234.586185265	20754862975698	21524614584063
1789189235.598410678	20755067866821	21524785212998
1789189236.610872714	20755117871922	21524830289372
1789189237.623394232	20755161792492	21524874192122
1789189238.635914540	20755205731259	21524920083079
1789189239.648375586	20755249624136	21524963982482
1789189240.660915231	20755308572658	21525022328552
1789189241.673666440	20755359526708	21525072600394
1789189242.686590673	20755403462217	21525116497899
1789189243.699601354	20755447400184	21525160392172
1789189244.711965717	20755491300158	21525206113931
1789189245.724307621	20755538871790	21525248318497
1789189246.736993953	20755579155139	21525294028955
1789189247.749516879	20755627573071	21525336202281
1789189248.762281685	20755672493152	21525380328889
1789189249.775284117	20755732886804	21525446158252
1789189250.787716568	20755776818312	21525490070484
1789189251.800518128	20755820752935	21525533965938
1789189252.813236987	20755866652514	21525577873637
1789189253.825478166	20755930705912	21525643740426
1789189254.837871704	20755974646225	21525687774537
1789189255.850270207	20756018556314	21525733495521
1789189256.862702861	20756101718094	21525893585050
1789189257.875337503	20756301749703	21526141913897
1789189258.887923669	20756448791298	21526191755235
1789189259.900324664	20756498173335	21526241128082
1789189260.913147750	20756547608671	21526290880290
1789189261.925951441	20756598427588	21526340269504
1789189262.939707382	20756646425790	21526391694779
1789189263.952236406	20756700899317	21526439126892
1789189264.964653735	20756749312789	21526488625071
1789189265.977129621	20756819277211	21526562852727
1789189266.989884156	20756868682492	21526612421533
1789189268.002444788	20756918113011	21526661798919
1789189269.014772232	20756942843825	21526688536012
1789189270.027113399	20756998292047	21526735910482
1789189271.039577073	20757043856728	21526789770756
1789189272.052157115	20757091208411	21526835107348
1789189273.064555163	20757144738823	21526884499439
1789189274.077617238	20757192102689	21526938353750
1789189275.089603753	20757239424207	21526985672782
1789189276.101995269	20757313510106	21527057819505
1789189277.114538136	20757362920362	21527107193680
1789189278.127150401	20757412330025	21527156573070
1789189279.139599956	20757461740490	21527208007897
1789189280.152048170	20757553229453	21527349197030
1789189281.164439663	20757821383666	21527572548115
1789189282.176969854	20757871089792	21527645015476
1789189283.189345125	20757920727252	21527694625273
1789189284.201660791	20757970370005	21527744288788
1789189285.214451110	20758019980727	21527793899045
1789189286.227472320	20758069591891	21527843503965
1789189287.239993939	20758119233928	21527893406167
1789189288.252790880	20758168881735	21527943013841
1789189289.265134549	20758218536746	21527994794942
1789189290.277597610	20758270210368	21528046473778
1789189291.290116454	20758319846213	21528096151919
1789189292.302764891	20758367395116	21528141618995
1789189293.315289020	20758417031428	21528191226118
1789189294.327812006	20758466673760	21528240836945
1789189295.340250972	20758516283945	21528290442233
1789189296.352603232	20758565924399	21528340055421
1789189297.365113084	20758615731982	21528389674098
1789189298.377605587	20758665190576	21528439857831
1789189299.389987463	20758714838256	21528490263206
1789189300.402419614	20758764456758	21528539868750
1789189301.415610193	20758814103597	21528589472672
1789189302.428172242	20758863729001	21528639090468
1789189303.440758084	20758913372700	21528688756342
1789189304.453228589	20759026539752	21528894057345
1789189305.465654527	20759262793674	21529095553509
1789189306.478071098	20759295833256	21529131274707
1789189307.490444430	20759330630254	21529163248038
1789189308.503567457	20759362624191	21529198025470
1789189309.516238437	20759398376570	21529233754373
1789189310.528839445	20759431280017	21529268771187
1789189311.541386335	20759475504086	21529309899639
1789189312.553767199	20759509346107	21529343835289
1789189313.566143833	20759543217500	21529377675203
1789189314.579236389	20759577225162	21529411519009
1789189315.592139009	20759611064872	21529445355965
1789189316.604652092	20759644948332	21529479351405
1789189317.617337939	20759679748799	21529515071126
1789189318.629889676	20759719568470	21529557036762
1789189319.642383652	20759757972678	21529592410180
1789189320.654968658	20759952631163	21529824011029
1789189321.667516326	20760064629177	21529938683206
1789189322.680631729	20760318611709	21529999850851
1789189323.693324409	20760431226401	21530334820126
1789189324.706026079	20760526061434	21530467429933
1789189325.718421156	20760792647234	21530713333314
1789189326.730995946	20760903541225	21530755211929
1789189327.743470091	20761054571034	21531047389960
1789189328.755859103	20761129691829	21531082554702
1789189329.768429792	20761349707896	21531273062189
1789189330.780726068	20761493239517	21531495485333
1789189331.793179955	20761783044286	21531531220786
1789189332.806074738	20761847725891	21531820300528
1789189333.820229317	20761940646655	21531869497830
1789189334.832470899	20762142219041	21532186161571
1789189335.845129773	20762218397486	21532220500775
1789189336.858171786	20762372928749	21532559305757
1789189337.870945583	20762562227964	21532594013459
1789189338.883410545	20762748647934	21532708006637
1789189339.895677955	20762906421361	21532938229055
1789189340.908264106	20763030421156	21533039975489
1789189341.920646991	20763224611219	21533276137302
1789189342.933132209	20763309986716	21533318432986
1789189343.945551901	20763548538251	21533534674919
1789189344.958075061	20763582852961	21533664301559
1789189345.970667603	20763862817641	21533727246584
1789189346.983375710	20763897690754	21533998873131
1789189347.996028665	20763932415856	21534222950817
1789189349.008286577	20764204584539	21534276180162
1789189350.020933595	20764247372265	21534398209039
1789189351.033705972	20764520227768	21534601527269
1789189352.046331057	20764555331460	21534636666201
1789189353.059670016	20764708018606	21534996884429
1789189354.072273147	20764912073937	21535032809921
1789189355.086616965	20765080689316	21535253582167
1789189356.100033953	20765247610104	21535358782745
1789189357.112477855	20765371061831	21535552199976
1789189358.124828335	20765614093124	21535705060224
1789189359.137424246	20765700505581	21535838939502
1789189360.149759832	20765961749441	21536082260591
1789189361.162114115	20766003044328	21536146312949
1789189362.174679962	20766266549538	21536364903361
1789189363.187773025	20766301398424	21536471257947
1789189364.200268198	20766468863088	21536711834620
1789189365.212649036	20766656816693	21536826579937
1789189366.225102072	20766692177225	21537116094870
1789189367.237379784	20767001487758	21537171559703
1789189368.249782157	20767106033653	21537259017920
1789189369.262339625	20767310099642	21537479733214
1789189370.275556684	20767371398399	21537522295266
1789189371.288092891	20767645717275	21537706628869
1789189372.300519451	20767680235978	21537830430980
1789189373.313009970	20767940668059	21538005772714
1789189374.325276024	20768045539604	21538175900002
1789189375.337691952	20768211753542	21538290747887
1789189376.350097559	20768352153084	21538492312567
1789189377.362453638	20768451645676	21538616728556
1789189378.374807632	20768700350007	21538800555989
1789189379.387292324	20768743023765	21538899353096
1789189380.399897047	20769027655035	21539137664474
1789189381.412753675	20769062302183	21539172308691
1789189382.425258030	20769308225110	21539404478231
1789189383.437643398	20769379408259	21539509409560
1789189384.450112252	20769544331716	21539739229804
1789189385.462651119	20769716047405	21539835782038
1789189386.475070145	20769861745410	21540004314017
1789189387.488746152	20770044248602	21540163823631
1789189388.501158857	20770129265725	21540270682339
1789189389.513699060	20770324148868	21540512800729
1789189390.525985884	20770416244297	21540565621416
1789189391.538533368	20770631186100	21540835319049
1789189392.549710945	20770674739366	21540944372671
1789189393.560071918	20770911366034	21541206662089
1789189394.572357083	20771014787860	21541242804314
1789189395.584717790	20771195817966	21541523838252
1789189396.597098327	20771332787930	21541639686372
1789189397.609662140	20771472847297	21541833475523
1789189398.622247928	20771679478464	21541976436574
1789189399.634702827	20771921672194	21542012897917
1789189400.647172308	20772026635335	21542313594068
1789189401.659651985	20772062891915	21542459807762
1789189402.672162801	20772329610114	21542683687728
1789189403.684665677	20772420743089	21542796929158
1789189404.697257063	20772670672397	21543011747299
1789189405.709625207	20772759832309	21543047649670
1789189406.722095367	20772972300202	21543347930712
1789189407.734447336	20773077833384	21543394399282
1789189408.746778326	20773332861583	21543586569145
1789189409.759237235	20773415830454	21543771989536
1789189410.771622350	20773640683852	21543891161812
1789189411.784423398	20773754347763	21544110041135
1789189412.797079669	20773809855167	21544364416132
1789189413.809271501	20774082126134	21544477311624
1789189414.821769508	20774118962615	21544682878663
1789189415.833969079	20774432709737	21544847534513
1789189416.846502563	20774476758338	21544990380496
1789189417.860015318	20774716843995	21545184971815
1789189418.872551480	20774824989358	21545228898715
1789189419.885506462	20775079386291	21545471529805
1789189420.897777595	20775110036514	21545554456023
1789189421.910135337	20775377408904	21545717615220
1789189422.922484626	20775428875487	21545942240212
1789189423.934878035	20775552435755	21546107294804
1789189424.947469610	20775717270132	21546240509382
1789189425.959749285	20775823763371	21546405040453
1789189426.972308392	20776017259002	21546550313503
1789189427.984802774	20776054985104	21546780922813
1789189428.997229692	20776357044332	21546919682761
1789189430.009568390	20776393804007	21547098353431
1789189431.021776261	20776658324001	21547230951107
1789189432.034149471	20776701920718	21547355769080
1789189433.046623411	20776985265691	21547568717651
1789189434.059139982	20777039262579	21547617392633
1789189435.072463123	20777249184314	21547877176204
1789189436.084982303	20777370750306	21547913723411
1789189437.098512247	20777475145122	21548219691209
1789189438.111236305	20777699663803	21548291867859
1789189439.124132620	20777786297044	21548632997445
1789189440.136667447	20778068149916	21548669977158
1789189441.149262856	20778122086443	21548983358796
1789189442.161700903	20778425612750	21549027397708
1789189443.174100537	20778668172672	21549064290705
1789189444.186728048	20778774005580	21549435159927
1789189445.199224140	20778891870934	21549575134127
1789189446.211605492	20779123620425	21549795467794
1789189447.223925548	20779181636062	21549910256770
1789189448.236321843	20779436028124	21550146161578
1789189449.249435725	20779569245644	21550190582506
1789189450.262083727	20779764889521	21550451234044
1789189451.274651452	20779809245955	21550548641253
1789189452.287506522	20780022302095	21550794683191
1789189453.299928373	20780151289793	21550831700543
1789189454.312278616	20780337385036	21551163572897
1789189455.324527065	20780520383980	21551200713617
1789189456.336968106	20780821482831	21551357790450
1789189457.349497842	20780859265552	21551539653792
1789189458.361794946	20781056259045	21551782379424
1789189459.374188320	20781229151545	21551919453083
1789189460.386598254	20781462905440	21552033594153
1789189461.398993680	20781568167988	21552307923465
1789189462.411526634	20781813015170	21552375933985
1789189463.424033133	20781916388786	21552696147309
1789189464.436202720	20782072010802	21552732853893
1789189465.448501905	20782245835262	21553074582986
1789189466.461118033	20782390885938	21553155669931
1789189467.473435593	20782566955430	21553415421892
1789189468.485985403	20782612381679	21553575610292
1789189469.499624884	20782915210047	21553804706022
1789189470.512425966	20783016412210	21553847957448
1789189471.524847427	20783196735713	21554133001060
1789189472.537335022	20783270875133	21554168579569
1789189473.549890861	20783396063763	21554568843675
1789189474.562222761	20783589795577	21554606478393
1789189475.574625481	20783682690738	21554957691193
1789189476.587053127	20783908531974	21554994217089
1789189477.599682887	20783945093790	21555267881286
1789189478.612133477	20784225415331	21555311037191
1789189479.624456454	20784341408611	21555493701714
1789189480.636959236	20784564329424	21555669677198
1789189481.649383978	20784678004826	21555804884139
1789189482.661915859	20784885920952	21556030813649
1789189483.674934524	20785052967019	21556074892492
1789189484.688423377	20785204918710	21556359634902
1789189485.700843007	20785307733209	21556403210434
1789189486.713310986	20785473264002	21556721330091
1789189487.725683871	20785597172703	21556783612701
1789189488.738006069	20785890222566	21557016687598
1789189489.750629648	20785928238928	21557132264618
1789189490.762936406	20786113295869	21557414856396
1789189491.775312472	20786266928949	21557451941576
1789189492.788341493	20786389909066	21557744150979
1789189493.800717981	20786624136187	21557818875719
1789189494.813309317	20786723829776	21558044470979
1789189495.826001175	20786952700700	21558167228261
1789189496.838716208	20787068119114	21558277767975
1789189497.851115583	20787300707054	21558495708774
1789189498.863504053	20787470107609	21558530694657
1789189499.876038760	20787619729636	21558843962759
1789189500.888499285	20787719622417	21558887395831
1789189501.900972992	20787965933026	21559148395373
1789189502.913330710	20788001512503	21559225619899
1789189503.926185241	20788197476861	21559496449346
1789189504.941805648	20788328694680	21559533031033
1789189505.955019670	20788537006985	21559710878835
1789189506.967944595	20788695563202	21559850478954
1789189507.980757539	20788731715097	21560136262024
1789189508.993033761	20789022578612	21560246624335
1789189510.005577233	20789157006221	21560336165192
1789189511.018090556	20789302007333	21560614607043
1789189512.030301419	20789394253257	21560712113723
1789189513.042850911	20789637819447	21560971184216
1789189514.055346723	20789743307728	21561006863443
1789189515.068183313	20789954834087	21561268234653
1789189516.080547989	20790069913031	21561383214708
1789189517.093051642	20790343245749	21561459758790
1789189518.105518713	20790385903111	21561718621263
1789189519.118207840	20790629527767	21561759408569
1789189520.130795968	20790712686918	21562035531222
1789189521.143214766	20790817296862	21562132302210
1789189522.155543309	20790992108880	21562374203829
1789189523.167963207	20791076427456	21562417245753
1789189524.180615438	20791279231030	21562711237049
1789189525.193018457	20791374696716	21562746870460
1789189526.206936870	20791546627878	21563057177676
1789189527.221126433	20791701303535	21563113318841
1789189528.233870727	20791846282612	21563351637697
1789189529.247365526	20792037322881	21563498358246
1789189530.259988300	20792201719953	21563573366907
1789189531.274339608	20792338666906	21563824032272
1789189532.287359538	20792448453145	21563894546975
1789189533.299846732	20792682615614	21564194251451
1789189534.312163621	20792725432107	21564265102959
1789189535.324802945	20793008677964	21564459806803
1789189536.337172079	20793044594032	21564624402850
1789189537.350696778	20793223433234	21564893829256
1789189538.364264034	20793371968151	21565013117776
1789189539.376966955	20793410700640	21565049335581
1789189540.389560401	20793449940280	21565088567991
1789189541.402121857	20793492281332	21565130813435
1789189542.413585519	20793716260948	21565334984308
1789189543.426261612	20793854811241	21565533129055
1789189544.438833610	20793904093326	21565583134176
1789189545.451290323	20793953337847	21565632402467
1789189546.463710559	20794002620198	21565681692606
1789189547.476139929	20794051904444	21565730972892
1789189548.488648922	20794101157532	21565780219632
1789189549.501314418	20794131962053	21565804852289
1789189550.514119643	20794175077924	21565856581728
1789189551.526935871	20794226433367	21565903786725
1789189552.539451393	20794273869138	21565953800911
1789189553.551849432	20794325172533	21566003139482
1789189554.565371930	20794374461859	21566056484877
1789189555.577919705	20794424100334	21566105740028
1789189556.590397797	20794471325946	21566152941683
1789189557.602877238	20794526208421	21566200149609
1789189558.615234710	20794582947925	21566267473269
1789189559.627821380	20794643882652	21566323512151
1789189560.640381184	20794693129590	21566372763391
1789189561.652952091	20794742435073	21566422014137
1789189562.665712366	20794791745885	21566471737208
1789189563.678468307	20794840997169	21566520985454
1789189564.691671530	20794894490324	21566570245607
1789189565.704661821	20794944670104	21566619495098
1789189566.716996187	20795052008384	21566792671469
1789189567.729410707	20795357123604	21567037410541
1789189568.741812099	20795385932377	21567068268593
1789189569.754253140	20795442033787	21567123889712
1789189570.766781683	20795482849153	21567161444360
1789189571.779224592	20795530515695	21567210861455
1789189572.791554974	20795579923459	21567262412427
1789189573.804063362	20795610445124	21567285060473
1789189574.816469479	20795654036409	21567334426597
1789189575.829392869	20795705469632	21567384131978
1789189576.841998740	20795752837375	21567433503759
1789189577.854676356	20795804412239	21567482901845
1789189578.867195198	20795853798901	21567536759305
1789189579.879686860	20795903217345	21567586138058
1789189580.892174195	20795957244969	21567642294876
1789189581.904648899	20796024672339	21567705784151
1789189582.917075069	20796074100276	21567755159830
1789189583.929526900	20796123485420	21567804533436
1789189584.942086474	20796172910417	21567854509856
1789189585.954391668	20796222349011	21567903895233
1789189586.966933152	20796271762052	21567953272711
1789189587.979253438	20796326333719	21568002664024
1789189588.991687634	20796374746910	21568052102018
1789189590.004203871	20796420089580	21568101473697
1789189591.016554895	20796588951995	21568168688663
1789189592.028485982	20796735019548	21568476133261
1789189593.041036076	20796784697274	21568526450779
1789189594.053457030	20796834307004	21568576059059
1789189595.066153050	20796883942142	21568625681923
1789189596.078660604	20796934200169	21568675314256
1789189597.091223072	20796983885036	21568725356208
1789189598.103629197	20797033558533	21568774971281
1789189599.116214403	20797062502570	21568805975848
1789189600.128525958	20797110067313	21568849518073
1789189601.141641653	20797157613456	21568901182103
1789189602.154527482	20797232271182	21568973586088
1789189603.167103471	20797281919862	21569023216086
1789189604.179723192	20797331537947	21569072870228
1789189605.192421112	20797381183835	21569122475322
1789189606.204673860	20797431001846	21569172411581
1789189607.217224063	20797480639158	21569222027417
1789189608.229984344	20797530277460	21569271632086
1789189609.242626023	20797579883819	21569321243405
1789189610.254982788	20797629521175	21569370853341
1789189611.267518373	20797703950927	21569446716471
1789189612.279865366	20797734979863	21569473869142
1789189613.292542100	20797803233559	21569545929342
1789189614.305553403	20797851415572	21569595681076
1789189615.318613668	20798043392884	21569697214357
1789189616.331285850	20798156983827	21569909725677
1789189617.343580593	20798190866417	21569943566753
1789189618.356102363	20798224740581	21569977400764
1789189619.368753545	20798258586029	21570011237176
1789189620.381328876	20798292461139	21570045150074
1789189621.393847250	20798326327729	21570078986978
1789189622.406926636	20798360202945	21570112827632
1789189623.419933315	20798394074146	21570146666051
1789189624.432836993	20798428039774	21570181448189
1789189625.445557825	20798464697935	21570214356944
1789189626.457851264	20798507134003	21570259474566
1789189627.470686664	20798541040898	21570293316409
1789189628.483663645	20798574926708	21570328634082
1789189629.496628354	20798620042646	21570372273190
1789189630.509505336	20798710646993	21570411201045
1789189631.522078398	20798955106840	21570683679150
1789189632.534692188	20799001738899	21570819793422
1789189633.547209516	20799328115227	21570991899219
1789189634.559615137	20799447895197	21571107222709
1789189635.572027207	20799636715831	21571434635771
1789189636.584412469	20799758381001	21571576097032
1789189637.596947143	20800024475881	21571746776704
1789189638.611683917	20800070275013	21571880383007
1789189639.624837936	20800346878280	21572047434456
1789189640.637897738	20800468732258	21572124619443
1789189641.650717927	20800689040375	21572385448332
1789189642.663350813	20800804936629	21572516151209
1789189643.675768401	20801012136531	21572793788656
1789189644.688214822	20801058199460	21572932339042
1789189645.700560801	20801315112852	21573136241027
1789189646.713064246	20801460152055	21573188191332
1789189647.725560769	20801629846765	21573477935109
1789189648.738099668	20801813333529	21573524164327
1789189649.750443034	20802013306539	21573830972782
1789189650.762953337	20802065995701	21573985650270
1789189651.775575546	20802361985452	21574213214585
1789189652.787973135	20802428784175	21574375289764
1789189653.800369499	20802705338469	21574535993899
1789189654.812643453	20802860854748	21574582521068
1789189655.825147030	20803032171609	21574839438881
1789189656.839466213	20803075909144	21575042664822
1789189657.851724479	20803361725399	21575241247839
1789189658.864323914	20803589464654	21575281367220
1789189659.876794252	20803716104430	21575635026212
1789189660.889846475	20803944816485	21575675027248
1789189661.902575128	20804050938859	21575980005085
1789189662.915113773	20804219654217	21576097204280
1789189663.927737227	20804375435551	21576313908205
1789189664.940655057	20804522921837	21576507140311
1789189665.953476342	20804709112477	21576687018322
1789189666.966281676	20804826923830	21576903622552
1789189667.979057267	20805032332233	21577020020085
1789189668.992064878	20805158417407	21577240168882
1789189670.005156790	20805405705663	21577422997696
1789189671.017574437	20805452518036	21577507509816
1789189672.029866267	20805622584872	21577777204319
1789189673.042336484	20805776703596	21577888966634
1789189674.055230718	20806007987377	21578092630920
1789189675.067699274	20806073139576	21578232950387
1789189676.080378096	20806309010613	21578406600727
1789189677.093242206	20806530901701	21578452857275
1789189678.105723478	20806735181920	21578755599456
1789189679.118226853	20806940232831	21578798086399
1789189680.130651099	20807144593858	21579114871869
1789189681.143055052	20807184428642	21579201121031
1789189682.155440224	20807244986054	21579505930767
1789189683.167946428	20807489650318	21579545659798
1789189684.180303740	20807824022133	21579683401816
1789189685.192808343	20807865240310	21579970887913
1789189686.205210983	20807912486752	21580146407250
1789189687.217621421	20808207658725	21580303120482
1789189688.230819431	20808247777651	21580500935185
1789189689.243882169	20808533437964	21580648140091
1789189690.256743553	20808583802497	21580866219408
1789189691.271970988	20808868683304	21581003072676
1789189692.284328300	20809106771121	21581112894039
1789189693.297267299	20809223737042	21581328436157
1789189694.310551786	20809271585982	21581410484059
1789189695.323233941	20809501046517	21581707756951
1789189696.335890908	20809647987706	21581821786457
1789189697.348959258	20809871785757	21581932967066
1789189698.362252278	20810015539353	21582199116915
1789189699.374884950	20810152616544	21582475993722
1789189700.387963244	20810361202873	21582534708817
1789189701.400789228	20810504158700	21582859899541
1789189702.413165124	20810688297552	21582901150244
1789189703.425591996	20810946760778	21583167210006
1789189704.438553352	20811022562354	21583307876832
1789189705.451904370	20811281938890	21583500240354
1789189706.465805525	20811330311652	21583701308037
1789189707.478278384	20811607016502	21583888745778
1789189708.491168759	20811648109812	21584117834658
1789189709.504067656	20811904309812	21584215569905
1789189710.516665254	20812033163249	21584354699994
1789189711.529207292	20812219822513	21584580778734
1789189712.541612459	20812515206021	21584665823973
1789189713.554078039	20812615870618	21584976421129
1789189714.566505668	20812669131947	21585094164263
1789189715.579119269	20812972946242	21585302346750
1789189716.591578883	20813051167395	21585469916232
1789189717.607902143	20813326145075	21585716520560
1789189718.620878163	20813455752569	21585850565135
1789189719.635952655	20813673813490	21586093889970
1789189720.648744126	20813893365454	21586211334404
1789189721.661262151	20814041287937	21586411956768
1789189722.673660054	20814253301836	21586550112580
1789189723.686046096	20814389593624	21586769636625
1789189724.698598726	20814508987109	21586868163586
1789189725.711278296	20814724525054	21587164145012
1789189726.723841856	20814937788012	21587206106943
1789189727.736216457	20815023451005	21587522156339
1789189728.748799262	20815211005688	21587721200254
1789189729.761583750	20815351020800	21587899184114
1789189730.774139605	20815567538070	21588132932084
1789189731.786544030	20815658217827	21588255596384
1789189732.798842034	20815781968912	21588581115944
1789189733.811279489	20815992356685	21588654165485
1789189734.823696253	20816213547101	21588958022898
1789189735.836120431	20816329098351	21589094228507
1789189736.849756427	20816667219655	21589251246165
1789189737.862446433	20816715830480	21589392209409
1789189738.874989562	20816778364236	21589757669280
1789189739.887717959	20817074444743	21589800143109
1789189740.900983589	20817211488222	21590115029567
1789189741.913960934	20817425533496	21590164254787
1789189742.929390478	20817707058099	21590322398472
1789189743.942165701	20817755735259	21590511049422
1789189744.954654583	20817886356194	21590641746061
1789189745.967245241	20818024253204	21590799041779
1789189746.980929121	20818109261614	21591134746661
1789189747.993647934	20818371998615	21591176281747
1789189749.006953295	20818645019851	21591314032746
1789189750.020157068	20818717811142	21591561447700
1789189751.032755176	20818867341683	21591602553798
1789189752.045588113	20818984747624	21591838228779
1789189753.058126290	20819162167277	21592007939433
1789189754.070686177	20819371306514	21592224778242
1789189755.083528263	20819419409102	21592318100725
1789189756.096240113	20819668181834	21592580855191
1789189757.108809953	20819756065354	21592733766081
1789189758.121141959	20820042690536	21592936373233
1789189759.133919148	20820105049645	21593125979703
1789189760.146759900	20820330803749	21593253262609
1789189761.159564573	20820498774109	21593383291997
1789189762.172069956	20820646776094	21593618924945
1789189763.184223339	20820794632066	21593869326220
1789189764.198688232	20821033645817	21594005419167
1789189765.211313063	20821258337719	21594222285225
1789189766.223948515	20821371313571	21594333177278
1789189767.236163265	20821546111059	21594687795780
1789189768.248373229	20821768071175	21594735801551
1789189769.260838321	20821993517321	21595024493751
1789189770.273100048	20822121308231	21595122613232
1789189771.285608846	20822310695750	21595249181214
1789189772.298029037	20822438874551	21595489927737
1789189773.310612787	20822526529941	21595696114061
1789189774.323129579	20822725724190	21595796080940
1789189775.335499114	20822881550875	21595843899083
1789189776.348019298	20823035023865	21596158785491
1789189777.360383320	20823080828797	21596337372159
1789189778.372969415	20823405274580	21596505631945
1789189779.385412408	20823604053231	21596585220372
1789189780.397957131	20823691737512	21596811356197
1789189781.410543163	20823900961220	21596953081638
1789189782.423009391	20824018339677	21597207165004
1789189783.435326286	20824213506404	21597383888866
1789189784.447675327	20824364970321	21597603037484
1789189785.460282262	20824521047139	21597651706674
1789189786.472841045	20824682126351	21597959735924
1789189787.485190343	20824858107277	21598033621969
1789189788.497685390	20825034771932	21598351813651
1789189789.510175597	20825125921159	21598551069160
1789189790.522597687	20825360645766	21598707608977
1789189791.535105388	20825501923890	21598826840734
1789189792.551089080	20825646207582	21599062064051
1789189793.563446529	20825764876867	21599254155797
1789189794.576058840	20825960417011	21599366185325
1789189795.588831931	20826151630845	21599483213963
1789189796.601539293	20826236128937	21599681798909
1789189797.613904488	20826510201085	21599848870873
1789189798.626207750	20826592081150	21600047153216
1789189799.638711377	20826756088404	21600381917394
1789189800.651202869	20826927939824	21600425174343
1789189801.663624695	20827113707176	21600786889826
1789189802.676027398	20827341152881	21600834918405
1789189803.688451255	20827554474719	21601142595171
1789189804.701064366	20827705433180	21601198163773
1789189805.714016444	20827874960027	21601448410708
1789189806.727300997	20827922839606	21601624113098
1789189807.740025426	20828218564829	21601812066783
1789189808.752694494	20828433604629	21601852830986
1789189809.765286414	20828544818886	21602187429361
1789189810.777741877	20828714498257	21602351099867
1789189811.790169516	20828910407445	21602573046577
1789189812.802701218	20829089686596	21602721679925
1789189813.817117184	20829245652552	21602947562142
1789189814.829726362	20829353254295	21603220617724
1789189815.842320659	20829562002526	21603323034800
1789189816.855448830	20829797062287	21603550529122
1789189817.867691408	20829887405736	21603677999759
1789189818.880094850	20830045261779	21603992808857
1789189819.892618995	20830250927056	21604041490551
1789189820.905077702	20830284157443	21604074687166
1789189821.917543048	20830324285761	21604116935236
1789189822.929972953	20830365744463	21604156168794
1789189823.942295072	20830537873449	21604199935931
1789189824.954746513	20830738487423	21604514154067
1789189825.967573347	20830787806946	21604569190825
1789189826.980663123	20830837051591	21604618443120
1789189827.993407146	20830886328055	21604667735522
1789189829.006029780	20830935697949	21604717485201
1789189830.018907688	20830984954092	21604766894333
1789189831.031652870	20831034342083	21604816158159
1789189832.044135237	20831083595696	21604865405763
1789189833.056819020	20831132920455	21604914901539
1789189834.069672438	20831182201559	21604964138883
1789189835.082060384	20831231457811	21605013386915
1789189836.094521273	20831280739166	21605062644078
1789189837.107181796	20831330036521	21605111894037
1789189838.119733371	20831379316451	21605161182073
1789189839.132235749	20831428602249	21605210425521
1789189840.144614792	20831477854190	21605259736045
1789189841.157241791	20831527139009	21605309333753
1789189842.169674052	20831576420445	21605358582321
1789189843.182037152	20831625719153	21605407852063
1789189844.194488840	20831675006332	21605459145339
1789189845.207137044	20831726309316	21605506539205
1789189846.219525042	20831773552283	21605555792537
1789189847.231891933	20831828145035	21605605050688
1789189848.244495237	20831931676893	21605694900525
1789189849.256915003	20832120951257	21605893278937
1789189850.269348396	20832170463301	21605983000148
1789189851.280676577	20832220148395	21606032381073
1789189852.293189770	20832269531099	21606082040871
1789189853.305655146	20832318941465	21606131415041
1789189854.317976642	20832343672065	21606158329411
1789189855.331171292	20832395118242	21606209782183
1789189856.344207139	20832446586884	21606260178249
1789189857.356742128	20832516533867	21606329251490
1789189858.369236457	20832566148417	21606378634515
1789189859.381725739	20832590871283	21606405384825
1789189860.394236151	20832664985600	21606477673403
1789189861.406828578	20832714392589	21606527052425
1789189862.419397631	20832763920050	21606576424545
1789189863.431830278	20832813326776	21606625803657
1789189864.444301864	20832862899754	21606677235293
1789189865.456781974	20832912270493	21606724560291
1789189866.469525990	20832961790461	21606773933683
1789189867.482085340	20833016108308	21606823471732
1789189868.494359520	20833085269828	21606897534762
1789189869.506781209	20833134670197	21606946914393
1789189870.519371733	20833184047712	21606996286322
1789189871.531838593	20833233654484	21607046093595
1789189872.544265281	20833400041137	21607330594512
1789189873.556779746	20833618430821	21607490024154
1789189874.569222467	20833668079849	21607539627738
1789189875.581705807	20833717705973	21607589234690
1789189876.594380614	20833767346283	21607638848099
1789189877.607263197	20833816951779	21607688621444
1789189878.619939148	20833841791941	21607713422720
1789189879.632740309	20833891455217	21607763265421
1789189880.645264843	20833941077763	21607814942657
1789189881.657814895	20833990723073	21607862488758
1789189882.670432639	20834042414787	21607916426084
1789189883.683181282	20834090068356	21607961906067
1789189884.695500101	20834139711618	21608013579251
1789189885.707947159	20834189565422	21608061124335
1789189886.720639696	20834239207446	21608110761700
1789189887.733414233	20834290883353	21608164518365
1789189888.745995530	20834338456295	21608212306591
1789189889.758421960	20834388098034	21608259849326
1789189890.770790014	20834462534749	21608335127713
1789189891.783160998	20834512190005	21608385329538
1789189892.795750073	20834561885116	21608434941084
1789189893.808545506	20834611526691	21608484551648
1789189894.820958050	20834661324117	21608534159826
1789189895.833352923	20834710936375	21608583802150
1789189896.845944607	20834964179473	21608695214046
1789189897.858319491	20835034840562	21608887897070
1789189898.870829953	20835078824800	21608933694279
1789189899.883184277	20835103604837	21608958130354
1789189900.895632053	20835137445622	21608991968136
1789189901.908214404	20835181657150	21609035208876
1789189902.920744505	20835215500599	21609069049861
1789189903.933142139	20835249470675	21609102978746
1789189904.945458974	20835283344056	21609136815105
1789189905.958328181	20835322106428	21609177774016
1789189906.971068378	20835362342034	21609215773021
1789189907.983599110	20835396185215	21609249618834
1789189908.996110938	20835430056061	21609283457621
1789189910.008458536	20835463929067	21609318238580
1789189911.021326376	20835500509258	21609351148803
1789189912.033963629	20835621929642	21609459831692
1789189913.046354243	20835856265671	21609729693364
1789189914.058702846	20835959829959	21609772792960
1789189915.071223271	20836115221278	21609990700451
1789189916.083876037	20836229363925	21610102358190
1789189917.096489154	20836265650398	21610262764688
1789189918.109233879	20836538077062	21610452656783
1789189919.121565657	20836612879653	21610495813719
1789189920.133891908	20836806593950	21610739829875
1789189921.146344845	20836913023400	21610845303649
1789189922.158852464	20837124337346	21611039839705
1789189923.171209800	20837160036281	21611102230048
1789189924.183719267	20837377564021	21611253914991
1789189925.196077094	20837486577521	21611438576226
1789189926.208301282	20837611235312	21611618527825
1789189927.220772241	20837783330838	21611774826447
1789189928.233234015	20837897298163	21611823053997
1789189929.245602978	20837990202980	21612092263535
1789189930.257419369	20838153133161	21612134724821
1789189931.270074220	20838188051382	21612258844452
1789189932.282720262	20838389937143	21612422524812
1789189933.296005995	20838473354438	21612495675145
1789189934.308352284	20838676883111	21612668334109
1789189935.320848500	20838711162756	21612702601190
1789189936.333388333	20839001272958	21612850655661
1789189937.345867315	20839036127332	21613057520886
1789189938.358400640	20839163125831	21613230308919
1789189939.370766179	20839392659757	21613403785573
1789189940.383165757	20839535748589	21613446156050
1789189941.395675817	20839717307019	21613692073587
1789189942.408902971	20839752576336	21613783788462
1789189943.421831464	20839952808157	21614074009252
1789189944.435387113	20840077702307	21614108487651
1789189945.447894739	20840162171933	21614360837833
1789189946.461002187	20840402552258	21614443111570
1789189947.474512745	20840575680350	21614531755748
1789189948.487321004	20840719609398	21614819380928
1789189949.499895119	20840761485417	21614915492598
1789189950.512429185	20841003871232	21615074202591
1789189951.525005955	20841049279330	21615159347687
1789189952.537676988	20841352567243	21615330109388
1789189953.550215762	20841412937175	21615522587958
1789189954.562477664	20841526819660	21615678233227
1789189955.575837571	20841719741282	21615842841852
1789189956.588971884	20841803030574	21615910841504
1789189957.601547908	20841975314201	21616144017990
1789189958.614209113	20842079323051	21616178848947
1789189959.627505451	20842330125891	21616449381128
1789189960.640123357	20842404542911	21616513871609
1789189961.652625186	20842545697624	21616697447910
1789189962.665084281	20842689944751	21616779436699
1789189963.677889673	20842725020470	21616972608045
1789189964.690251302	20843007246031	21617086807421
1789189965.702799341	20843134311368	21617129589758
1789189966.716384500	20843303482103	21617392923140
1789189967.729019126	20843339003652	21617428407606
1789189968.741475966	20843423546504	21617697743565
1789189969.753774122	20843633553331	21617733210867
1789189970.766312356	20843925463496	21617770474059
1789189971.778825826	20843968532829	21618087686181
1789189972.791346359	20844042971956	21618235142984
1789189973.803748404	20844265278980	21618394163321
1789189974.816177176	20844356419340	21618436392572
1789189975.828049919	20844513159725	21618738494991
1789189976.840460043	20844604684016	21618772916129
1789189977.853034887	20844756104077	21619076657782
1789189978.865527023	20844929523390	21619127313724
1789189979.878493031	20845190789397	21619163014132
1789189980.890963619	20845265178988	21619473141086
1789189981.903452571	20845386525549	21619507649665
1789189982.915919551	20845563033171	21619780472233
1789189983.928742719	20845605582836	21619843451868
1789189984.942953617	20845819710112	21620116115619
1789189985.955574233	20845914678213	21620151751358
1789189986.968001500	20846115794775	21620373000891
1789189987.980739193	20846239444197	21620476468239
1789189988.993568037	20846443241357	21620583195684
1789189990.005911677	20846555154939	21620782143414
1789189991.018200105	20846731901770	21620817299537
1789189992.030577365	20846912252551	21621149081228
1789189993.043800010	20846954844111	21621215274156
1789189994.056380770	20847161909134	21621494629636
1789189995.069022480	20847282921882	21621529503716
1789189996.081415287	20847432187646	21621770060727
1789189997.093761378	20847607690833	21621854204851
1789189998.106147980	20847791446625	21621897909899
1789189999.118540776	20847904371639	21622170589454
1789190000.130814172	20847939892205	21622357356027
1789190001.143444481	20848219909614	21622518417354
1789190002.156453016	20848296167750	21622560680271
1789190003.168794515	20848558049446	21622754800300
1789190004.181324368	20848594282610	21622899712048
1789190005.194488129	20848753926101	21623189504978
1789190006.207024140	20848929456052	21623224854894
1789190007.219378773	20849190482084	21623259696058
1789190008.231909618	20849313449113	21623599208357
1789190009.244936039	20849348280950	21623690201352
1789190010.258913087	20849621564783	21623906983202
1789190011.271731732	20849664352584	21623950056542
1789190012.284128624	20849908386437	21624148173752
1789190013.296408763	20849943693976	21624248648008
1789190014.308740340	20850138777879	21624479248667
1789190015.321246085	20850228861653	21624573270263
1789190016.333616662	20850339496606	21624786498226
1789190017.346057142	20850543358491	21624878148687
1789190018.358674400	20850578780992	21625054453099
1789190019.371170863	20850871415406	21625215744018
1789190020.383499988	20850939999229	21625258280380
1789190021.396084494	20851196866986	21625465344654
1789190022.408464160	20851232526265	21625576758330
1789190023.420941969	20851522694749	21625737074036
1789190024.433557540	20851558955187	21625893228522
1789190025.446102247	20851638286074	21626126197095
1789190026.458545320	20851914510713	21626248606838
1789190027.470917072	20852048938603	21626357354387
1789190028.483183241	20852212574790	21626586476165
1789190029.495638045	20852254748088	21626682013243
1789190030.508100207	20852546902503	21626803769788
1789190031.520509008	20852581539373	21626974781468
1789190032.533079441	20852762798192	21627176273731
1789190033.545891723	20852897178787	21627280978108
1789190034.558681956	20853097997195	21627415582665
1789190035.571262930	20853212763084	21627566865201
1789190036.583797017	20853291340204	21627701144773
1789190037.596338875	20853490824259	21627854738338
1789190038.608943338	20853573697391	21627897775516
1789190039.621675861	20853797671958	21628120125065
1789190040.634197177	20853833321454	21628197243818
1789190041.646662452	20854123912554	21628355691945
1789190042.659002317	20854159406407	21628523564536
1789190043.671581022	20854343483423	21628693588245
1789190044.683947455	20854494449110	21628848308990
1789190045.696206888	20854529571758	21629031997998
1789190046.708252164	20854812211212	21629166007628
1789190047.721334408	20854854477545	21629274932677
1789190048.734178637	20855117641278	21629501406822
1789190049.746922714	20855153080510	21629536478403
1789190050.759375656	20855317582350	21629846466662
1789190051.771855269	20855528449655	21629882408169
1789190052.784339119	20855801838622	21629964689335
1789190053.797021567	20855844465736	21630198029623
1789190054.809634387	20855969460464	21630352662382
1789190055.822007889	20856103471434	21630466855345
1789190056.833719042	20856244529026	21630509628352
1789190057.846212682	20856379765882	21630733233707
1789190058.858845160	20856414857928	21630768465105
1789190059.872443554	20856668354264	21630989769141
1789190060.885136795	20856721211959	21631114432930
1789190061.897674565	20856823027719	21631444050943
1789190062.909986204	20857066665625	21631479410835
1789190063.923494593	20857280606091	21631550958657
1789190064.937485043	20857402251262	21631795368049
1789190065.950186107	20857506262706	21631877342748
1789190066.962957459	20857720318459	21632122986535
1789190067.975813087	20857764081997	21632165081362
1789190068.988743900	20857946712080	21632408630434
1789190070.000912789	20858040852299	21632443549662
1789190071.013286248	20858272422831	21632629077185
1789190072.025775540	20858367639462	21632750432515
1789190073.039019423	20858491901029	21632915725234
1789190074.052755348	20858663280755	21633125090077
1789190075.065371336	20858698863597	21633307953780
1789190076.077762214	20858993037017	21633454760975
1789190077.090297755	20859035857329	21633566874623
1789190078.104650754	20859289737012	21633741523592
1789190079.117262175	20859325262062	21633777018574
1789190080.130221885	20859496792214	21634096772256
1789190081.142854914	20859670476721	21634132213815
1789190082.155151496	20859788339659	21634365677305
1789190083.167814913	20859976721802	21634467602890
1789190084.180216939	20860091431050	21634587983977
1789190085.192494458	20860275775844	21634746843018
1789190086.205032440	20860319016312	21634898745467
1789190087.218214040	20860592377471	21635102880489
1789190088.230891439	20860661222226	21635146301939
1789190089.243279761	20860865750511	21635430383072
1789190090.255721074	20860936160214	21635466349302
1789190091.268291497	20861086066294	21635757192097
1789190092.281202844	20861252771499	21635793115272
1789190093.293537192	20861486957250	21635876845705
1789190094.305966124	20861529920347	21636079724805
1789190095.318291780	20861591465325	21636283706526
1789190096.330756742	20861798372864	21636348133356
1789190097.343084403	20861930142638	21636413853780
1789190098.355561013	20862105302598	21636645137053
1789190099.371967105	20862147890772	21636713779284
1789190100.384162388	20862363875435	21637011787153
1789190101.396507765	20862478077520	21637047476846
1789190102.409002219	20862639653995	21637298007358
1789190103.421249861	20862754410456	21637333672058
1789190104.433617955	20862978556490	21637471366578
1789190105.445793557	20863081272729	21637670386895
1789190106.458253100	20863316662956	21637706408904
1789190107.470789127	20863383887357	21638016919127
1789190108.483283560	20863542457433	21638052750909
1789190109.495692728	20863724022846	21638396209752
1789190110.508146052	20863790550697	21638477345381
1789190111.520464278	20863980583619	21638663382283
1789190112.532849859	20864050676476	21638698951618
1789190113.545286010	20864262527623	21638924240024
1789190114.557823147	20864348214498	21639035979668
1789190115.570258466	20864507129554	21639269405174
1789190116.582799932	20864713545806	21639421465660
1789190117.595243476	20864852250650	21639536171216
1789190118.607904634	20865040868736	21639758174441
1789190119.620235056	20865166185711	21639810713924
1789190120.632527330	20865341347089	21640038831371
1789190121.644746753	20865384048602	21640141396398
1789190122.657175960	20865658303392	21640365576905
1789190123.670294561	20865693376626	21640400644158
1789190124.684162018	20865884772799	21640688215453
1789190125.697405237	20866019036052	21640765780598
1789190126.710072410	20866123994468	21640979561940
1789190127.722484398	20866325216585	21641082222602
1789190128.735122897	20866477043278	21641197150792
1789190129.747482495	20866643337059	21641390809433
1789190130.759801214	20866775467994	21641447894563
1789190131.773526346	20866940051503	21641726586061
1789190132.786093065	20866988652587	21641769531464
1789190133.798595511	20867246722456	21642012658720
1789190134.811340539	20867341999001	21642118972575
1789190135.824194267	20867604432517	21642321718413
1789190136.836617630	20867649996124	21642456165256
1789190137.849165268	20867695363324	21642501432308
1789190138.861660144	20867739926515	21642546085210
1789190139.874121474	20867968981000	21642809001506
1789190140.886460736	20868106240895	21642942109838
1789190141.899040221	20868155526221	21642991361566
1789190142.911534229	20868185233321	21643017417791
1789190143.924719551	20868229556658	21643068704250
1789190144.937490642	20868281576837	21643115928526
1789190145.950235353	20868328059880	21643165347237
1789190146.962701254	20868377340026	21643214604444
1789190147.975115307	20868426621363	21643263844520
1789190148.987662919	20868475904584	21643313089164
1789190150.000169384	20868525164020	21643362367331
1789190151.012510597	20868576558145	21643411620547
1789190152.024979287	20868648402412	21643485703508
1789190153.037523498	20868697794527	21643534959606
1789190154.050043213	20868747154545	21643584223825
1789190155.062434843	20868796397475	21643633487127
1789190156.075021552	20868845643798	21643682744378
1789190157.087523110	20868894920053	21643731996222
1789190158.100278246	20868944196113	21643781348158
1789190159.112839294	20868993616529	21643830714133
1789190160.125301175	20869042865387	21643879959531
1789190161.137833526	20869092366582	21643929239559
1789190162.150342847	20869141658347	21643978493219
1789190163.162913647	20869207024235	21644160557700
1789190164.175238398	20869464916272	21644332525874
1789190165.187664080	20869514294846	21644381900131
1789190166.200125741	20869563670817	21644431275754
1789190167.212630936	20869613084569	21644480648141
1789190168.225281739	20869662526825	21644530175187
1789190169.237807719	20869693374128	21644554923328
1789190170.250328441	20869738690608	21644604326282
1789190171.262861276	20869790799136	21644653710913
1789190172.275356511	20869841362485	21644703088513
1789190173.287917033	20869890032345	21644752473924
1789190174.300448099	20869950384840	21644821284334
1789190175.313223507	20870008438601	21644876297701
1789190176.325834417	20870057820633	21644925842186
1789190177.338524870	20870107407446	21644975235362
1789190178.351433151	20870156819195	21645024609478
1789190179.363824147	20870206229161	21645073990256
1789190180.376228437	20870257662408	21645123377046
1789190181.389184785	20870307279455	21645176862632
1789190182.402125563	20870358861863	21645222139589
1789190183.414925266	20870428914539	21645296237051
1789190184.427707615	20870478368956	21645345618754
1789190185.439857364	20870527910273	21645395001091
1789190186.452477076	20870577282691	21645444376212
1789190187.465471414	20870691057300	21645672252187
1789190188.478260083	20870912090218	21645780279015
1789190189.490866013	20870961734355	21645829943485
1789190190.503109800	20871001016083	21645870557141
1789190191.515493615	20871036159014	21645904401684
1789190192.528017645	20871085810600	21645953999503
1789190193.540821439	20871135460553	21646003597031
1789190194.553721922	20871185114313	21646053394499
1789190195.566267672	20871234730463	21646102998418
1789190196.578827904	20871284336566	21646152611316
1789190197.591344711	20871333981503	21646202325822
1789190198.604093149	20871383628839	21646251988178
1789190199.616534687	20871433268006	21646301588989
1789190200.629101873	20871482876757	21646351235245
1789190201.641604047	20871544932320	21646416551540
1789190202.654183180	20871606424535	21646475266861
1789190203.666508640	20871633876682	21646504205229
1789190204.679386758	20871683516015	21646554097766
1789190205.691848586	20871733128029	21646603705810
1789190206.704371796	20871805474015	21646673995534
1789190207.716964949	20871855142293	21646723606332
1789190208.729484071	20871904782077	21646773211112
1789190209.742343812	20871954418758	21646822825891
1789190210.755303605	20872004022782	21646872435450
1789190211.767752637	20872125443554	21647093279826
1789190212.780473069	20872308146602	21647196354175
1789190213.793155602	20872342956452	21647230291349
1789190214.805741782	20872377844932	21647264129593
1789190215.818447721	20872409807704	21647297959639
1789190216.830958260	20872443652592	21647332167517
1789190217.843491276	20872477521929	21647366007639
1789190218.856100474	20872511395174	21647400784587
1789190219.869258782	20872556740753	21647444968460
1789190220.881811305	20872590579972	21647478807361
1789190221.894210514	20872625359912	21647512652994
1789190222.906617959	20872659305496	21647548451981
1789190223.919062004	20872703525314	21647591692173
1789190224.931716982	20872737398493	21647625536301
1789190225.944068991	20872771288546	21647659379925
1789190226.956354328	20872811969609	21647777767613
1789190227.968176399	20873068515895	21647986432579
1789190228.980714696	20873185743970	21648031952479
1789190229.993087668	20873391592667	21648309030089
1789190231.005471423	20873515024524	21648355521249
1789190232.017958173	20873715193003	21648652378690
1789190233.030323203	20873846603129	21648698063244
1789190234.042507491	20874058226835	21648985539990
1789190235.054908517	20874183434424	21649064674416
1789190236.067244852	20874352037825	21649299114083
1789190237.079958094	20874493245697	21649345188099
1789190238.092502787	20874715773639	21649667474967
1789190239.105126299	20874762852375	21649848134382
1789190240.117326536	20874998047434	21649984525375
1789190241.129810905	20875124501071	21650123513851
1789190242.143490902	20875352610191	21650329216424
1789190243.155896048	20875392467410	21650595116991
1789190244.168246544	20875667233205	21650693519263
1789190245.180778828	20875772142993	21650910955783
1789190246.193174897	20876042078927	21651048277651
1789190247.205512407	20876316736952	21651155892415
1789190248.218060783	20876367189192	21651393325332
1789190249.231502232	20876504253934	21651658635433
1789190250.244268217	20876701810799	21651757614429
1789190251.257390100	20876937945465	21651950153588
1789190252.270319718	20877047842774	21652133386558
1789190253.282573480	20877302363969	21652399458836
1789190254.295185622	20877448546513	21652497207520
1789190255.307579107	20877710661662	21652720183323
1789190256.319850258	20877758231049	21652942092130
1789190257.332151088	20878076045799	21653161692870
1789190258.344307846	20878266262070	21653209736609
1789190259.356769700	20878411463850	21653506491606
1789190260.369391187	20878659720951	21653547513904
1789190261.381922423	20878767808097	21653872652032
1789190262.394534148	20878957187433	21653992773823
1789190263.407013350	20879073986734	21654198598672
1789190264.419612562	20879349748868	21654315995629
1789190265.432143140	20879390707654	21654515158379
1789190266.444505691	20879597317448	21654771257043
1789190267.456875636	20879677505067	21654821701358
1789190268.469244513	20879856342942	21655127639108
1789190269.481518332	20880077622153	21655176052278
1789190270.493761566	20880301205500	21655426452948
1789190271.507428881	20880408660157	21655493479001
1789190272.520455519	20880602043314	21655780856984
1789190273.532976013	20880667504039	21655821484581
1789190274.545214125	20880933828728	21655993221483
1789190275.557773800	20881023769902	21656148022381
1789190276.570301643	20881201645903	21656444033163
1789190277.582762535	20881357835032	21656524147252
1789190278.595196988	20881545434294	21656810667180
1789190279.608164038	20881705485781	21656859320389
1789190280.620896814	20881835223170	21657070275766
1789190281.633719432	20882022539629	21657196246241
1789190282.647765716	20882219166417	21657407470955
1789190283.660270453	20882320240944	21657513841509
1789190284.672663305	20882586942015	21657716229361
1789190285.685224633	20882635231855	21657885333181
1789190286.697743511	20882845907153	21658137677574
1789190287.710115776	20882932964720	21658284790862
1789190288.722519702	20883212179822	21658484475037
1789190289.735232905	20883340056436	21658620043761
1789190290.747564028	20883547046201	21658849135787
1789190291.760157052	20883639271006	21659078703191
1789190292.772349423	20883865569159	21659197327937
1789190293.784758582	20884135884558	21659304947440
1789190294.797316508	20884232964923	21659594159728
1789190295.809742390	20884363942824	21659642565201
1789190296.822160861	20884588970212	21659979979582
1789190297.834701057	20884661584358	21660140257184
1789190298.847351237	20884956250382	21660357511665
1789190299.859994929	20884997391090	21660398435506
1789190300.872452974	20885200479696	21660664356671
1789190301.884902292	20885340707443	21660713398393
1789190302.897327141	20885571801171	21660982737896
1789190303.909929131	20885742834560	21661030728033
1789190304.922626567	20885955369179	21661371064586
1789190305.935139577	20886065199199	21661537010946
1789190306.949544146	20886241900523	21661711699640
1789190307.962102658	20886283051814	21661985140235
1789190308.974383661	20886608957362	21662059354731
1789190309.986972396	20886837576021	21662197422483
1789190310.999324594	20886897579852	21662396889027
1789190312.012156904	20887163975349	21662605450696
1789190313.024893743	20887271677224	21662772240116
1789190314.037547066	20887407109513	21662902598097
1789190315.050137057	20887639666432	21663128971918
1789190316.062661268	20887682245368	21663378810693
1789190317.075842331	20887939104406	21663428153664
1789190318.088400789	20888076030358	21663706934991
1789190319.100887676	20888257458544	21663776327423
1789190320.113826703	20888445693654	21664072950353
1789190321.126449250	20888630323101	21664121369476
1789190322.138919050	20888853501702	21664378527817
1789190323.152516410	20888922903959	21664499706323
1789190324.164896948	20889228327180	21664704713565
1789190325.177490447	20889270214882	21664778893445
1789190326.189777913	20889517670127	21665016232939
1789190327.202186218	20889646002623	21665160844600
1789190328.214290040	20889916087035	21665355101369
1789190329.226734859	20889965306240	21665571928017
1789190330.239200183	20890261818108	21665770442056
1789190331.251639493	20890388830622	21665900782215
1789190332.264063029	20890629321403	21666147821613
1789190333.276558558	20890753847765	21666358261470
1789190334.288909114	20890929456782	21666487634030
1789190335.301328203	20891235642468	21666601463568
1789190336.313732894	20891276874789	21666884631247
1789190337.326080042	20891473055299	21666933398759
1789190338.338751255	20891641727265	21667220226442
1789190339.351547311	20891683173951	21667280624390
1789190340.363895621	20891908631701	21667497496837
1789190341.376454801	20892008264239	21667672754416
1789190342.388837523	20892239568974	21667953729092
1789190343.401073764	20892375445305	21668068695305
1789190344.413178001	20892644805917	21668271697745
1789190345.425686579	20892768103656	21668379288006
1789190346.438120536	20892940363644	21668577045714
1789190347.450484710	20893089446722	21668737166059
1789190348.462844864	20893268685475	21668925437904
1789190349.475240372	20893416667231	21669172776292
1789190350.487936010	20893587392065	21669253581205
1789190351.500533315	20893893280690	21669395825326
1789190352.512963938	20893942704186	21669647870261
1789190353.525306306	20894132738916	21669898336076
1789190354.537956667	20894310018582	21669946840641
1789190355.550310830	20894500352908	21670235465782
1789190356.562875270	20894608032613	21670367490886
1789190357.575252992	20894805063851	21670569763829
1789190358.587502687	20894936826138	21670741256349
1789190359.599903847	20895115123446	21670889624745
1789190360.612485469	20895270312238	21671066234037
1789190361.624862779	20895452448818	21671226887454
1789190362.638024385	20895757480921	21671383648190
1789190363.650704971	20895807131140	21671582306147
1789190364.663364536	20896099873776	21671781987567
1789190365.675853531	20896174765544	21671969214768
1789190366.688289534	20896452304616	21672218864405
1789190367.700823667	20896671900719	21672268133254
1789190368.713311503	20896810744608	21672614825144
1789190369.725656883	20896852134910	21672656179663
1789190370.738393238	20897110018146	21672896359036
1789190371.751535484	20897228088162	21673051385961
1789190372.764514919	20897359474456	21673236119456
1789190373.777126920	20897556500152	21673409273361
1789190374.789432192	20897733356262	21673627823315
1789190375.801655989	20897904336174	21673786628737
1789190376.814432446	20898085535027	21674073418504
1789190377.827029065	20898248873563	21674122374121
1789190378.839373953	20898480568439	21674350602450
1789190379.852030712	20898529208554	21674480485722
1789190380.865262702	20898638034465	21674721596445
1789190381.878274393	20898838615297	21674839169656
1789190382.890968991	20898953744247	21675175122236
1789190383.903484666	20899201894200	21675224983423
1789190384.915875128	20899245541525	21675426401129
1789190385.928642946	20899501412483	21675551266172
1789190386.941335090	20899631888626	21675708477903
1789190387.954669636	20899819806737	21675909576182
1789190388.967308461	20899973153399	21676165476256
1789190389.979755752	20900167640469	21676306725115
1789190390.992333204	20900323666651	21676355386518
1789190392.004773348	20900513237903	21676671631426
1789190393.017229275	20900635054806	21676788660295
1789190394.029581430	20900743939486	21676922083855
1789190395.042386703	20900793178424	21677129521328
1789190396.054746145	20901013964529	21677241582465
1789190397.067409071	20901166545164	21677290241449
1789190398.080023770	20901359538911	21677594543334
1789190399.092465678	20901401344698	21677638859852
1789190400.104996465	20901516750887	21677965596573
1789190401.117431555	20901747839325	21678014899389
1789190402.129812353	20901790439885	21678168596898
1789190403.142185176	20901978034146	21678264817313
1789190404.154570230	20902038169144	21678313668831
1789190405.166955694	20902336382825	21678438949495
1789190406.179470663	20902386182527	21678693559783
1789190407.192091486	20902524603408	21678901298764
1789190408.204519102	20902735750853	21679042882881
1789190409.217060225	20902784686802	21679209589011
1789190410.231473622	20903038932353	21679398326010
1789190411.244019429	20903143500209	21679440511671
1789190412.256448843	20903462593929	21679542692358
1789190413.269928869	20903501219856	21679819215141
1789190414.282272401	20903541752288	21679858447745
1789190415.294666785	20903577974151	21679894662952
1789190416.307121526	20903640842968	21680011133723
1789190417.319778074	20903838951318	21680165683801
1789190418.332291965	20903888202738	21680216972303
1789190419.344757030	20903942710601	21680264485145
1789190420.357236443	20903986726535	21680313728454
1789190421.369645467	20904036005300	21680362970113
1789190422.382174903	20904085284349	21680412220145
1789190423.394901910	20904134544196	21680461694885
1789190424.407309905	20904183824837	21680510939456
1789190425.419750662	20904233080707	21680560181994
1789190426.432326575	20904282584598	21680609777479
1789190427.444999010	20904331865570	21680659028950
1789190428.457370536	20904381524391	21680708474074
1789190429.469904317	20904430805124	21680757732575
1789190430.482360359	20904480061527	21680807091432
1789190431.495023619	20904529416592	21680856342188
1789190432.507559315	20904578699727	21680905598055
1789190433.520068129	20904627944209	21680954870471
1789190434.532410197	20904677222680	21681004123024
1789190435.544849575	20904703903440	21681032853984
1789190436.557299748	20904751131132	21681078004921
1789190437.569701393	20904804512909	21681132614656
1789190438.582144759	20904857855325	21681187350256
1789190439.594652038	20904898948121	21681227801967
1789190440.607971425	20904966482640	21681294996637
1789190441.620810014	20905127760836	21681509614166
1789190442.633093029	20905327422931	21681648936018
1789190443.645560342	20905395660871	21681712854450
1789190444.657927613	20905424528282	21681744078319
1789190445.670245973	20905474867862	21681787296079
1789190446.682871764	20905523317019	21681842828820
1789190447.695392125	20905572714957	21681886047467
1789190448.707869439	20905618083564	21681937467580
1789190449.720460170	20905673655795	21681985345625
1789190450.733052862	20905716884387	21682036763736
1789190451.745548978	20905790970031	21682108765452
1789190452.758066463	20905840384293	21682158253195
1789190453.770681790	20905889788998	21682207632059
1789190454.783015611	20905939204023	21682257009416
1789190455.795573841	20905988583015	21682306387344
1789190456.808232551	20906038173970	21682355762155
1789190457.820520157	20906066637054	21682388614330
1789190458.833237312	20906116397229	21682438066710
1789190459.845734571	20906163747803	21682483383615
1789190460.858111877	20906211064988	21682528699682
1789190461.870628468	20906264588151	21682584749054
1789190462.883394443	20906334569875	21682652295868
1789190463.896443060	20906383962303	21682702071048
1789190464.909341976	20906503309693	21682768674623
1789190465.921940527	20906787773260	21682965510355
1789190466.934751251	20906838156215	21683136039638
1789190467.947675506	20906887801586	21683185800303
1789190468.960230071	20906916751744	21683217035291
1789190469.972714553	20906987185021	21683285023880
1789190470.985276270	20907016130812	21683315321453
1789190471.997912757	20907061689046	21683359437883
1789190473.010232936	20907111335154	21683409266710
1789190474.023073260	20907160950642	21683458871638
1789190475.035651645	20907210587667	21683508559521
1789190476.048112006	20907260237631	21683558174137
1789190477.060615113	20907309894354	21683608062506
1789190478.073125214	20907359618021	21683657680808
1789190479.085824073	20907409236799	21683707288082
1789190480.098274413	20907458885211	21683756897734
1789190481.110867862	20907508652188	21683806664585
1789190482.123291844	20907558312918	21683856273521
1789190483.135778889	20907607952072	21683905884648
1789190484.148241515	20907657563956	21683955590629
1789190485.160739398	20907684675115	21683984534471
1789190486.173116132	20907757052221	21684054818700
1789190487.185632372	20907806692296	21684104483757
1789190488.198645455	20907856336403	21684154102032
1789190489.211302927	20907893550374	21684194747923
1789190490.223846222	20907948262294	21684465807440
1789190491.236810058	20908229957684	21684547418194
1789190492.249716644	20908263919088	21684581455029
1789190493.262175007	20908297791632	21684615329920
1789190494.274843733	20908331630668	21684649166572
1789190495.287273598	20908365636446	21684683007290
1789190496.299735232	20908399480733	21684716843911
1789190497.312062073	20908433357689	21684750864333
1789190498.324816596	20908478510202	21684795980890
1789190499.337344088	20908512351277	21684829817791
1789190500.349867496	20908546298954	21684863658507
1789190501.362132446	20908580185914	21684897502786
1789190502.374653261	20908614082769	21684931457978
1789190503.387178894	20908648058307	21684965295713
1789190504.400119090	20908692154621	21685010467772
1789190505.412770165	20908730335854	21685047564432
1789190506.427257857	20908916167089	21685098290380
1789190507.439657351	20909071418888	21685388918458
1789190508.453393911	20909267134383	21685427356815
1789190509.465226202	20909385208173	21685751673662
1789190510.477638340	20909463772510	21685810476559
1789190511.490023791	20909559045895	21686118939066
1789190512.502386065	20909796170287	21686172816139
1789190513.514903001	20909842113605	21686253385158
1789190514.527016386	20910060044550	21686554837141
1789190515.539331229	20910195681616	21686653672622
1789190516.552143975	20910457276363	21686928600158
1789190517.564698266	20910559353224	21686975028995
1789190518.577177124	20910598411782	21687078736576
1789190519.589525162	20910782868952	21687238435005
1789190520.602068820	20910892417731	21687456200004
1789190521.614482563	20911077758471	21687552856358
1789190522.626849024	20911275716072	21687710200106
1789190523.639418960	20911412569910	21687907445354
1789190524.652612498	20911459174903	21687964537617
1789190525.665338297	20911595025581	21688230203054
1789190526.677824192	20911815675028	21688278195794
1789190527.690239118	20912028471586	21688595201998
1789190528.702656074	20912088406034	21688642068422
1789190529.714930960	20912128634896	21688889848233
1789190530.727224180	20912383547024	21688976707619
1789190531.739520294	20912532621381	21689165346035
1789190532.751860216	20912659046401	21689242353848
1789190533.764270162	20912706337718	21689315424573
1789190534.776698446	20912866007967	21689511080314
1789190535.789124702	20912972426927	21689585210756
1789190536.801513469	20913058289006	21689824003474
1789190537.814173956	20913298163621	21689911273200
1789190538.826561145	20913475143375	21690034540418
1789190539.840416724	20913564635261	21690197115133
1789190540.853149945	20913661430472	21690382176306
1789190541.865861167	20913929020208	21690571159881
1789190542.878539026	20913975555568	21690695820410
1789190543.891014899	20914213841862	21690895411781
1789190544.903934617	20914260813972	21691011876428
1789190545.916669702	20914449430047	21691170844858
1789190546.929711016	20914496497436	21691364060960
1789190547.942658694	20914821533120	21691562225104
1789190548.955170697	20914861140588	21691680779612
1789190549.967662397	20915017006888	21691797095585
1789190550.980405296	20915056092251	21692033780141
1789190551.993281149	20915369994041	21692150439305
1789190553.005681565	20915528882400	21692290986561
1789190554.018029358	20915733423647	21692533105197
1789190555.030319673	20915821975798	21692631122808
1789190556.042943015	20916086749012	21692914546770
1789190557.055516010	20916152972958	21692952614356
1789190558.068189318	20916275429003	21693195915525
1789190559.080693443	20916424647190	21693233880952
1789190560.093191240	20916590943145	21693348213682
1789190561.105796131	20916635701456	21693455002371
1789190562.118324235	20916680689235	21693504442284
1789190563.130644915	20916836626117	21693754772792
1789190564.142401239	20916944342771	21693792952163
1789190565.154758992	20917114669212	21694154955720
1789190566.167388734	20917315627490	21694193815688
1789190567.179850936	20917628035561	21694348748435
1789190568.192377371	20917666607076	21694584272466
1789190569.204545718	20917840290215	21694862706805
1789190570.217076122	20918016711849	21694914901305
1789190571.231149994	20918339359994	21695063131940
1789190572.244256442	20918377645729	21695305379165
1789190573.256886532	20918605212016	21695449128435
1789190574.269318915	20918708443344	21695695217778
1789190575.281654459	20918892746185	21695928185701
1789190576.294121205	20919019140778	21696015545003
1789190577.306783380	20919064584795	21696319828591
1789190578.318991797	20919349403590	21696365892646
1789190579.331262568	20919506679011	21696540093712
1789190580.343415254	20919680413992	21696706345967
1789190581.356531367	20919718720155	21696996079597
1789190582.369571641	20920041280785	21697087160282
1789190583.382638429	20920078893834	21697124858628
1789190584.395659202	20920245843998	21697307924400
1789190585.408347571	20920389423704	21697445096096
1789190586.420649523	20920553332635	21697628446791
1789190587.432942657	20920699441425	21697764569758
1789190588.446025376	20920825886902	21697974013458
1789190589.460039780	20921029657681	21698084779680
1789190590.472948669	20921215689501	21698216130712
1789190591.485353587	20921359789405	21698405102549
1789190592.497742007	20921516124270	21698537496680
1789190593.507299583	20921660618732	21698715636474
1789190594.519893946	20921698838873	21698960449799
1789190595.532568515	20922011538622	21699076408826
1789190596.545111962	20922049724101	21699324820983
1789190597.559689393	20922362900774	21699447468171
1789190598.570667517	20922529479854	21699544884123
1789190599.583440507	20922714700573	21699809068819
1789190600.595944976	20922875383787	21699917181130
1789190601.608615874	20923057362477	21700151641200
1789190602.621436363	20923194175133	21700242221846
1789190603.633982226	20923388798003	21700483049937
1789190604.646530035	20923545357524	21700534076994
1789190605.658916156	20923720294920	21700834254603
1789190606.671423390	20923810378858	21700921535659
1789190607.683988107	20924067703469	21701165269406
1789190608.696309833	20924159133858	21701302065958
1789190609.708476372	20924434485338	21701528527053
1789190610.720913448	20924508686635	21701672705347
1789190611.735463065	20924775087159	21701889256656
1789190612.748087729	20924820397037	21702043385759
1789190613.760361214	20925106550364	21702220365918
1789190614.773085323	20925151385341	21702352886675
1789190615.785629813	20925426689081	21702520290276
1789190616.798229399	20925534265647	21702595505033
1789190617.810797713	20925735933886	21702881238344
1789190618.823841789	20925821081303	21702926364793
1789190619.836273924	20926003098990	21703241766956
1789190620.848489599	20926104300505	21703309700448
1789190621.860744795	20926400026777	21703500557176
1789190622.875107147	20926445355274	21703647793136
1789190623.887892107	20926645791583	21703952824861
1789190624.903231733	20926788808601	21703991096318
1789190625.915932864	20926985130252	21704253686431
1789190626.927481754	20927119739008	21704292348628
1789190627.940440578	20927382128810	21704415885209
1789190628.952936731	20927420146734	21704602872757
1789190629.965316239	20927614307462	21704831328482
1789190630.979526082	20927752339164	21704924911152
1789190631.991803805	20928055323834	21705060528604
1789190633.004208025	20928095000101	21705247685896
1789190634.017037937	20928327549357	21705470428388
1789190635.029508955	20928395031729	21705557744688
1789190636.042146521	20928556521772	21705839843380
1789190637.054708891	20928745524347	21705917883673
1789190638.067700737	20928879971363	21706201680143
1789190639.080259970	20929096502804	21706288541657
1789190640.092366263	20929281362290	21706513804267
1789190641.105138154	20929428678973	21706659992237
1789190642.117453224	20929522784399	21706855852300
1789190643.129906064	20929689587137	21706930902621
1789190644.143268614	20929917462079	21707037936856
1789190645.156160404	20930010789791	21707232118608
1789190646.168941902	20930189001040	21707338359870
1789190647.181772799	20930295951633	21707507274307
1789190648.194268928	20930590410614	21707578300277
1789190649.206784923	20930629874994	21707831262704
1789190650.219774338	20930893137018	21707962965515
1789190651.232018361	20931002206799	21708174325407
1789190652.244979928	20931206607706	21708363032621
1789190653.257885779	20931315574131	21708497099286
1789190654.270312844	20931604360113	21708652914933
1789190655.282873896	20931668116108	21708849942413
1789190656.295256884	20931951633221	21708998866224
1789190657.307647890	20931990943078	21709192031221
1789190658.320286528	20932181234148	21709375739518
1789190659.334071316	20932252563065	21709483198027
1789190660.346523814	20932432178684	21709726820015
1789190661.358966256	20932574563223	21709834950733
1789190662.371298358	20932828455149	21710006088478
1789190663.383624502	20932926730130	21710186928077
1789190664.396051099	20933103635396	21710430872058
1789190665.408576719	20933239681015	21710539508389
1789190666.421065582	20933384411214	21710809455112
1789190667.433374334	20933542207961	21710851621841
1789190668.446000880	20933746236045	21711078094650
1789190669.458367286	20933864677025	21711223460118
1789190670.470820364	20933989230014	21711491637883
1789190671.483103917	20934195852235	21711594077497
1789190672.495716928	20934276123953	21711927348723
1789190673.508196467	20934528298419	21711966350237
1789190674.520455689	20934732160384	21712127541356
1789190675.533161257	20934860282173	21712347268800
1789190676.546075237	20935149556740	21712444213238
1789190677.559095505	20935191762414	21712698475122
1789190678.572140498	20935261817100	21712963620913
1789190679.584361488	20935532237797	21713009244008
1789190680.596874061	20935708960908	21713174288790
1789190681.609445134	20935814502678	21713321184422
1789190682.622043202	20935933219774	21713488774641
1789190683.634720169	20936136636574	21713663376252
1789190684.647224929	20936314415816	21713777634598
1789190685.659533435	20936429696660	21713986067699
1789190686.671875243	20936647093368	21714114297754
1789190687.684629678	20936733078165	21714308756959
1789190688.697593026	20936969382615	21714416659302
1789190689.710067333	20937045481007	21714611394960
1789190690.722411781	20937242754835	21714749700582
1789190691.734700985	20937329057000	21714934258367
1789190692.747193658	20937582283809	21714973268430
1789190693.759778539	20937631644141	21715256673240
1789190694.772750899	20937719971878	21715414193915
1789190695.785583425	20937914903098	21715539121307
1789190696.797879331	20938030876109	21715775923831
1789190697.810310312	20938267252771	21715891668281
1789190698.822596177	20938480591651	21716062795487
1789190699.835037971	20938659266043	21716263692208
1789190700.847612373	20938915527492	21716380347954
1789190701.860035704	20938962014086	21716576172355
1789190702.872393187	20939184682790	21716751394373
1789190703.884920277	20939294273626	21716898503064
1789190704.897383055	20939546293197	21716936453739
1789190705.909857181	20939597082256	21717230929692
1789190706.922757058	20939633301046	21717267142318
1789190707.935375659	20939672567483	21717306380581
1789190708.948295914	20939711824339	21717345616036
1789190709.960663036	20939751290796	21717564023606
1789190710.972936011	20940027898551	21717659875294
1789190711.985401497	20940075104924	21717709109200
1789190712.997825254	20940124388062	21717758352949
1789190714.010167403	20940173646082	21717807931027
1789190715.022454715	20940222937588	21717857177342
1789190716.035026406	20940272230508	21717906560558
1789190717.047514935	20940321490614	21717955814396
1789190718.060142290	20940370772801	21718005070689
1789190719.072903788	20940420034731	21718054318334
1789190720.085242449	20940469313655	21718105618101
1789190721.097591538	20940518591965	21718155963210
1789190722.110213233	20940573982017	21718202490460
1789190723.122824850	20940617121802	21718251726832
1789190724.135828790	20940668420339	21718300981808
1789190725.148565875	20940719784353	21718355503798
1789190726.161019509	20940764965056	21718401976118
1789190727.173545707	20940819518540	21718449181154
1789190728.186102174	20940865710113	21718498797509
1789190729.198729322	20940917028267	21718553241771
1789190730.211246922	20940962206284	21718599429538
1789190731.223779618	20941013537301	21718646636123
1789190732.236307412	20941060786381	21718697925038
1789190733.248667418	20941133611735	21718769753771
1789190734.261218576	20941232898831	21718834964391
1789190735.273599235	20941329075226	21719160790478
1789190736.286254506	20941586647139	21719241543041
1789190737.298588852	20941636032475	21719291237549
1789190738.311005927	20941685441968	21719340610056
1789190739.323668104	20941734829498	21719390195684
1789190740.336408738	20941761616732	21719418989191
1789190741.348885115	20941808976484	21719466341596
1789190742.361344474	20941862519991	21719519834828
1789190743.373770086	20941932491663	21719587735518
1789190744.386399486	20941981936753	21719637114591
1789190745.399029924	20942031350717	21719686489953
1789190746.411463962	20942080755944	21719735864912
1789190747.424012173	20942130131177	21719785236328
1789190748.436660497	20942179535351	21719834615113
1789190749.449215259	20942228906623	21719883990717
1789190750.461932214	20942278325823	21719933939748
1789190751.474432968	20942327747429	21719983404971
1789190752.487162354	20942377125233	21720032773529
1789190753.499664376	20942426540303	21720082253126
1789190754.512206383	20942475925268	21720131846127
1789190755.524700215	20942525438329	21720181562739
1789190756.537315255	20942574889945	21720230942411
1789190757.549742560	20942624272038	21720280386181
1789190758.562107512	20942696214653	21720505355594
1789190759.574433246	20942949048047	21720624874578
1789190760.586927975	20942998687289	21720674502423
1789190761.599252990	20943050396546	21720724112558
1789190762.611895943	20943100020997	21720774326854
1789190763.624376792	20943149815485	21720823953632
1789190764.636847097	20943197363195	21720873871920
1789190765.649840095	20943247003688	21720923481355
1789190766.662219015	20943296651202	21720973090244
1789190767.674839284	20943348458748	21721022707996
1789190768.687168548	20943400188264	21721072322309
1789190769.699602610	20943470467032	21721146729057
1789190770.712089788	20943497376195	21721175789292
1789190771.724635525	20943549073218	21721221273831
1789190772.737363413	20943596632032	21721275121645
1789190773.750015781	20943650198138	21721320605394
1789190774.762376858	20943693816255	21721372305776
1789190775.775398492	20943743459548	21721421906371
1789190776.788185438	20943795157549	21721469452743
1789190777.801121975	20943844774714	21721523194776
1789190778.813837506	20943892484166	21721568676845
1789190779.826546045	20943944159092	21721618294618
1789190780.839255405	20943991740438	21721667897096
1789190781.851732493	20944041391110	21721719669057
1789190782.864093158	20944236773962	21721824054906
1789190783.876488829	20944360375019	21722066211784
1789190784.889109551	20944394216871	21722100048624
1789190785.902231791	20944418689240	21722126571862
1789190786.915025873	20944450680308	21722156448316
1789190787.927387855	20944495795821	21722201562765
1789190788.939857145	20944529705479	21722235403461
1789190789.952381618	20944563544053	21722269250661
1789190790.964947728	20944597422916	21722303092856
1789190791.977290338	20944631292835	21722336933601
1789190792.989732018	20944665133672	21722370773163
1789190794.002173891	20944699012461	21722404612810
1789190795.015134068	20944732856269	21722439390332
1789190796.027921821	20944778000191	21722483571677
1789190797.040298329	20944811873037	21722517542499
1789190798.053080353	20944845712065	21722551378892
1789190799.065219308	20944986677672	21722672554531
1789190800.076935373	20945082297568	21722807705618
1789190801.088826780	20945237973160	21722994053488
1789190802.100557155	20945430698796	21723175813164
1789190803.112127164	20945654913527	21723226797368
1789190804.123714934	20945780336773	21723555075015
1789190805.135171501	20945908302296	21723598318701
1789190806.147967223	20946117559413	21723912150347
1789190807.160701931	20946213512615	21723955972431
1789190808.173057364	20946445394202	21724258443657
1789190809.186371130	20946481204760	21724325129512
1789190810.198919985	20946712890794	21724566702056
1789190811.211456040	20946817913140	21724652340357
1789190812.224385938	20947030140474	21724847472708
1789190813.240732504	20947134806313	21724978657148
1789190814.253041692	20947279679078	21725164397544
1789190815.265485737	20947441803938	21725315289321
1789190816.277810471	20947611368866	21725350594647
1789190817.289999453	20947789022437	21725702205589
1789190818.302493286	20947830943434	21725765452854
1789190819.314906896	20948132561043	21725970085743
1789190820.327366431	20948167413320	21726080502182
1789190821.339749948	20948360244090	21726283128169
1789190822.352081946	20948510860431	21726443521293
1789190823.364760427	20948655049694	21726537051171
1789190824.377122307	20948846825567	21726789323141
1789190825.389466742	20948919586260	21726830538645
1789190826.401845640	20949121123389	21727131824165
1789190827.414723570	20949194764390	21727166970083
1789190828.427782633	20949344588193	21727397573025
1789190829.440144830	20949530104430	21727521927790
1789190830.452384823	20949743399251	21727603555463
1789190831.464833365	20949797505324	21727798916244
1789190832.477267059	20949838566427	21727919426581
1789190833.489669976	20950090333334	21728101945042
1789190834.501867134	20950125012470	21728136175391
1789190835.514877979	20950454340652	21728290266775
1789190836.527824057	20950489405273	21728470762418
1789190837.540367888	20950663108727	21728614716198
1789190838.552970574	20950794768934	21728805632321
1789190839.565443501	20950829889231	21728998141339
1789190840.577767812	20951082795243	21729123157581
1789190841.590154959	20951146196047	21729164955667
1789190842.602619813	20951397025270	21729378615210
1789190843.615000334	20951432214231	21729462700526
1789190844.627327310	20951583837770	21729693335950
1789190845.639705749	20951737609559	21729807579620
1789190846.652198878	20951861766712	21729952639620
1789190847.664697777	20952092558403	21730152506754
1789190848.677293654	20952127273248	21730300148651
1789190849.689718316	20952390414181	21730460139313
1789190850.702251183	20952432921778	21730507068026
1789190851.715225056	20952636403395	21730825660001
1789190852.727698157	20952749960167	21730869045803
1789190853.740159988	20952991731638	21731016489353
1789190854.752830472	20953033015176	21731161997631
1789190855.765722464	20953175877053	21731245128735
1789190856.778192792	20953358491555	21731496930774
1789190857.790733430	20953404645122	21731538577301
1789190858.803403824	20953651847582	21731673713322
1789190859.816802619	20953686083694	21731844084656
1789190860.829214251	20953878388417	21732038274248
1789190861.841684649	20954018972821	21732167246018
1789190862.854688998	20954113066882	21732280269271
1789190863.867122695	20954296230132	21732483622104
1789190864.879489952	20954338391907	21732545423449
1789190865.891841522	20954547448910	21732808887752
1789190866.904698331	20954636692994	21732843682360
1789190867.917497100	20954857235483	21733044261483
1789190868.929939842	20954960698165	21733187226900
1789190869.942507255	20955084066166	21733353226155
1789190870.954837135	20955286713488	21733523041482
1789190871.967627237	20955346379863	21733564490230
1789190872.980300296	20955639986515	21733808877938
1789190873.992563897	20955674821890	21733920892694
1789190875.005076498	20955855551653	21734190762925
1789190876.017580055	20955949968664	21734225975623
1789190877.029867739	20956060478588	21734409018072
1789190878.042224535	20956245330603	21734510861666
1789190879.054628619	20956339567609	21734595188290
1789190880.067523825	20956512598726	21734807678381
1789190881.080338569	20956557588450	21734849732796
1789190882.092743795	20956797410901	21735125834831
1789190883.105423211	20956832528510	21735167208466
1789190884.118081212	20957042190734	21735328749592
1789190885.130840201	20957138256344	21735452950990
1789190886.143311594	20957272585532	21735577012549
1789190887.155774465	20957475876006	21735789976318
1789190888.168338545	20957622614868	21735832298244
1789190889.180902757	20957820117673	21736143977560
1789190890.193296497	20957854802966	21736178553163
1789190891.205657138	20958074176667	21736449915494
1789190892.218122240	20958177897013	21736521340044
1789190893.230466973	20958301532307	21736724212103
1789190894.242982257	20958472553558	21736825630852
1789190895.255921101	20958595688051	21736904916761
1789190896.269007853	20958788573715	21737168584311
1789190897.281809937	20958822473655	21737205474385
1789190898.294465960	20959039533349	21737494458479
1789190899.307545613	20959136560278	21737528854738
1789190900.320231002	20959392887667	21737563566454
1789190901.332744415	20959441871514	21737853797742
1789190902.345330555	20959476636082	21738037043461
1789190903.357797205	20959758893096	21738170967641
1789190904.370173174	20959801524890	21738264087595
1789190905.382764921	20960054246489	21738475708470
1789190906.395197189	20960088889118	21738510388425
1789190907.407639827	20960379032401	21738681115855
1789190908.420062181	20960414516806	21738855610137
1789190909.432656467	20960508644617	21739053248891
1789190910.445594011	20960699967474	21739150801664
1789190911.458482894	20960789986598	21739274753565
1789190912.471302764	20960967658528	21739438117858
1789190913.483869522	20961010693819	21739514619999
1789190914.496292704	20961306095277	21739754100891
1789190915.508812717	20961358130287	21739838326311
1789190916.521001417	20961592062483	21740059720574
1789190917.533445707	20961703227908	21740193454948
1789190918.546338487	20961739045814	21740464222744
1789190919.558909144	20962078459429	21740548691943
1789190920.571218872	20962113535510	21740713406836
1789190921.583435325	20962386810610	21740886551906
1789190922.595624093	20962454244944	21740928702661
1789190923.608084577	20962710915642	21741119191602
1789190924.620416839	20962746001443	21741226075130
1789190925.632773876	20962928536393	21741476609931
1789190926.645185670	20963071438375	21741561131939
1789190927.658412856	20963255035603	21741690222426
1789190928.672270423	20963376828460	21741876443996
1789190929.685382913	20963510188550	21741927098672
1789190930.697625562	20963654511887	21742173679346
1789190931.710747872	20963697431098	21742220240511
1789190932.723367604	20963988798630	21742449137495
1789190933.735864309	20964023477272	21742552736603
1789190934.748186992	20964128149184	21742822547958
1789190935.760801771	20964348904960	21742967032147
1789190936.773449057	20964473384346	21743090676992
1789190937.785781225	20964626142225	21743263919903
1789190938.798196716	20964667995411	21743359501561
1789190939.810474740	20964931019502	21743556009402
1789190940.823003389	20964966133376	21743593912809
1789190941.835432368	20965255037210	21743768220443
1789190942.847777471	20965290141836	21743928074478
1789190943.860185369	20965523076869	21744024526449
1789190944.873376404	20965624740733	21744272089328
1789190945.886315876	20965659343217	21744443005330
1789190946.898849671	20965952118208	21744628930624
1789190947.911477902	20965994678476	21744683868693
1789190948.923825474	20966256893826	21744871549684
1789190949.936210641	20966292633873	21744979513709
1789190950.948724567	20966463815316	21745209779729
1789190951.961472874	20966627657277	21745353736324
1789190952.974495199	20966769068077	21745488448889
1789190953.987088562	20966933356116	21745659349260
1789190954.999668881	20966972079167	21745792663317
1789190956.012059412	20967220089974	21745985606352
1789190957.024502352	20967254319495	21746019764531
1789190958.037549041	20967444882122	21746308439821
1789190959.050500293	20967598937288	21746364304222
1789190960.063173824	20967851156759	21746428348773
1789190961.075846319	20967893197510	21746708260307
1789190962.088322013	20967928572519	21746880879155
1789190963.100704531	20968180740848	21747015508284
1789190964.113115933	20968222439827	21747089175186
1789190965.125775779	20968445309794	21747349924566
1789190966.139667848	20968529757102	21747383996008
1789190967.152578768	20968706250693	21747604641604
1789190968.165144292	20968815282536	21747718740769
1789190969.177594329	20968919105243	21747817916836
1789190970.190235606	20969110732301	21748043750396
1789190971.202672906	20969179055420	21748167675513
1789190972.215045391	20969398810246	21748391048067
1789190973.228013842	20969433063856	21748429174213
1789190974.241679106	20969623834336	21748755093758
1789190975.254948816	20969808643459	21748790959044
1789190976.267627545	20970019879820	21748982544164
1789190977.280180112	20970114422528	21749126754959
1789190978.292635145	20970209426144	21749349507872
1789190979.305137805	20970410309888	21749472000762
1789190980.318466202	20970567022854	21749506983455
1789190981.331134194	20970767639323	21749809164474
1789190982.343573645	20970801894499	21749843395118
1789190983.356259452	20970966864993	21750183381117
1789190984.368307017	20971157854345	21750219271356
1789190985.380887417	20971339858451	21750401280720
1789190986.393391937	20971435024221	21750516195900
1789190987.405960898	20971619038803	21750660637036
1789190988.418320807	20971730867750	21750851516778
1789190989.430882232	20971766339406	21751025375295
1789190990.443278303	20972069307939	21751209679790
1789190991.455770395	20972111518140	21751290228196
1789190992.468308919	20972370893694	21751525231738
1789190993.481042245	20972419989547	21751560324212
1789190994.493525384	20972683376615	21751761037007
1789190995.505985154	20972775226764	21751866001420
1789190996.518332682	20972995465613	21751980350191
1789190997.530636671	20973060144427	21752200404228
1789190998.543012868	20973095353467	21752363862207
1789190999.555289274	20973308620766	21752488177868
1789191000.568056371	20973351222580	21752571422838
1789191001.581033214	20973525409568	21752862446775
1789191002.593533117	20973649258956	21752897318817
1789191003.606114867	20973785397837	21753186847788
1789191004.618841441	20973973527086	21753221584998
1789191005.631998815	20974057928373	21753432152735
1789191006.644518988	20974261247603	21753568505991
1789191007.657890414	20974303653678	21753719545688
1789191008.671671071	20974557077236	21753883995031
1789191009.684877098	20974599575722	21753926491993
1789191010.697290856	20974901855933	21754147361223
1789191011.709815244	20974937668995	21754284309248
1789191012.722180826	20975146293539	21754475838538
1789191013.734602939	20975234107370	21754590719989
1789191014.747640610	20975516604662	21754626847342
1789191015.760339416	20975570248504	21754936477356
1789191016.772568559	20975694659414	21755006984834
1789191017.785132633	20975918575468	21755264977921
1789191018.797653495	20975960312294	21755335854433
1789191019.810280973	20976233282735	21755556134374
1789191020.822777210	20976268853734	21755625046869
1789191021.835258724	20976416393518	21755915114255
1789191022.847708433	20976584927635	21755950935486
1789191023.860306491	20976689533961	21756084759804
1789191024.873005132	20976862268508	21756267776824
1789191025.885512850	20976898736835	21756303990697
1789191026.898296145	20976940773974	21756346243508
1789191027.910892624	20976980066485	21756385470243
1789191028.923951587	20977091011927	21756547846356
1789191029.936854076	20977287210585	21756722484573
1789191030.949689456	20977338498777	21756771741345
1789191031.962601430	20977397014520	21756833303541
1789191032.974998886	20977441994214	21756878586639
1789191033.987456808	20977484304673	21756921897766
1789191034.999984743	20977537707830	21756969108938
1789191036.012370303	20977586960698	21757018450709
1789191037.025039263	20977634199463	21757071785181
1789191038.037487654	20977706051315	21757141666228
1789191039.050071154	20977755368991	21757191026394
1789191040.063070222	20977804645995	21757240275191
1789191041.075615955	20977853895267	21757289530709
1789191042.088226959	20977903170450	21757338776911
1789191043.100336501	20977952761778	21757388043408
1789191044.112845207	20978002002793	21757437291258
1789191045.125246872	20978051278265	21757486974618
1789191046.137697128	20978075905144	21757511650649
1789191047.150108597	20978125214499	21757561713178
1789191048.162652622	20978176546515	21757610960111
1789191049.175149037	20978225816816	21757664307630
1789191050.187735954	20978273048479	21757709447300
1789191051.200246407	20978326536706	21757758705573
1789191052.212649983	20978373780504	21757812259825
1789191053.225165054	20978425153442	21757857458325
1789191054.237431312	20978665963779	21758091497074
1789191055.249807329	20978795929485	21758259969892
1789191056.262339342	20978845307782	21758309350472
1789191057.274610293	20978892662011	21758358710354
1789191058.287122157	20978942076795	21758408479086
1789191059.299630400	20978995561769	21758457866418
1789191060.312083047	20979065558603	21758531917029
1789191061.324452625	20979114935831	21758581288369
1789191062.336906872	20979164415165	21758630665339
1789191063.349114714	20979213818695	21758680052370
1789191064.361708743	20979263201636	21758729774619
1789191065.373993294	20979312621784	21758779153479
1789191066.386631840	20979362244906	21758829072145
1789191067.399040575	20979413714749	21758878454775
1789191068.411432048	20979461065828	21758927828316
1789191069.423880357	20979510758701	21758978265485
1789191070.436456764	20979560163654	21759026587273
1789191071.448923607	20979609537657	21759075965689
1789191072.461297980	20979658946415	21759125337477
1789191073.473836108	20979708391540	21759174712906
1789191074.486185492	20979757760376	21759224092511
1789191075.498675880	20979807164797	21759273465989
1789191076.511214297	20979856537763	21759322840413
1789191077.523904388	20979925523124	21759582794459
1789191078.536362841	20980241377013	21759741004584
1789191079.548947685	20980292566405	21759790959412
1789191080.561348204	20980364938195	21759860897854
1789191081.573835090	20980414542169	21759910512396
1789191082.586379494	20980464187532	21759960706834
1789191083.598924586	20980513838070	21760010721312
1789191084.611292661	20980563445727	21760060333190
1789191085.623729942	20980613117549	21760109957504
1789191086.636257078	20980662806582	21760159562124
1789191087.648942089	20980712447270	21760209194755
1789191088.661504830	20980762100986	21760258806313
1789191089.673946616	20980811713137	21760308863588
1789191090.686362194	20980861357841	21760358477769
1789191091.698732673	20980910968739	21760408085181
1789191092.711158810	20980960879821	21760457706590
1789191093.723699094	20981010516208	21760507321264
1789191094.736090076	20981060137803	21760557284191
1789191095.748374196	20981109790951	21760607015490
1789191096.761005792	20981159399309	21760656623362
1789191097.773593964	20981209044230	21760706234820
1789191098.785948155	20981258678871	21760755843269
1789191099.798232914	20981308294794	21760805647154
1789191100.810587680	20981357992336	21760855251578
1789191101.823001961	20981678740297	21761016364563
1789191102.835404437	20981713164540	21761230337405
1789191103.848043394	20981747112347	21761264179792
1789191104.860418298	20981780952079	21761298020744
1789191105.872654578	20981814824808	21761331858316
1789191106.885680055	20981848727568	21761366106344
1789191107.898156827	20981883537184	21761399950438
1789191108.910967736	20981927485125	21761444833300
1789191109.923409867	20981961656643	21761478906504
1789191110.935918309	20981996469276	21761512750364
1789191111.948292611	20982029455089	21761546587886
1789191112.960800207	20982074607915	21761591717910
1789191113.973253973	20982108477076	21761625626522
1789191114.985603272	20982144194404	21761659468898
1789191115.998084920	20982176189883	21761694242256
1789191117.010621920	20982280683466	21761871376536
1789191118.023066283	20982453044735	21761979974920
1789191119.035934662	20982551069047	21762185746922
1789191120.048533893	20982772939863	21762319579957
1789191121.061158804	20982889799017	21762504174596
1789191122.073764126	20983092849293	21762678986396
1789191123.086118479	20983164950741	21762853757717
1789191124.098519503	20983423147594	21763038859252
1789191125.110849755	20983466833790	21763142060426
1789191126.123213783	20983750776484	21763360462958
1789191127.135793002	20983794250951	21763457817462
1789191128.149799206	20984068633560	21763684293722
1789191129.162071074	20984124905706	21763799828421
1789191130.174516085	20984386595487	21763971830082
1789191131.186817349	20984424071889	21764108819137
1789191132.199159062	20984606121633	21764306773861
1789191133.211834934	20984721859252	21764386837029
1789191134.224959398	20984887289956	21764512653872
1789191135.237522058	20985019744505	21764694555239
1789191136.250023629	20985095094205	21764799480047
1789191137.262586024	20985357759141	21765052305349
1789191138.272943184	20985394051840	21765235174354
1789191139.285330979	20985628773210	21765333146590
1789191140.298235093	20985673992226	21765435523403
1789191141.310846992	20985955955893	21765640552392
1789191142.321937180	20985991858346	21765676522457
1789191143.332704877	20986221549073	21765987401626
1789191144.345728317	20986318795384	21766023467065
1789191145.358911930	20986560973351	21766165403522
1789191146.371539613	20986598095468	21766331995036
1789191147.384639002	20986763170796	21766501831854
1789191148.397489693	20986895985508	21766639735322
1789191149.410231429	20987011163925	21766812009091
1789191150.422859443	20987193486915	21766966849126
1789191151.435686968	20987331333065	21767003463169
1789191152.448142764	20987484053783	21767307173791
1789191153.460838445	20987527631541	21767437580492
1789191154.473188233	20987821837034	21767664557715
1789191155.485509707	20987866836066	21767707488538
1789191156.498009669	20988138491483	21767945441988
1789191157.510391939	20988175508397	21768067679340
1789191158.522892171	20988431114972	21768289089239
1789191159.535327429	20988503630968	21768425008242
1789191160.548104210	20988681243251	21768654563812
1789191161.560431621	20988801159101	21768752311029
1789191162.572858902	20988887450933	21768946614368
1789191163.586219011	20989119309735	21769070216014
1789191164.598787948	20989307191952	21769106563516
1789191165.611256785	20989449152973	21769429687443
1789191166.623686480	20989492790709	21769574695480
1789191167.636011163	20989776910584	21769782660299
1789191168.649273424	20989820404278	21769873199757
1789191169.662087841	20990030179640	21770184646042
1789191170.675297573	20990151470347	21770221253645
1789191171.688311344	20990386196248	21770383808955
1789191172.701118962	20990458931483	21770498940472
1789191173.713397707	20990653070852	21770694216550
1789191174.726064810	20990765605804	21770845040691
1789191175.738483147	20990910422455	21771005129897
1789191176.750905389	20991062707924	21771171753775
1789191177.763440630	20991231153440	21771208438995
1789191178.776654249	20991393773205	21771522506127
1789191179.789000545	20991476021241	21771592088703
1789191180.801807645	20991700767008	21771849223140
1789191181.814284455	20991744088968	21771895047975
1789191182.826745578	20991915432561	21772156728556
1789191183.839785629	20992034583238	21772192831838
1789191184.852433562	20992183096963	21772502718753
1789191185.865196544	20992390825122	21772539463316
1789191186.877682602	20992675075547	21772587221134
1789191187.889980349	20992718199524	21772915844847
1789191188.902417515	20992890664939	21773031667241
1789191189.914999090	20993046421399	21773263950084
1789191190.927513864	20993211885586	21773300770274
1789191191.940017418	20993338451927	21773565627597
1789191192.952987208	20993493227797	21773610090860
1789191193.965559118	20993667397726	21773894483633
1789191194.978030611	20993757342706	21773937920665
1789191195.991393266	20993994441868	21774145816266
1789191197.003896156	20994030608740	21774267514475
1789191198.016408365	20994262478245	21774409563581
1789191199.030080723	20994298396411	21774594471737
1789191200.042560380	20994477580101	21774835541543
1789191201.055041854	20994635528063	21774911779523
1789191202.067571637	20994686474557	21775195436339
1789191203.080064025	20994943372958	21775239320159
1789191204.092478959	20995049412563	21775399936739
1789191205.105925344	20995283195160	21775618805741
1789191206.119528539	20995343602584	21775731062023
1789191207.131948771	20995570870836	21775955933907
1789191208.144426426	20995620240315	21775998263378
1789191209.156846090	20995857250940	21776296044083
1789191210.169315616	20995962287457	21776357478474
1789191211.182585308	20996116168269	21776588924758
1789191212.195199866	20996299961089	21776704890053
1789191213.207733006	20996513409812	21776860995471
1789191214.220095978	20996648212662	21777072589879
1789191215.232509780	20996920110803	21777109527200
1789191216.245097979	20996986219544	21777410534888
1789191217.257463294	20997022580793	21777601682446
1789191218.269987793	20997266591921	21777720684796
1789191219.282502815	20997310421336	21777858280198
1789191220.295606403	20997630614348	21778058698325
1789191221.308129715	20997678446971	21778144977862
1789191222.320333323	20997943332570	21778407162498
1789191223.333197612	20997999439119	21778443308249
1789191224.345749668	20998290942925	21778626394975
1789191225.358591914	20998327096766	21778760991073
1789191226.370965579	20998519479398	21778963195689
1789191227.383450669	20998616325631	21779069872588
1789191228.396189689	20998709300555	21779314418696
1789191229.408502325	20998894855041	21779358554374
1789191230.421029519	20998959695218	21779623257694
1789191231.433660826	20999223642042	21779756334944
1789191232.446172462	20999261010369	21779957552732
1789191233.458594672	20999523062373	21780095674905
1789191234.471137763	20999609204431	21780221110854
1789191235.483413170	20999813998686	21780406086651
1789191236.495836419	20999922185923	21780449595056
1789191237.508234794	21000142470974	21780729457188
1789191238.521236832	21000186743653	21780799299171
1789191239.533715503	21000451846512	21780993218769
1789191240.546389547	21000488816521	21781100488325
1789191241.558872049	21000723436314	21781332593141
1789191242.571456024	21000786740339	21781428381726
1789191243.583990148	21001018303431	21781615623330
1789191244.596247395	21001104521911	21781755989823
1789191245.609046701	21001167322798	21782049581304
1789191246.621876683	21001433011462	21782094329365
1789191247.634295168	21001578476778	21782219748373
1789191248.646771600	21001711436715	21782382147177
1789191249.659624258	21001820125211	21782497589910
1789191250.672068504	21002012500946	21782693190422
1789191251.684557298	21002135421179	21782736733600
1789191252.696938322	21002300864079	21783011197414
1789191253.709166276	21002343784219	21783071858114
1789191254.722545490	21002589325161	21783367116880
1789191255.735110051	21002665394146	21783405089915
1789191256.747742930	21002838203187	21783676513039
1789191257.760138159	21002964581419	21783753402148
1789191258.772576792	21003166576789	21784006651253
1789191259.784991185	21003282406546	21784101201365
1789191260.797624008	21003396235694	21784295837954
1789191261.810198804	21003570741872	21784389162510
1789191262.822259871	21003686306707	21784568227830
1789191263.835335914	21003898012087	21784736329542
1789191264.847745567	21004003460094	21784847484774
1789191265.860307811	21004198391343	21785056243538
1789191266.872695642	21004240930729	21785157332771
1789191267.885047378	21004504752808	21785433178367
1789191268.897226098	21004581884218	21785469469606
1789191269.909600677	21004865780918	21785692486191
1789191270.922120038	21004910898362	21785827912700
1789191271.935100581	21005113021721	21786106266317
1789191272.947741498	21005218731257	21786155464986
1789191273.960229258	21005530584014	21786249868801
1789191274.972640065	21005567544492	21786514112478
1789191275.985258399	21005604614242	21786753075483
1789191276.998914789	21005886369142	21786862568273
1789191278.011620992	21006013096640	21787037006348
1789191279.024509926	21006176404644	21787162332167
1789191280.037353663	21006321892185	21787248684322
1789191281.050253449	21006478125829	21787493598279
1789191282.063066460	21006522242656	21787663242894
1789191283.075721357	21006796706070	21787812277247
1789191284.088164323	21006841063698	21787915871922
1789191285.100357627	21007106810957	21788121784735
1789191286.112830701	21007177468754	21788165589473
1789191287.125309170	21007394691842	21788491408293
1789191288.137619062	21007511261221	21788565797803
1789191289.149974166	21007629279670	21788816989037
1789191290.162931949	21007800026556	21788854480020
1789191291.175414230	21007963182192	21789106567719
1789191292.187842932	21008148748175	21789203111250
1789191293.200860195	21008274983473	21789319664635
1789191294.213840143	21008447814495	21789462474287
1789191295.226692033	21008563292173	21789676451092
1789191296.239191744	21008785071341	21789789971808
1789191297.252563632	21008881590228	21789963052899
1789191298.267749733	21009116092883	21790140651446
1789191299.280766938	21009248655004	21790207355085
1789191300.293389912	21009441748542	21790497932265
1789191301.305882947	21009507518624	21790571045693
1789191302.318149701	21009735507790	21790865904610
1789191303.330607051	21009849281751	21790902904879
1789191304.343286812	21010170663959	21791040732410
1789191305.355632597	21010208790953	21791272281796
1789191306.368332674	21010463223225	21791474704413
1789191307.380843420	21010537727129	21791611042990
1789191308.393610023	21010742054114	21791843316815
1789191309.406356673	21010866624751	21791949890687
1789191310.418548558	21010997840515	21792153986775
1789191311.431038769	21011164394818	21792217881850
1789191312.443481826	21011246233983	21792362910475
1789191313.455808629	21011502259332	21792516197012
1789191314.468153564	21011581743864	21792622419987
1789191315.480794478	21011813866182	21792857737810
1789191316.493357583	21011857970806	21793022289695
1789191317.505753687	21012077975402	21793215120633
1789191318.518006549	21012165725779	21793308896142
1789191319.530324607	21012343344588	21793473943433
1789191320.542761183	21012407790734	21793510749621
1789191321.555343365	21012639774429	21793770210453
1789191322.567808581	21012736983047	21793849560460
1789191323.580507876	21013008411011	21794050624098
1789191324.593337864	21013044816475	21794187464936
1789191325.605840689	21013239549928	21794328896509
1789191326.618214715	21013333566823	21794475816290
1789191327.632759945	21013410422289	21794691013811
1789191328.645227463	21013672467402	21794844376927
1789191329.657780819	21013709666820	21795064687766
1789191330.670207238	21014040659080	21795202668565
1789191331.682533764	21014074140681	21795235865333
1789191332.694963253	21014113159933	21795275351391
1789191333.708124123	21014154912456	21795317349253
1789191334.721022704	21014301004358	21795359217397
1789191335.733435244	21014547852769	21795665993884
1789191336.745802850	21014597314552	21795779217846
1789191337.758238599	21014646588632	21795828512000
1789191338.770786483	21014695839332	21795877771358
1789191339.783270061	21014745090989	21795927025467
1789191340.795607459	21014794374671	21795976273421
1789191341.808159708	21014843661894	21796025695711
1789191342.820496010	21014892941295	21796074940377
1789191343.833125433	21014942192912	21796124477283
1789191344.845565689	21014991441857	21796173724197
1789191345.858178517	21015040728701	21796222961346
1789191346.870664121	21015090010642	21796272342236
1789191347.883219621	21015139290982	21796321587269
1789191348.895657178	21015188543314	21796370835887
1789191349.908118277	21015237800299	21796420084968
1789191350.920721269	21015287077415	21796469334996
1789191351.933051762	21015336358149	21796518589632
1789191352.945657741	21015385636394	21796567831064
1789191353.957944064	21015434959774	21796617076416
1789191354.970292289	21015484205508	21796666328694
1789191355.982716681	21015533521530	21796715604302
1789191356.995230612	21015582802731	21796764848798
1789191358.007814451	21015632091210	21796814093475
1789191359.020215864	21015681338124	21796863521358
1789191360.032778847	21015803689119	21797117092021
1789191361.045266459	21016044259268	21797246704398
1789191362.057705111	21016093667801	21797296089554
1789191363.070241025	21016143085330	21797345714744
1789191364.082703029	21016192465346	21797395097706
1789191365.095204227	21016241848166	21797444720287
1789191366.107731976	21016291268646	21797494095235
1789191367.120228564	21016340681799	21797543482675
1789191368.132534619	21016392147757	21797592870650
1789191369.145017025	21016439472128	21797642747424
1789191370.157481717	21016490919189	21797696242029
1789191371.169948964	21016542380588	21797747686067
1789191372.182178795	21016612357971	21797815600008
1789191373.194598149	21016661764581	21797864993576
1789191374.207096200	21016711143555	21797914554448
1789191375.219483925	21016760519477	21797963943921
1789191376.232079570	21016809939777	21798013612456
1789191377.244626844	21016859356509	21798062995216
1789191378.257276545	21016908770207	21798112381451
1789191379.269738577	21016958152287	21798161814998
1789191380.282179589	21017007537495	21798211185997
1789191381.295199705	21017056948530	21798260560221
1789191382.307838207	21017106360807	21798309979417
1789191383.320580190	21017212619957	21798455788626
1789191384.333193124	21017490728499	21798714075759
1789191385.345616804	21017540332826	21798763693469
1789191386.358101656	21017590458602	21798813493054
1789191387.370523776	21017640104492	21798863104126
1789191388.383070500	21017669076321	21798894331214
1789191389.395456023	21017720168499	21798938021122
1789191390.408140289	21017788969236	21799012760007
1789191391.420465224	21017838607303	21799062570847
1789191392.432850326	21017888254277	21799112225335
1789191393.445326724	21017937898335	21799161837441
1789191394.457736338	21017987503677	21799211569763
1789191395.470550334	21018037115735	21799261184690
1789191396.483119590	21018086758960	21799310802100
1789191397.495425310	21018136410374	21799363039306
1789191398.507864672	21018186053531	21799410680269
1789191399.521006394	21018235658134	21799460304487
1789191400.533502025	21018285277857	21799509917400
1789191401.546124064	21018334929067	21799560033038
1789191402.558849013	21018384572025	21799609753160
1789191403.571449293	21018434221453	21799659373904
1789191404.584401993	21018483831627	21799708981039
1789191405.597194796	21018533452999	21799759314432
1789191406.609837164	21018583093378	21799808938333
1789191407.622229353	21018727521297	21799880439726
1789191408.634612012	21018910753490	21800176132462
1789191409.647008209	21018944596470	21800209988442
1789191410.659520561	21018978441336	21800243864465
1789191411.672092775	21019012317863	21800277764618
1789191412.684634659	21019046196771	21800312585588
1789191413.697429666	21019080071022	21800345534509
1789191414.710219652	21019115800241	21800382006234
1789191415.722988912	21019159041793	21800424542504
1789191416.735438125	21019193859453	21800460278167
1789191417.747979162	21019238071162	21800503647405
1789191418.760762416	21019271954107	21800537497503
1789191419.773387571	21019305801704	21800571572757
1789191420.786331996	21019339647549	21800605421564
1789191421.799189163	21019373521900	21800639274377
1789191422.811737199	21019407399559	21800673270764
1789191423.824179787	21019642611005	21800897174828
1789191424.836978066	21019749117557	21800995253848
1789191425.849316448	21020003015440	21801175903200
1789191426.861734426	21020082287019	21801328492969
1789191427.874011205	21020237659159	21801576552700
1789191428.886370106	21020376516320	21801632578637
1789191429.898987937	21020551892443	21801955653453
1789191430.911522266	21020739065440	21802034732632
1789191431.923731745	21021015797924	21802150181573
1789191432.935439787	21021071323809	21802357351844
1789191433.947810298	21021246777800	21802639187607
1789191434.961639361	21021395403349	21802681144653
1789191435.974307419	21021589253950	21802963199868
1789191436.986746609	21021697491420	21803013052053
1789191437.999008327	21021872935884	21803327245870
1789191439.011536272	21022021658328	21803366888181
1789191440.023941381	21022314922979	21803575202426
1789191441.036306205	21022361766309	21803707016180
1789191442.048614687	21022545853645	21804023743974
1789191443.060975741	21022696607488	21804070752022
1789191444.073222707	21022862622715	21804346533717
1789191445.085794518	21022988577987	21804419092407
1789191446.098517035	21023188349708	21804690399074
1789191447.111652763	21023356877964	21804737479049
1789191448.124365163	21023610169567	21805018614545
1789191449.136999175	21023656804934	21805187561778
1789191450.149429838	21023934817326	21805408582065
1789191451.161823129	21023982240267	21805575127782
1789191452.174296485	21024290005803	21805793739043
1789191453.186479834	21024436805698	21805900672635
1789191454.199027969	21024583959779	21806117019624
1789191455.211620167	21024624234069	21806361911530
1789191456.223898185	21024938735505	21806501402825
1789191457.236333401	21025051114415	21806699848445
1789191458.250127110	21025283901284	21806826738024
1789191459.262656958	21025439724691	21806925958688
1789191460.275276819	21025607711864	21807150529231
1789191461.287728015	21025708382835	21807385687409
1789191462.300133101	21025971421414	21807474693477
1789191463.312199664	21026118201979	21807712466920
1789191464.324657214	21026296915157	21807839678680
1789191465.336974775	21026521638911	21808065261040
1789191466.349357477	21026650832051	21808203478658
1789191467.361952198	21026848276734	21808378179534
1789191468.374112565	21026953912318	21808526231227
1789191469.387042326	21027193962864	21808730847116
1789191470.399759726	21027297004539	21808859436239
1789191471.412228229	21027600459359	21809034253840
1789191472.424994172	21027639704428	21809211975649
1789191473.438097321	21027834363723	21809435976282
1789191474.451250031	21027982887172	21809555736601
1789191475.463867818	21028230946982	21809819761273
1789191476.476133617	21028325703464	21809937636369
1789191477.488358483	21028550061113	21810167376411
1789191478.501248940	21028588723046	21810260295429
1789191479.513852867	21028805452854	21810534145003
1789191480.526337393	21028861937203	21810572652633
1789191481.538847873	21029066943772	21810832171479
1789191482.551270392	21029191958386	21810903706462
1789191483.563678787	21029400555189	21811156200029
1789191484.576134799	21029506466459	21811246987804
1789191485.588608620	21029624360960	21811354970950
1789191486.601339555	21029819233163	21811539956556
1789191487.613775023	21029874357987	21811727881892
1789191488.626093172	21030192622563	21811923103850
1789191489.639826025	21030300639857	21812032261949
1789191490.652309250	21030515367832	21812225991734
1789191491.664692244	21030554332762	21812422942030
1789191492.677065418	21030847895090	21812578225427
1789191493.689361450	21031005546348	21812636755673
1789191494.701808181	21031161142208	21812910996810
1789191495.714189288	21031301271513	21813019201576
1789191496.727994619	21031495045108	21813244540305
1789191497.741776256	21031671871566	21813372821583
1789191498.754064868	21031858920401	21813627988653
1789191499.766577351	21032085798357	21813726658077
1789191500.781001733	21032201687503	21814000257083
1789191501.795417222	21032379521389	21814133666474
1789191502.810319989	21032564536040	21814323527782
1789191503.823009848	21032779723728	21814451146437
1789191504.835573241	21032906374627	21814655330461
1789191505.847970323	21033073261249	21814812505611
1789191506.860295065	21033218368608	21814967454131
1789191507.872704147	21033297128236	21815213839810
1789191508.885203811	21033580974907	21815339574372
1789191509.897602448	21033683492956	21815527214956
1789191510.909988905	21033874806871	21815633408036
1789191511.922605634	21034070906536	21815751439163
1789191512.935110689	21034178257131	21815966320961
1789191513.947688039	21034349578584	21816105474847
1789191514.960136558	21034532186555	21816339877603
1789191515.972218408	21034708820856	21816533901048
1789191516.984974907	21034914180271	21816741614597
1789191517.997620782	21035079333996	21816916581919
1789191519.010143044	21035267258652	21817104827537
1789191520.022932655	21035313652497	21817188698639
1789191521.037805021	21035506324889	21817457476483
1789191522.050372846	21035686526441	21817552931273
1789191523.062885523	21035905884681	21817850555740
1789191524.075243010	21036058611880	21817945892852
1789191525.087535671	21036295045137	21818222541581
1789191526.099971864	21036489098320	21818270052594
1789191527.114093489	21036690477124	21818517380997
1789191528.127597503	21036752501783	21818653294626
1789191529.140212203	21036985459304	21818832683315
1789191530.152530179	21037152214585	21818917505262
1789191531.164832386	21037336933255	21819163760138
1789191532.177360608	21037536151019	21819202925336
1789191533.189852637	21037639811494	21819456589779
1789191534.203255119	21037679116316	21819649414633
1789191535.216232423	21037963489295	21819790050977
1789191536.229380033	21038072443649	21819948389388
1789191537.242029424	21038287858148	21820153654905
1789191538.254470108	21038403868538	21820321929329
1789191539.266809821	21038611101605	21820486709084
1789191540.279353473	21038782393453	21820585362592
1789191541.291889712	21038964449513	21820800452133
1789191542.304435629	21039063617920	21820998809475
1789191543.316763064	21039308389312	21821164519997
1789191544.329318378	21039417558228	21821389162886
1789191545.341678902	21039603009751	21821518154183
1789191546.354758552	21039720297903	21821779736099
1789191547.368212669	21039927816009	21821902019724
1789191548.381197970	21040102627300	21822138752771
1789191549.394055262	21040280967381	21822304488927
1789191550.406740985	21040563753416	21822450503465
1789191551.419134440	21040614960642	21822658263660
1789191552.431943391	21040855065308	21822834274379
1789191553.444099781	21040960153824	21823023168158
1789191554.456524222	21041115980973	21823338108138
1789191555.469096786	21041294582866	21823377305187
1789191556.481371820	21041522382140	21823612909727
1789191557.494299794	21041641510665	21823718250273
1789191558.507761439	21041922533161	21823946747060
1789191559.520212946	21041968356348	21824048753974
1789191560.532750406	21042198061208	21824298897277
1789191561.545202264	21042276704502	21824345101967
1789191562.558016263	21042559636359	21824579706466
1789191563.570446635	21042640760098	21824757379231
1789191564.583410410	21042838472457	21825022737717
1789191565.595776222	21042905436019	21825067355960
1789191566.608311660	21043141391204	21825322972932
1789191567.620744438	21043228507295	21825360688372
1789191568.633203228	21043363418971	21825653675603
1789191569.645500835	21043510449397	21825691986061
1789191570.657815064	21043755070873	21825945823994
1789191571.670701570	21043862801955	21826063898323
1789191572.683510857	21044138236530	21826277813552
1789191573.696444086	21044224056860	21826425133127
1789191574.708824655	21044467443896	21826677729621
1789191575.721329819	21044585315127	21826776678172
1789191576.733804148	21044888069357	21826932778694
1789191577.746163504	21044926710521	21827127704924
1789191578.758428699	21045209830736	21827266798580
1789191579.770651886	21045248321231	21827479201636
1789191580.783158413	21045343916348	21827738967398
1789191581.795752174	21045530143413	21827780435788
1789191582.808324261	21045615113161	21828062204697
1789191583.820896455	21045851741789	21828131630424
1789191584.833438520	21045994778998	21828415135799
1789191585.845803012	21046193673138	21828493368426
1789191586.858077474	21046348517064	21828701492899
1789191587.870539235	21046475874618	21828805063116
1789191588.882815550	21046660158992	21829004790926
1789191589.895225007	21046797971350	21829176515660
1789191590.907994834	21047070677835	21829281321453
1789191591.920383427	21047108821369	21829536782870
1789191592.932955878	21047155665826	21829798004809
1789191593.945412680	21047440664061	21829859031351
1789191594.957876555	21047479114724	21829898940915
1789191595.969636786	21047683119983	21830206704326
1789191596.982351306	21047810696886	21830268272789
1789191597.994871384	21047995614584	21830591470768
1789191599.007305858	21048143884672	21830631023519
1789191600.019673532	21048342573773	21830964670637
1789191601.032834527	21048474236038	21831010876709
1789191602.045863574	21048759659877	21831236867639
1789191603.058621534	21048798293864	21831364880239
1789191604.071084588	21049032133712	21831613081402
1789191605.083584940	21049120243462	21831676520286
1789191606.096116824	21049362132281	21831920583806
1789191607.108442491	21049442614420	21832018655705
1789191608.121115568	21049738986679	21832243082055
1789191609.133744011	21049805121381	21832390971114
1789191610.146236981	21050019660774	21832674672742
1789191611.158691826	21050116335113	21832721932003
1789191612.171563278	21050363004620	21832958674589
1789191613.184438771	21050425915283	21833054955291
1789191614.196745886	21050676679858	21833296884628
1789191615.209277818	21050748451894	21833377691736
1789191616.221713641	21051034661233	21833565029135
1789191617.234114990	21051084390186	21833760116852
1789191618.246633329	21051342617506	21834025261809
1789191619.258898107	21051397340617	21834070635386
1789191620.275004585	21051656105238	21834334767045
1789191621.287541322	21051729432383	21834404196072
1789191622.299964186	21051765403425	21834440662348
1789191623.312365556	21051807694500	21834482706605
1789191624.324771140	21051846937809	21834522075941
1789191625.337150591	21052110432518	21834680675874
1789191626.349597048	21052223283340	21834908466756
1789191627.362128210	21052272525730	21834957716255
1789191628.374555929	21052321800324	21835006964139
1789191629.386962203	21052371047761	21835056803265
1789191630.399600287	21052420369746	21835106052258
1789191631.412142359	21052469663044	21835155890748
1789191632.424409252	21052518922385	21835205358506
1789191633.437021638	21052568203966	21835254603527
1789191634.449342721	21052617446487	21835303884683
1789191635.461902381	21052666731260	21835353135580
1789191636.474993096	21052716099859	21835402384090
1789191637.487668034	21052765347784	21835451793369
1789191638.500331592	21052816688077	21835505144806
1789191639.512818940	21052865932280	21835550301890
1789191640.525234745	21052913160749	21835599547049
1789191641.537543623	21052962442271	21835648944295
1789191642.550008547	21053011693607	21835698193873
1789191643.562758444	21053060978905	21835747431927
1789191644.575725156	21053126414725	21835817275718
1789191645.588227587	21053184138427	21835871067503
1789191646.601120668	21053233423940	21835920310814
1789191647.613668965	21053282676350	21835969551895
1789191648.626788725	21053331953546	21836018796475
1789191649.639474496	21053466805338	21836312048790
1789191650.651895868	21053655165786	21836391529797
1789191651.664605091	21053704565545	21836440907643
1789191652.677242299	21053753976677	21836490689317
1789191653.689820487	21053803737450	21836540077054
1789191654.702279979	21053853122913	21836591504144
1789191655.714949605	21053904593686	21836638835825
1789191656.727380796	21053953994795	21836688209107
1789191657.739880203	21054005515916	21836738195530
1789191658.752499349	21054052999787	21836791674647
1789191659.765108531	21054102373978	21836837299092
1789191660.777628381	21054149738154	21836888722469
1789191661.790124174	21054213505351	21836954452083
1789191662.803547908	21054273238338	21837010202323
1789191663.816405583	21054300027803	21837039001140
1789191664.829302339	21054349409170	21837088373490
1789191665.841741204	21054396762739	21837133731031
1789191666.854373753	21054448256476	21837183115667
1789191667.866937171	21054497635163	21837232486588
1789191668.879588734	21054551821503	21837289127711
1789191669.892077499	21054619110844	21837356177036
1789191670.904475251	21054668516117	21837405550755
1789191671.917120689	21054718035623	21837455323097
1789191672.930152697	21054784558090	21837585865797
1789191673.943132121	21055042651492	21837770020544
1789191674.955940626	21055092341022	21837819632676
1789191675.968702336	21055142087559	21837869379871
1789191676.981145351	21055191728719	21837918995798
1789191677.993366602	21055241338939	21837968607205
1789191679.005971151	21055290985078	21838018607527
1789191680.018494354	21055321987275	21838043422965
1789191681.030953751	21055390248204	21838117828936
1789191682.043397697	21055440088705	21838167471545
1789191683.056127883	21055489695991	21838217103799
1789191684.068575674	21055539378829	21838266727272
1789191685.081114481	21055588988292	21838316336558
1789191686.093560114	21055638760813	21838366251436
1789191687.105978060	21055690464943	21838415858999
1789191688.118580201	21055738008176	21838465457080
1789191689.131490467	21055787646831	21838515058262
1789191690.144065176	21055837250912	21838564673268
1789191691.156940281	21055886902381	21838614451973
1789191692.169440737	21055936833469	21838664055351
1789191693.181914390	21055986521962	21838713671371
1789191694.194605212	21056036166330	21838763277242
1789191695.207110744	21056085778511	21838812880924
1789191696.219980745	21056135422394	21838862488169
1789191697.232530748	21056214927344	21839007838508
1789191698.244606656	21056452956278	21839170139570
1789191699.257327024	21056486970616	21839203979606
1789191700.269862111	21056520810307	21839237822540
1789191701.282226538	21056554979412	21839271661639
1789191702.294494598	21056589788659	21839305500621
1789191703.307131851	21056622694295	21839340277351
1789191704.319652592	21056657503143	21839373199790
1789191705.332212848	21056701687129	21839418316898
1789191706.344690131	21056736499802	21839454035816
1789191707.357236026	21056769430027	21839485995479
1789191708.369679072	21056804344175	21839519843556
1789191709.382076825	21056848575132	21839564962600
1789191710.395232511	21056882419650	21839598799532
1789191711.408015284	21056919189144	21839632647729
1789191712.421199585	21056959904108	21839679392741
1789191713.434110690	21057121965418	21840022335820
1789191714.446520955	21057293572299	21840059029643
1789191715.459329895	21057456950509	21840375095217
1789191716.471876789	21057593674635	21840418375491
1789191717.484834748	21057766162017	21840573368338
1789191718.497707424	21057872255493	21840686834553
1789191719.510671076	21058063912168	21840783473668
1789191720.526412611	21058200911080	21841074765666
1789191721.539298953	21058270214813	21841278140193
1789191722.551770808	21058490131532	21841384115595
1789191723.564322731	21058630331277	21841427458658
1789191724.577876243	21058808693368	21841702225040
1789191725.590662601	21058909475637	21841745751847
1789191726.603149211	21059116833871	21842002606786
1789191727.615545729	21059152928256	21842086338081
1789191728.627846929	21059355234261	21842327873316
1789191729.640305243	21059491854062	21842434645746
1789191730.652747736	21059642275656	21842765178553
1789191731.665230408	21059848700223	21842801581248
1789191732.677618213	21060033443779	21842959759972
1789191733.689960423	21060155877122	21843099027356
1789191734.702520237	21060291178628	21843257602330
1789191735.714929773	21060464088195	21843426576056
1789191736.727358932	21060499899955	21843583384105
1789191737.739731375	21060783965405	21843766324287
1789191738.752098930	21060845826079	21843809317583
1789191739.764494457	21061051899876	21844096506630
1789191740.776975720	21061175093505	21844176978205
1789191741.789393096	21061370737991	21844442034377
1789191742.801902801	21061515849328	21844478241498
1789191743.814329331	21061718209440	21844710261287
1789191744.826761514	21061824449112	21844786807116
1789191745.839135129	21061955440959	21845018632492
1789191746.851535139	21062112812130	21845124632642
1789191747.864025387	21062287484488	21845255788233
1789191748.876468869	21062410766807	21845402611583
1789191749.888933600	21062447882364	21845587403215
1789191750.901541160	21062739255685	21845740971427
1789191751.914359604	21062775070321	21845906903282
1789191752.927730193	21063109023719	21846066214628
1789191753.942353815	21063216411262	21846134732454
1789191754.954900750	21063476751953	21846404221711
1789191755.967187394	21063512811740	21846494715316
1789191756.979585576	21063774290833	21846753818780
1789191757.991900153	21063881000748	21846843127013
1789191759.004817138	21064102739447	21847065724809
1789191760.017151930	21064200431981	21847182296126
1789191761.029628358	21064393162047	21847365439028
1789191762.042985608	21064529485736	21847570619436
1789191763.055395234	21064669253217	21847765759636
1789191764.067738193	21064858821289	21847900119699
1789191765.080436834	21064975417509	21848087753972
1789191766.092769628	21065207787144	21848249053129
1789191767.105135665	21065344678623	21848395200209
1789191768.117638715	21065547593329	21848637826322
1789191769.130079650	21065653844888	21848729997945
1789191770.143667442	21065829298036	21848909640365
1789191771.156087259	21065887505524	21849053763303
1789191772.168825501	21066199119185	21849259719920
1789191773.181560202	21066243163178	21849419354307
1789191774.193956814	21066508293246	21849623496119
1789191775.206224847	21066552667201	21849735890589
1789191776.220851001	21066828579150	21849971323841
1789191777.233793346	21066865048858	21850054149917
1789191778.245953715	21067138675467	21850199154550
1789191779.258404039	21067175743617	21850325480584
1789191780.270931274	21067325592186	21850607768910
1789191781.283443980	21067495481543	21850644837709
1789191782.295756978	21067767374216	21850777340030
1789191783.308492363	21067806042174	21850975308292
1789191784.321098962	21067960032888	21851256374801
1789191785.333602997	21068156718842	21851335634924
1789191786.346107365	21068411397784	21851459690465
1789191787.358705604	21068536116255	21851695234446
1789191788.371788577	21068803888662	21851732225938
1789191789.384497474	21068895602059	21852025110382
1789191790.397910273	21068959240532	21852280244143
1789191791.410576205	21069275431036	21852395304823
1789191792.422805095	21069422692900	21852522764247
1789191793.435363482	21069627444187	21852737086214
1789191794.447859260	21069783835517	21852844306007
1789191795.460408403	21069967467097	21853057261702
1789191796.472979654	21070123675238	21853143719804
1789191797.485503271	21070327817572	21853417602655
1789191798.497920092	21070434467426	21853495489744
1789191799.510045591	21070640245394	21853739851212
1789191800.522700196	21070797961527	21853784798640
1789191801.535181907	21070968843100	21854099718564
1789191802.547728020	21071140260577	21854144260177
1789191803.560978731	21071360645020	21854432129314
1789191804.574582544	21071457368201	21854504480252
1789191805.586994292	21071750252573	21854752603855
1789191806.599512698	21071821096008	21854864813754
1789191807.612004804	21072015833641	21855170357493
1789191808.624031586	21072136173131	21855224782593
1789191809.636364423	21072338402802	21855473239545
1789191810.648926969	21072450841052	21855518447164
1789191811.661385503	21072704980405	21855705621267
1789191812.673749067	21072742663749	21855812129490
1789191813.686302960	21072957258521	21856062700324
1789191814.698812351	21073063465903	21856164069458
1789191815.711109557	21073339757570	21856352227484
1789191816.723774384	21073385761604	21856497361789
1789191817.735068488	21073577727013	21856811347561
1789191818.747635537	21073727814694	21856856475842
1789191819.760044131	21073974232235	21857091193268
1789191820.773688009	21074085845642	21857227828130
1789191821.786257028	21074366955248	21857429866716
1789191822.801631962	21074413578248	21857592409849
1789191823.814449834	21074651342788	21857840203660
1789191824.826950142	21074800722288	21857944593865
1789191825.839440926	21075055487564	21858130575876
1789191826.851982453	21075100933079	21858297937995
1789191827.864706438	21075233889774	21858436458560
1789191828.877438621	21075434258072	21858630955841
1789191829.889849629	21075583280349	21858771522587
1789191830.902280489	21075739005791	21858935610808
1789191831.914722361	21075827838208	21859091258823
1789191832.927091401	21076070895471	21859359206759
1789191833.939767121	21076132947875	21859398528595
1789191834.952113506	21076337587659	21859636374414
1789191835.964488243	21076475035715	21859770067470
1789191836.977181123	21076529501581	21860133127851
1789191837.989739354	21076828322248	21860172646043
1789191839.002203940	21077021050161	21860218902046
1789191840.015113277	21077159132022	21860533022107
1789191841.027826089	21077199292706	21860680393459
1789191842.040524587	21077523413062	21860842923813
1789191843.053253485	21077563091043	21860966798100
1789191844.065714489	21077660837522	21861260420786
1789191845.078079456	21077886386825	21861339373270
1789191846.091203007	21078183950550	21861445037985
1789191847.104111380	21078258944346	21861682203329
1789191848.116271262	21078364700520	21861728585576
1789191849.128853310	21078543844142	21861998259810
1789191850.141176513	21078590455853	21862141993579
1789191851.153620031	21078738270140	21862290585107
1789191852.165859623	21078974168641	21862505838271
1789191853.177249733	21079020878071	21862552759695
1789191854.190176633	21079239179714	21862792151026
1789191855.202923790	21079343761589	21862871146804
1789191856.215915609	21079499949169	21863142441336
1789191857.228313703	21079722770000	21863188784482
1789191858.240722106	21079895714222	21863430371215
1789191859.253209878	21080083110361	21863503461759
1789191860.265621245	21080388598467	21863730535127
1789191861.277967963	21080514016943	21863877711748
1789191862.290459605	21080743348934	21864135906841
1789191863.302923142	21080789271518	21864375152567
1789191864.315406091	21081059786822	21864637178602
1789191865.327916206	21081240847989	21864700516482
1789191866.340394219	21081469880544	21865009979601
1789191867.353489755	21081557147647	21865145134368
1789191868.365920632	21081791920182	21865353379245
1789191869.378628382	21081838601324	21865543476310
1789191870.391388895	21082123096798	21865694714659
1789191871.403817292	21082315258078	21865734012895
1789191872.416361695	21082447094827	21866048448154
1789191873.429569511	21082487195139	21866283353793
1789191874.442738631	21082811312038	21866471637004
1789191875.455311768	21082870942282	21866718615971
1789191876.468004468	21083134633384	21866864161547
1789191877.481185270	21083174402377	21867089380966
1789191878.494736756	21083487992328	21867198085114
1789191879.507681326	21083689033995	21867317051193
1789191880.520432301	21083821570891	21867570774799
1789191881.532921374	21084029570159	21867710060019
1789191882.545247665	21084134346906	21867874062851
1789191883.557597243	21084272770823	21868091086357
1789191884.570242246	21084467059669	21868216171941
1789191885.582895646	21084506630087	21868523983776
1789191886.596055629	21084809305920	21868588037461
1789191887.608646975	21084848789346	21868877795602
1789191888.621233370	21085142022012	21868940468594
1789191889.633861008	21085349490080	21869039208678
1789191890.646702613	21085504395257	21869273310402
1789191891.659221985	21085726772892	21869421894920
1789191892.671581903	21085838382391	21869626877863
1789191893.684461101	21085944773026	21869849682439
1789191894.696671830	21086181905458	21869990124968
1789191895.709800530	21086446569417	21870155840752
1789191896.724190995	21086495197027	21870323076873
1789191897.736259396	21086668959396	21870527082453
1789191898.748749598	21086846483726	21870674531129
1789191899.761326121	21086893583686	21871057116865
1789191900.774614965	21087209942448	21871097032520
1789191901.786973029	21087379482122	21871292247850
1789191902.799574959	21087522723860	21871400311592
1789191903.811872950	21087787240066	21871545806247
1789191904.824808411	21087827397411	21871734472718
1789191905.837012179	21088009589858	21872037909885
1789191906.849757645	21088160073235	21872126175608
1789191907.862537968	21088294567968	21872400233916
1789191908.876076768	21088470960043	21872456641451
1789191909.888431278	21088753978028	21872570653702
1789191910.901357134	21088791928289	21872747894105
1789191911.914071325	21089015099898	21872926417213
1789191912.926614589	21089122103697	21873078119154
1789191913.939320589	21089375946167	21873214891971
1789191914.951750231	21089472781136	21873458599041
1789191915.964281176	21089609190959	21873692342023
1789191916.976718040	21089819119054	21873824276638
1789191917.989066157	21089858353166	21873863508903
1789191919.001584448	21089897626202	21873902757694
1789191920.014237822	21089943330443	21873948610183
1789191921.026662622	21090175999656	21874113059106
1789191922.039018824	21090286259948	21874311524344
1789191923.051365982	21090335509279	21874360770489
1789191924.063775154	21090384953275	21874410030317
1789191925.076292821	21090434233300	21874459471441
1789191926.088765104	21090483489968	21874508712228
1789191927.101292978	21090532868030	21874557962518
1789191928.113812834	21090582118075	21874607210977
1789191929.126384429	21090631406512	21874656755759
1789191930.139068647	21090681022974	21874706011738
1789191931.151635204	21090730272244	21874755258994
1789191932.164176096	21090779604141	21874805198861
1789191933.176292387	21090828858141	21874854513190
1789191934.188787996	21090878143235	21874903763615
1789191935.201261815	21090927424171	21874953013709
1789191936.213669747	21090976674836	21875002258090
1789191937.226081252	21091025956881	21875051505172
1789191938.238860583	21091075210840	21875100755360
1789191939.251913240	21091124499536	21875150363623
1789191940.264624665	21091173785123	21875199613647
1789191941.277208099	21091223031917	21875248856784
1789191942.289471405	21091272349656	21875298756611
1789191943.301938974	21091346225893	21875372086920
1789191944.314319893	21091477744093	21875437257073
1789191945.326951558	21091639820183	21875794115317
1789191946.339571662	21091758577845	21875844453388
1789191947.351904212	21091807988999	21875893870404
1789191948.364343339	21091857370147	21875943233515
1789191949.376915880	21091906778828	21875992657790
1789191950.389505274	21091956190307	21876042027843
1789191951.401955513	21092005569091	21876091458428
1789191952.414287459	21092054982007	21876140835009
1789191953.426828028	21092104366756	21876190290530
1789191954.439270379	21092153780205	21876239668169
1789191955.451635233	21092203208656	21876289039180
1789191956.464142719	21092252587606	21876338454391
1789191957.476881247	21092281427710	21876369302390
1789191958.489890892	21092326769213	21876412512219
1789191959.502214906	21092400896033	21876486581502
1789191960.514131880	21092431784072	21876517253771
1789191961.526507733	21092474996084	21876562701818
1789191962.539138658	21092524401858	21876612082118
1789191963.551607126	21092575843681	21876663893663
1789191964.564219840	21092623226510	21876709155670
1789191965.576904648	21092672652311	21876758531627
1789191966.589482174	21092746721907	21876832585084
1789191967.602063136	21092796179831	21876882080919
1789191968.614327348	21092847222163	21877027580875
1789191969.626897607	21093127470548	21877233293972
1789191970.639463430	21093172446732	21877279415829
1789191971.651988421	21093219380118	21877324927234
1789191972.664808492	21093331142690	21877486454396
1789191973.677347460	21093532279475	21877697042949
1789191974.689738698	21093783421978	21877815329447
1789191975.702183740	21093870829758	21878075459941
1789191976.714717926	21093922759831	21878232909031
1789191977.727058539	21094202690253	21878506016537
1789191978.739564220	21094338287570	21878552396530
1789191979.752268526	21094541837315	21878811022364
1789191980.764915875	21094721668000	21878935766786
1789191981.777766737	21094875617925	21879284327159
1789191982.790227205	21095096915381	21879334062371
1789191983.802585838	21095362201669	21879572358584
1789191984.815029720	21095412295811	21879805654310
1789191985.827513566	21095704662691	21880047253345
1789191986.839761572	21095771900290	21880197049863
1789191987.852066111	21096044381060	21880428911997
1789191988.864488913	21096095299966	21880570460937
1789191989.877008751	21096359648981	21880791571378
1789191990.889562628	21096466421588	21880838630311
1789191991.901908035	21096668292367	21881067058818
1789191992.914281840	21096809585611	21881191542686
1789191993.926531295	21096967864372	21881499925367
1789191994.939093084	21097180528551	21881592356297
1789191995.952230764	21097486351363	21881683378152
1789191996.965662656	21097531537246	21881942979326
1789191997.978184195	21097648635022	21882052940898
1789191998.990916365	21097886232032	21882327209131
1789192000.003419127	21098019697650	21882389575396
1789192001.016031597	21098237156300	21882667376429
1789192002.028121512	21098280774653	21882741401502
1789192003.040749829	21098478022295	21882983968035
1789192004.054225129	21098641254127	21883141388639
1789192005.066778227	21098947643110	21883252361453
1789192006.080801780	21098991768278	21883501728739
1789192007.093395572	21099218147152	21883718709163
1789192008.105744751	21099331194208	21883821398338
1789192009.118078610	21099557641362	21884067584300
1789192010.130431041	21099680757390	21884210458716
1789192011.143383314	21099897643841	21884458079380
1789192012.156264737	21100007603268	21884595087641
1789192013.169398842	21100240584065	21884880842431
1789192014.181769770	21100398816446	21884978335376
1789192015.194153248	21100550859642	21885111864953
1789192016.206672897	21100721633690	21885310954809
1789192017.219115766	21100895791158	21885425954835
1789192018.233141133	21101045407073	21885654006862
1789192019.245779989	21101262719790	21885820872659
1789192020.258203137	21101417841136	21886036309041
1789192021.270799493	21101716393956	21886175805956
1789192022.283382680	21101780376359	21886428538484
1789192023.295665338	21101988649016	21886699838627
1789192024.308020473	21102135055602	21886814735101
1789192025.320513783	21102449732016	21887002300550
1789192026.333037670	21102538143011	21887176822464
1789192027.348110192	21102792311191	21887420761327
1789192028.360475580	21102932698474	21887518824319
1789192029.372815624	21103153522429	21887814450220
1789192030.385239091	21103206895934	21887966873155
1789192031.397667563	21103495192011	21888133272588
1789192032.410338839	21103689026050	21888218597974
1789192033.423833323	21103848772207	21888477011378
1789192034.436414377	21103986184588	21888640629488
1789192035.449048317	21104182449747	21888790761044
1789192036.461480454	21104292471180	21889036697406
1789192037.473951969	21104476521122	21889104526111
1789192038.486559373	21104597240668	21889403077503
1789192039.499912775	21104826759533	21889454741407
1789192040.512536691	21105011266725	21889549845222
1789192041.525086554	21105211146554	21889790146974
1789192042.537496194	21105257759466	21889836319344
1789192043.549979820	21105518053370	21890059229592
1789192044.562385347	21105626552217	21890116134688
1789192045.574748981	21105880990201	21890389445748
1789192046.587167590	21106010739831	21890552413820
1789192047.599592951	21106202811105	21890827718962
1789192048.612085428	21106297494637	21890875823640
1789192049.624537937	21106545773825	21891099666968
1789192050.636981899	21106660038763	21891248174514
1789192051.649537661	21106810111092	21891547854441
1789192052.662189277	21107030139499	21891598438574
1789192053.674675192	21107276054710	21891655007003
1789192054.687183544	21107368137387	21891956610041
1789192055.699576926	21107545782899	21892156334651
1789192056.712074291	21107724843725	21892312773337
1789192057.724248571	21107955349957	21892525015699
1789192058.736574398	21108137698102	21892635505606
1789192059.748766169	21108402219468	21892856502206
1789192060.761624702	21108454909754	21893023354697
1789192061.774566762	21108694683201	21893229756219
1789192062.786958159	21108812995298	21893434364407
1789192063.799587038	21108865950637	21893661179281
1789192064.812029560	21109185485106	21893832537626
1789192065.825100274	21109237781218	21893910240650
1789192066.837875650	21109532548818	21894075918003
1789192067.850340486	21109585737384	21894313483340
1789192068.862722454	21109859076474	21894503313226
1789192069.875141399	21109925451675	21894552614889
1789192070.887616232	21110245096621	21894743753372
1789192071.900509957	21110297831011	21894968547446
1789192072.913121455	21110590341957	21895174276211
1789192073.925568086	21110638670918	21895236518743
1789192074.937970800	21110741625395	21895546500235
1789192075.950395382	21110952144580	21895599131785
1789192076.963413120	21111206598160	21895647912912
1789192077.976274336	21111292591108	21895989118433
1789192078.988709032	21111439618997	21896042154062
1789192080.001149275	21111653910514	21896383194004
1789192081.013762354	21111726077631	21896432460715
1789192082.026464957	21111949869679	21896703634629
1789192083.038829310	21112100403889	21896826075757
1789192084.051437953	21112191695861	21897097856198
1789192085.064022446	21112501057553	21897236477506
1789192086.076517637	21112554206916	21897412693785
1789192087.089208045	21112819579521	21897660103575
1789192088.101737464	21112934732438	21897709650926
1789192089.113970764	21113246538807	21897920800113
1789192090.126270550	21113361792465	21898074682156
1789192091.139222303	21113572686584	21898357273431
1789192092.151487714	21113621965202	21898406567043
1789192093.163589471	21113844925196	21898729261743
1789192094.175924600	21114029051772	21898829558091
1789192095.189598250	21114252072518	21899076522708
1789192096.202202366	21114306911328	21899158001955
1789192097.214769045	21114482263233	21899537104209
1789192098.227658357	21114666904986	21899589660364
1789192099.240165615	21114838585878	21899837436364
1789192100.252717991	21115062611461	21899975420108
1789192101.265340581	21115163222283	21900113581826
1789192102.277934932	21115415091558	21900328148562
1789192103.290842989	21115468591919	21900473995525
1789192104.303171720	21115789284987	21900672002464
1789192105.315825743	21116012443676	21900742976577
1789192106.328193124	21116191433391	21901074654467
1789192107.340653770	21116263694720	21901208214599
1789192108.353131642	21116518720251	21901489890231
1789192109.365245801	21116598386336	21901540759726
1789192110.377921599	21116830471904	21901743433525
1789192111.390710251	21116964333032	21901926548262
1789192112.403233525	21117153626414	21902149060032
1789192113.418040979	21117375720477	21902268697449
1789192114.430563167	21117511757083	21902392558563
1789192115.443056442	21117721369644	21902624614744
1789192116.455521543	21117843552417	21902679097742
1789192117.468439383	21118013704942	21902956101029
1789192118.481319294	21118146249924	21903009642263
1789192119.494422515	21118365083992	21903282277209
1789192120.511034786	21118532568491	21903425562134
1789192121.521801486	21118588018683	21903728063291
1789192122.533984012	21118875140282	21903778039307
1789192123.546665590	21119007258517	21903887982840
1789192124.559471204	21119238822994	21904088177932
1789192125.571943061	21119287972652	21904201048045
1789192126.584425039	21119468499571	21904522249130
1789192127.596919766	21119632862492	21904575267821
1789192128.609507472	21119774848187	21904837328642
1789192129.622018562	21120021634927	21905013439392
1789192130.634729360	21120193449064	21905096507649
1789192131.647787430	21120398447787	21905427310696
1789192132.660286379	21120460806981	21905506585466
1789192133.672711805	21120697491644	21905812684017
1789192134.685161089	21120837969167	21905899119887
1789192135.697580834	21121140067561	21905978082718
1789192136.711209776	21121188901982	21906259628993
1789192137.723743889	21121340928513	21906379793956
1789192138.736337763	21121541931183	21906612949026
1789192139.748817229	21121606298336	21906665715986
1789192140.761799807	21121931505954	21906853454139
1789192141.774392574	21121984160447	21907074560322
1789192142.786669434	21122117840071	21907366340797
1789192143.799297461	21122304847259	21907415078845
1789192144.811964427	21122545087067	21907683287950
1789192145.824460732	21122686947791	21907807046869
1789192146.837523308	21122898895279	21907930163954
1789192147.850110297	21123026507551	21908156832551
1789192148.862648356	21123187103269	21908217235039
1789192149.875195073	21123358874115	21908538324297
1789192150.888060485	21123405613789	21908585508311
1789192151.900395825	21123606113838	21908833728464
1789192152.913557304	21123778684665	21908967560980
